"Label","Census Tract 9402, Allegany County, New York!!Estimate","Census Tract 9402, Allegany County, New York!!Margin of Error","Census Tract 9402, Allegany County, New York!!Percent","Census Tract 9402, Allegany County, New York!!Percent Margin of Error","Census Tract 9501, Allegany County, New York!!Estimate","Census Tract 9501, Allegany County, New York!!Margin of Error","Census Tract 9501, Allegany County, New York!!Percent","Census Tract 9501, Allegany County, New York!!Percent Margin of Error","Census Tract 9503, Allegany County, New York!!Estimate","Census Tract 9503, Allegany County, New York!!Margin of Error","Census Tract 9503, Allegany County, New York!!Percent","Census Tract 9503, Allegany County, New York!!Percent Margin of Error","Census Tract 9504, Allegany County, New York!!Estimate","Census Tract 9504, Allegany County, New York!!Margin of Error","Census Tract 9504, Allegany County, New York!!Percent","Census Tract 9504, Allegany County, New York!!Percent Margin of Error","Census Tract 9505, Allegany County, New York!!Estimate","Census Tract 9505, Allegany County, New York!!Margin of Error","Census Tract 9505, Allegany County, New York!!Percent","Census Tract 9505, Allegany County, New York!!Percent Margin of Error","Census Tract 9506, Allegany County, New York!!Estimate","Census Tract 9506, Allegany County, New York!!Margin of Error","Census Tract 9506, Allegany County, New York!!Percent","Census Tract 9506, Allegany County, New York!!Percent Margin of Error","Census Tract 9507, Allegany County, New York!!Estimate","Census Tract 9507, Allegany County, New York!!Margin of Error","Census Tract 9507, Allegany County, New York!!Percent","Census Tract 9507, Allegany County, New York!!Percent Margin of Error","Census Tract 9508, Allegany County, New York!!Estimate","Census Tract 9508, Allegany County, New York!!Margin of Error","Census Tract 9508, Allegany County, New York!!Percent","Census Tract 9508, Allegany County, New York!!Percent Margin of Error","Census Tract 9509, Allegany County, New York!!Estimate","Census Tract 9509, Allegany County, New York!!Margin of Error","Census Tract 9509, Allegany County, New York!!Percent","Census Tract 9509, Allegany County, New York!!Percent Margin of Error","Census Tract 9510, Allegany County, New York!!Estimate","Census Tract 9510, Allegany County, New York!!Margin of Error","Census Tract 9510, Allegany County, New York!!Percent","Census Tract 9510, Allegany County, New York!!Percent Margin of Error","Census Tract 9511, Allegany County, New York!!Estimate","Census Tract 9511, Allegany County, New York!!Margin of Error","Census Tract 9511, Allegany County, New York!!Percent","Census Tract 9511, Allegany County, New York!!Percent Margin of Error","Census Tract 9512, Allegany County, New York!!Estimate","Census Tract 9512, Allegany County, New York!!Margin of Error","Census Tract 9512, Allegany County, New York!!Percent","Census Tract 9512, Allegany County, New York!!Percent Margin of Error","Census Tract 9513, Allegany County, New York!!Estimate","Census Tract 9513, Allegany County, New York!!Margin of Error","Census Tract 9513, Allegany County, New York!!Percent","Census Tract 9513, Allegany County, New York!!Percent Margin of Error"
"HOUSEHOLDS BY TYPE","","","","","","","","","","","","","","","","","","","","","","","","","","","","","","","","","","","","","","","","","","","","","","","","","","","",""
"    Total households","1","±2","1","(X)","990","±60","990","(X)","1,551","±82","1,551","(X)","1,405","±88","1,405","(X)","1,607","±114","1,607","(X)","1,558","±93","1,558","(X)","1,616","±140","1,616","(X)","1,189","±170","1,189","(X)","1,667","±93","1,667","(X)","1,318","±99","1,318","(X)","1,653","±135","1,653","(X)","1,960","±113","1,960","(X)","1,433","±80","1,433","(X)"
"        Married-couple family","1","±2","100.0%","±100.0","527","±46","53.2%","±4.3","955","±83","61.6%","±4.6","747","±68","53.2%","±4.0","759","±83","47.2%","±5.6","678","±77","43.5%","±5.1","726","±92","44.9%","±6.2","562","±74","47.3%","±3.9","736","±98","44.2%","±4.9","718","±77","54.5%","±5.9","677","±118","41.0%","±6.7","972","±104","49.6%","±4.4","757","±59","52.8%","±3.3"
"            With own children of the householder under 18 years","0","±12","0.0%","±100.0","188","±26","19.0%","±2.6","426","±54","27.5%","±3.5","301","±50","21.4%","±3.1","238","±46","14.8%","±3.0","178","±54","11.4%","±3.5","260","±59","16.1%","±3.8","205","±39","17.2%","±3.2","228","±65","13.7%","±3.7","207","±60","15.7%","±4.5","220","±72","13.3%","±4.1","350","±66","17.9%","±3.1","231","±37","16.1%","±2.4"
"        Cohabiting couple household","0","±12","0.0%","±100.0","62","±25","6.3%","±2.5","98","±38","6.3%","±2.4","146","±44","10.4%","±3.0","100","±40","6.2%","±2.5","139","±50","8.9%","±3.2","153","±85","9.5%","±5.0","84","±21","7.1%","±1.8","75","±45","4.5%","±2.7","64","±35","4.9%","±2.6","130","±60","7.9%","±3.7","147","±45","7.5%","±2.3","114","±28","8.0%","±1.9"
"            With own children of the householder under 18 years","0","±12","0.0%","±100.0","14","±10","1.4%","±1.0","27","±19","1.7%","±1.2","59","±34","4.2%","±2.4","46","±30","2.9%","±1.9","76","±45","4.9%","±2.9","27","±22","1.7%","±1.3","16","±10","1.3%","±0.9","46","±34","2.8%","±2.0","44","±30","3.3%","±2.2","35","±34","2.1%","±2.0","90","±42","4.6%","±2.1","48","±23","3.3%","±1.6"
"        Male householder, no spouse/partner present","0","±12","0.0%","±100.0","223","±51","22.5%","±4.6","229","±58","14.8%","±3.7","214","±41","15.2%","±2.8","341","±86","21.2%","±4.4","288","±83","18.5%","±4.7","325","±98","20.1%","±5.3","303","±74","25.5%","±4.0","377","±80","22.6%","±4.6","193","±58","14.6%","±3.9","332","±113","20.1%","±6.4","382","±61","19.5%","±3.0","320","±50","22.3%","±3.1"
"            With own children of the householder under 18 years","0","±12","0.0%","±100.0","4","±5","0.4%","±0.5","21","±24","1.4%","±1.6","16","±11","1.1%","±0.8","28","±31","1.7%","±1.9","5","±8","0.3%","±0.5","14","±16","0.9%","±1.0","14","±10","1.2%","±0.8","35","±32","2.1%","±1.9","4","±6","0.3%","±0.5","52","±39","3.1%","±2.4","42","±31","2.1%","±1.6","6","±5","0.4%","±0.4"
"            Householder living alone","0","±12","0.0%","±100.0","172","±37","17.4%","±3.3","151","±44","9.7%","±2.9","155","±36","11.0%","±2.5","260","±75","16.2%","±4.0","203","±69","13.0%","±4.1","308","±100","19.1%","±5.4","208","±54","17.5%","±3.3","311","±72","18.7%","±4.2","120","±43","9.1%","±3.1","249","±90","15.1%","±5.1","297","±53","15.2%","±2.6","259","±47","18.1%","±3.0"
"                65 years and over","0","±12","0.0%","±100.0","64","±22","6.5%","±2.1","65","±32","4.2%","±2.1","33","±14","2.3%","±1.1","89","±38","5.5%","±2.2","49","±32","3.1%","±2.0","33","±21","2.0%","±1.3","81","±26","6.8%","±2.1","148","±67","8.9%","±4.0","55","±25","4.2%","±1.9","104","±61","6.3%","±3.6","153","±45","7.8%","±2.2","96","±33","6.7%","±2.2"
"        Female householder, no spouse/partner present","0","±12","0.0%","±100.0","178","±37","18.0%","±3.6","269","±74","17.3%","±4.6","298","±54","21.2%","±3.5","407","±95","25.3%","±5.5","453","±76","29.1%","±4.7","412","±93","25.5%","±5.1","240","±58","20.2%","±3.4","479","±84","28.7%","±5.0","343","±80","26.0%","±5.6","514","±113","31.1%","±6.1","459","±78","23.4%","±3.7","242","±45","16.9%","±3.0"
"            With own children of the householder under 18 years","0","±12","0.0%","±100.0","28","±15","2.8%","±1.5","18","±18","1.2%","±1.2","54","±28","3.8%","±1.9","102","±41","6.3%","±2.4","105","±48","6.7%","±3.1","26","±21","1.6%","±1.3","53","±27","4.5%","±2.2","69","±36","4.1%","±2.1","70","±50","5.3%","±3.8","99","±78","6.0%","±4.7","75","±38","3.8%","±1.9","46","±20","3.2%","±1.5"
"            Householder living alone","0","±12","0.0%","±100.0","104","±35","10.5%","±3.4","201","±58","13.0%","±3.6","146","±36","10.4%","±2.5","218","±70","13.6%","±4.1","285","±63","18.3%","±3.9","301","±85","18.6%","±4.7","145","±41","12.2%","±2.8","315","±82","18.9%","±4.9","176","±52","13.4%","±3.7","313","±93","18.9%","±5.1","296","±54","15.1%","±2.5","155","±40","10.8%","±2.6"
"                65 years and over","0","±12","0.0%","±100.0","67","±27","6.8%","±2.7","121","±44","7.8%","±2.8","73","±24","5.2%","±1.7","123","±57","7.7%","±3.4","157","±41","10.1%","±2.6","168","±61","10.4%","±3.6","73","±19","6.1%","±1.4","153","±62","9.2%","±3.7","150","±47","11.4%","±3.4","180","±77","10.9%","±4.3","160","±37","8.2%","±1.8","92","±31","6.4%","±2.1"
"        Households with one or more people under 18 years","0","±12","0.0%","±100.0","256","±29","25.9%","±3.0","579","±64","37.3%","±3.5","473","±64","33.7%","±3.6","491","±71","30.6%","±4.2","410","±82","26.3%","±5.1","379","±63","23.5%","±4.0","304","±51","25.6%","±3.8","439","±77","26.3%","±4.2","368","±56","27.9%","±3.9","492","±96","29.8%","±5.5","612","±82","31.2%","±3.6","373","±41","26.0%","±2.6"
"        Households with one or more people 65 years and over","0","±12","0.0%","±100.0","352","±40","35.6%","±3.7","532","±59","34.3%","±3.7","447","±49","31.8%","±3.6","569","±67","35.4%","±3.4","529","±67","34.0%","±3.8","458","±63","28.3%","±3.3","355","±48","29.9%","±2.5","613","±81","36.8%","±4.7","493","±60","37.4%","±4.1","548","±90","33.2%","±4.3","720","±60","36.7%","±2.8","529","±44","36.9%","±2.6"
"        Average household size","2.00","±1.54","(X)","(X)","2.31","±0.10","(X)","(X)","2.74","±0.13","(X)","(X)","2.66","±0.14","(X)","(X)","2.30","±0.12","(X)","(X)","2.23","±0.13","(X)","(X)","2.06","±0.13","(X)","(X)","2.24","±0.12","(X)","(X)","2.18","±0.12","(X)","(X)","2.49","±0.17","(X)","(X)","2.10","±0.13","(X)","(X)","2.39","±0.12","(X)","(X)","2.32","±0.09","(X)","(X)"
"        Average family size","2.00","±1.54","(X)","(X)","2.84","±0.14","(X)","(X)","3.23","±0.14","(X)","(X)","3.10","±0.18","(X)","(X)","2.79","±0.15","(X)","(X)","2.76","±0.12","(X)","(X)","2.73","±0.16","(X)","(X)","2.83","±0.12","(X)","(X)","2.85","±0.19","(X)","(X)","2.91","±0.20","(X)","(X)","2.63","±0.17","(X)","(X)","2.91","±0.15","(X)","(X)","2.84","±0.12","(X)","(X)"
"RELATIONSHIP","","","","","","","","","","","","","","","","","","","","","","","","","","","","","","","","","","","","","","","","","","","","","","","","","","","",""
"    Population in households","2","±3","2","(X)","2,290","±130","2,290","(X)","4,254","±260","4,254","(X)","3,743","±287","3,743","(X)","3,697","±173","3,697","(X)","3,478","±235","3,478","(X)","3,327","±273","3,327","(X)","2,659","±339","2,659","(X)","3,635","±261","3,635","(X)","3,286","±269","3,286","(X)","3,467","±309","3,467","(X)","4,683","±252","4,683","(X)","3,321","±187","3,321","(X)"
"        Householder","1","±2","50.0%","±50.0","990","±60","43.2%","±1.9","1,551","±82","36.5%","±1.7","1,405","±88","37.5%","±2.0","1,607","±114","43.5%","±2.2","1,558","±93","44.8%","±2.5","1,616","±140","48.6%","±3.1","1,189","±170","44.7%","±2.3","1,667","±93","45.9%","±2.6","1,318","±99","40.1%","±2.8","1,653","±135","47.7%","±2.9","1,960","±113","41.9%","±2.0","1,433","±80","43.1%","±1.7"
"        Spouse","1","±2","50.0%","±50.0","526","±45","23.0%","±1.7","963","±86","22.6%","±1.6","725","±70","19.4%","±1.3","771","±86","20.9%","±2.2","697","±88","20.0%","±2.2","724","±90","21.8%","±2.5","572","±70","21.5%","±1.6","742","±86","20.4%","±1.9","701","±80","21.3%","±2.5","672","±108","19.4%","±2.3","967","±94","20.6%","±2.1","743","±65","22.4%","±1.7"
"        Unmarried partner","0","±12","0.0%","±100.0","63","±26","2.8%","±1.1","97","±37","2.3%","±0.8","148","±44","4.0%","±1.1","99","±39","2.7%","±1.0","134","±47","3.9%","±1.3","149","±80","4.5%","±2.2","84","±23","3.2%","±0.8","73","±43","2.0%","±1.2","62","±37","1.9%","±1.1","131","±62","3.8%","±1.8","148","±48","3.2%","±1.0","105","±26","3.2%","±0.8"
"        Child","0","±12","0.0%","±100.0","589","±75","25.7%","±2.4","1,302","±151","30.6%","±2.5","1,214","±177","32.4%","±2.9","926","±92","25.0%","±2.2","842","±139","24.2%","±3.2","701","±127","21.1%","±3.1","592","±84","22.3%","±2.2","897","±170","24.7%","±3.6","1,003","±183","30.5%","±4.1","805","±151","23.2%","±3.3","1,311","±156","28.0%","±2.3","837","±92","25.2%","±1.9"
"        Other relatives","0","±12","0.0%","±100.0","81","±30","3.5%","±1.3","233","±85","5.5%","±1.9","182","±56","4.9%","±1.5","195","±74","5.3%","±2.0","131","±77","3.8%","±2.2","83","±45","2.5%","±1.3","59","±29","2.2%","±1.0","158","±109","4.3%","±2.9","117","±90","3.6%","±2.6","138","±100","4.0%","±2.8","194","±92","4.1%","±1.9","154","±42","4.6%","±1.2"
"        Other nonrelatives","0","±12","0.0%","±100.0","41","±21","1.8%","±0.9","108","±48","2.5%","±1.1","69","±37","1.8%","±1.0","99","±53","2.7%","±1.5","116","±48","3.3%","±1.4","54","±35","1.6%","±1.0","163","±83","6.1%","±2.8","98","±49","2.7%","±1.3","85","±43","2.6%","±1.2","68","±53","2.0%","±1.5","103","±42","2.2%","±0.9","49","±22","1.5%","±0.7"
"MARITAL STATUS","","","","","","","","","","","","","","","","","","","","","","","","","","","","","","","","","","","","","","","","","","","","","","","","","","","",""
"    Males 15 years and over","0","±12","0","(X)","1,005","±66","1,005","(X)","1,902","±142","1,902","(X)","1,507","±116","1,507","(X)","1,498","±99","1,498","(X)","1,521","±121","1,521","(X)","1,436","±143","1,436","(X)","3,186","±181","3,186","(X)","1,483","±119","1,483","(X)","1,327","±128","1,327","(X)","1,430","±147","1,430","(X)","1,892","±100","1,892","(X)","1,469","±101","1,469","(X)"
"        Never married","0","±12","-","**","236","±48","23.5%","±4.0","620","±143","32.6%","±5.9","501","±84","33.2%","±4.4","413","±84","27.6%","±4.9","467","±94","30.7%","±5.1","393","±119","27.4%","±7.1","2,420","±204","76.0%","±3.2","387","±87","26.1%","±5.0","454","±124","34.2%","±7.0","384","±100","26.9%","±6.0","508","±87","26.8%","±3.9","424","±67","28.9%","±3.6"
"        Now married, except separated","0","±12","-","**","573","±46","57.0%","±4.6","1,035","±83","54.4%","±5.2","771","±78","51.2%","±3.8","805","±81","53.7%","±5.2","735","±89","48.3%","±6.1","759","±97","52.9%","±6.3","612","±76","19.2%","±2.7","816","±94","55.0%","±5.5","743","±79","56.0%","±7.4","722","±116","50.5%","±7.3","1,016","±91","53.7%","±4.2","775","±64","52.8%","±4.1"
"        Separated","0","±12","-","**","14","±9","1.4%","±0.9","17","±12","0.9%","±0.6","7","±7","0.5%","±0.4","32","±31","2.1%","±2.1","49","±34","3.2%","±2.1","67","±39","4.7%","±2.6","21","±13","0.7%","±0.4","52","±48","3.5%","±3.2","4","±6","0.3%","±0.4","29","±25","2.0%","±1.7","69","±33","3.6%","±1.7","14","±10","1.0%","±0.7"
"        Widowed","0","±12","-","**","41","±23","4.1%","±2.2","54","±31","2.8%","±1.6","41","±14","2.7%","±1.0","80","±35","5.3%","±2.3","93","±44","6.1%","±2.8","77","±55","5.4%","±3.7","51","±20","1.6%","±0.6","73","±42","4.9%","±2.8","31","±25","2.3%","±1.8","55","±33","3.8%","±2.2","89","±25","4.7%","±1.4","85","±28","5.8%","±1.8"
"        Divorced","0","±12","-","**","141","±35","14.0%","±3.4","176","±69","9.3%","±3.6","187","±48","12.4%","±3.1","168","±50","11.2%","±3.3","177","±56","11.6%","±3.5","140","±56","9.7%","±4.0","82","±25","2.6%","±0.8","155","±56","10.5%","±3.7","95","±37","7.2%","±2.6","240","±95","16.8%","±6.4","210","±55","11.1%","±3.0","171","±44","11.6%","±2.9"
"    Females 15 years and over","2","±3","2","(X)","925","±61","925","(X)","2,115","±189","2,115","(X)","1,419","±106","1,419","(X)","1,574","±93","1,574","(X)","1,521","±121","1,521","(X)","1,488","±146","1,488","(X)","2,563","±176","2,563","(X)","1,530","±128","1,530","(X)","1,309","±111","1,309","(X)","1,635","±205","1,635","(X)","1,930","±124","1,930","(X)","1,287","±78","1,287","(X)"
"        Never married","0","±12","0.0%","±100.0","156","±29","16.9%","±2.7","820","±167","38.8%","±5.4","302","±56","21.3%","±3.1","352","±71","22.4%","±3.9","343","±83","22.6%","±4.4","398","±116","26.7%","±6.2","1,812","±202","70.7%","±4.1","329","±79","21.5%","±4.5","231","±73","17.6%","±5.1","258","±82","15.8%","±4.4","424","±85","22.0%","±3.5","241","±44","18.7%","±3.2"
"        Now married, except separated","2","±3","100.0%","±100.0","554","±52","59.9%","±4.6","990","±90","46.8%","±5.1","757","±66","53.3%","±4.1","847","±71","53.8%","±5.0","735","±93","48.3%","±5.5","712","±90","47.8%","±6.7","579","±76","22.6%","±3.5","748","±91","48.9%","±5.0","744","±80","56.8%","±5.0","698","±113","42.7%","±6.0","1,011","±88","52.4%","±4.5","789","±60","61.3%","±3.8"
"        Separated","0","±12","0.0%","±100.0","24","±16","2.6%","±1.7","11","±8","0.5%","±0.4","71","±32","5.0%","±2.2","58","±30","3.7%","±1.9","64","±41","4.2%","±2.7","40","±28","2.7%","±1.8","13","±8","0.5%","±0.3","23","±21","1.5%","±1.4","8","±8","0.6%","±0.6","41","±22","2.5%","±1.4","63","±35","3.3%","±1.8","17","±10","1.3%","±0.8"
"        Widowed","0","±12","0.0%","±100.0","108","±32","11.7%","±3.3","152","±45","7.2%","±2.0","143","±40","10.1%","±2.7","111","±39","7.1%","±2.4","144","±42","9.5%","±2.7","169","±60","11.4%","±4.1","62","±16","2.4%","±0.7","183","±51","12.0%","±3.2","172","±56","13.1%","±3.8","277","±115","16.9%","±6.0","211","±50","10.9%","±2.5","131","±35","10.2%","±2.5"
"        Divorced","0","±12","0.0%","±100.0","83","±23","9.0%","±2.5","142","±52","6.7%","±2.4","146","±44","10.3%","±3.0","206","±58","13.1%","±3.5","235","±66","15.5%","±4.5","169","±69","11.4%","±4.2","97","±26","3.8%","±1.0","247","±78","16.1%","±4.9","154","±58","11.8%","±4.6","361","±99","22.1%","±5.8","221","±53","11.5%","±2.9","109","±30","8.5%","±2.1"
"FERTILITY","","","","","","","","","","","","","","","","","","","","","","","","","","","","","","","","","","","","","","","","","","","","","","","","","","","",""
"    Number of women 15 to 50 years old who had a birth in the past 12 months","0","±12","0","(X)","14","±8","14","(X)","88","±40","88","(X)","93","±48","93","(X)","37","±25","37","(X)","59","±37","59","(X)","48","±35","48","(X)","19","±10","19","(X)","38","±32","38","(X)","55","±34","55","(X)","29","±31","29","(X)","52","±22","52","(X)","39","±22","39","(X)"
"        Unmarried women (widowed, divorced, and never married)","0","±12","-","**","4","±5","28.6%","±30.7","17","±15","19.3%","±16.4","25","±22","26.9%","±21.5","10","±10","27.0%","±27.3","32","±27","54.2%","±36.2","6","±7","12.5%","±16.5","2","±2","10.5%","±13.3","8","±13","21.1%","±32.3","28","±26","50.9%","±31.4","17","±26","58.6%","±58.6","15","±13","28.8%","±23.8","15","±16","38.5%","±26.6"
"            Per 1,000 unmarried women","-","**","(X)","(X)","24","±30","(X)","(X)","21","±19","(X)","(X)","78","±69","(X)","(X)","27","±27","(X)","(X)","76","±63","(X)","(X)","17","±20","(X)","(X)","1","±1","(X)","(X)","22","±35","(X)","(X)","100","±89","(X)","(X)","48","±69","(X)","(X)","31","±25","(X)","(X)","60","±60","(X)","(X)"
"        Per 1,000 women 15 to 50 years old","0","±1,000","(X)","(X)","33","±20","(X)","(X)","65","±29","(X)","(X)","137","±66","(X)","(X)","48","±33","(X)","(X)","77","±48","(X)","(X)","65","±48","(X)","(X)","9","±5","(X)","(X)","52","±43","(X)","(X)","93","±57","(X)","(X)","42","±45","(X)","(X)","55","±23","(X)","(X)","71","±39","(X)","(X)"
"        Per 1,000 women 15 to 19 years old","-","**","(X)","(X)","0","±452","(X)","(X)","0","±78","(X)","(X)","0","±290","(X)","(X)","0","±248","(X)","(X)","0","±250","(X)","(X)","28","±48","(X)","(X)","0","±36","(X)","(X)","0","±269","(X)","(X)","174","±204","(X)","(X)","0","±533","(X)","(X)","0","±164","(X)","(X)","0","±376","(X)","(X)"
"        Per 1,000 women 20 to 34 years old","0","±1,000","(X)","(X)","105","±63","(X)","(X)","132","±65","(X)","(X)","259","±132","(X)","(X)","135","±87","(X)","(X)","148","±89","(X)","(X)","150","±119","(X)","(X)","15","±10","(X)","(X)","167","±125","(X)","(X)","149","±114","(X)","(X)","94","±98","(X)","(X)","150","±69","(X)","(X)","143","±81","(X)","(X)"
"        Per 1,000 women 35 to 50 years old","-","**","(X)","(X)","0","±123","(X)","(X)","27","±36","(X)","(X)","53","±60","(X)","(X)","0","±82","(X)","(X)","17","±25","(X)","(X)","0","±93","(X)","(X)","20","±25","(X)","(X)","0","±78","(X)","(X)","22","±35","(X)","(X)","0","±90","(X)","(X)","9","±12","(X)","(X)","29","±38","(X)","(X)"
"GRANDPARENTS","","","","","","","","","","","","","","","","","","","","","","","","","","","","","","","","","","","","","","","","","","","","","","","","","","","",""
"    Number of grandparents living with own grandchildren under 18 years","0","±12","0","(X)","33","±18","33","(X)","106","±48","106","(X)","60","±27","60","(X)","87","±50","87","(X)","42","±27","42","(X)","32","±23","32","(X)","31","±17","31","(X)","16","±14","16","(X)","78","±58","78","(X)","62","±52","62","(X)","76","±41","76","(X)","63","±26","63","(X)"
"        Grandparents responsible for grandchildren","0","±12","-","**","11","±8","33.3%","±20.0","58","±42","54.7%","±24.1","31","±19","51.7%","±21.3","30","±31","34.5%","±25.8","20","±19","47.6%","±32.7","16","±18","50.0%","±39.3","11","±12","35.5%","±27.1","3","±5","18.8%","±31.3","52","±45","66.7%","±35.7","3","±4","4.8%","±8.0","31","±20","40.8%","±22.8","38","±21","60.3%","±19.8"
"        Years responsible for grandchildren","","","","","","","","","","","","","","","","","","","","","","","","","","","","","","","","","","","","","","","","","","","","","","","","","","","",""
"            Less than 1 year","0","±12","-","**","3","±4","9.1%","±11.7","0","±17","0.0%","±25.9","3","±4","5.0%","±6.9","20","±27","23.0%","±28.7","0","±12","0.0%","±45.8","8","±11","25.0%","±32.0","2","±3","6.5%","±8.4","0","±12","0.0%","±74.1","33","±39","42.3%","±37.5","0","±12","0.0%","±37.6","4","±5","5.3%","±6.6","0","±12","0.0%","±37.3"
"            1 or 2 years","0","±12","-","**","3","±4","9.1%","±10.5","6","±8","5.7%","±7.1","0","±12","0.0%","±38.3","0","±12","0.0%","±30.2","0","±12","0.0%","±45.8","8","±14","25.0%","±38.8","6","±10","19.4%","±25.3","3","±5","18.8%","±31.3","19","±20","24.4%","±26.9","0","±12","0.0%","±37.6","0","±12","0.0%","±33.2","13","±15","20.6%","±20.6"
"            3 or 4 years","0","±12","-","**","0","±12","0.0%","±51.6","3","±5","2.8%","±4.6","0","±12","0.0%","±38.3","0","±12","0.0%","±30.2","11","±15","26.2%","±33.6","0","±12","0.0%","±52.4","0","±17","0.0%","±53.3","0","±12","0.0%","±74.1","0","±12","0.0%","±32.7","0","±12","0.0%","±37.6","3","±4","3.9%","±5.9","10","±10","15.9%","±14.1"
"            5 or more years","0","±12","-","**","5","±5","15.2%","±18.7","49","±38","46.2%","±23.8","28","±19","46.7%","±20.8","10","±15","11.5%","±14.2","9","±13","21.4%","±27.4","0","±12","0.0%","±52.4","3","±5","9.7%","±15.7","0","±12","0.0%","±74.1","0","±12","0.0%","±32.7","3","±4","4.8%","±8.0","24","±19","31.6%","±22.9","15","±10","23.8%","±14.4"
"    Number of grandparents responsible for own grandchildren under 18 years","0","±12","0","(X)","11","±8","11","(X)","58","±42","58","(X)","31","±19","31","(X)","30","±31","30","(X)","20","±19","20","(X)","16","±18","16","(X)","11","±12","11","(X)","3","±5","3","(X)","52","±45","52","(X)","3","±4","3","(X)","31","±20","31","(X)","38","±21","38","(X)"
"        Who are female","0","±12","-","**","8","±7","72.7%","±35.7","39","±33","67.2%","±17.3","25","±15","80.6%","±15.5","21","±21","70.0%","±22.5","10","±10","50.0%","±13.9","10","±12","62.5%","±38.4","7","±7","63.6%","±32.9","0","±12","0.0%","±100.0","26","±23","50.0%","±10.6","3","±4","100.0%","±100.0","16","±15","51.6%","±26.7","18","±11","47.4%","±13.8"
"        Who are married","0","±12","-","**","8","±6","72.7%","±32.9","41","±28","70.7%","±34.7","18","±15","58.1%","±30.2","30","±31","100.0%","±54.1","19","±19","95.0%","±16.0","10","±15","62.5%","±50.3","9","±11","81.8%","±24.2","0","±12","0.0%","±100.0","52","±45","100.0%","±41.1","0","±12","0.0%","±100.0","24","±19","77.4%","±23.4","35","±20","92.1%","±11.8"
"SCHOOL ENROLLMENT","","","","","","","","","","","","","","","","","","","","","","","","","","","","","","","","","","","","","","","","","","","","","","","","","","","",""
"    Population 3 years and over enrolled in school","0","±12","0","(X)","430","±48","430","(X)","1,899","±200","1,899","(X)","783","±110","783","(X)","802","±94","802","(X)","750","±141","750","(X)","618","±121","618","(X)","4,347","±277","4,347","(X)","834","±171","834","(X)","520","±82","520","(X)","645","±115","645","(X)","1,054","±159","1,054","(X)","663","±76","663","(X)"
"        Nursery school, preschool","0","±12","-","**","39","±14","9.1%","±2.9","74","±29","3.9%","±1.6","68","±29","8.7%","±3.8","43","±23","5.4%","±3.0","53","±35","7.1%","±4.5","67","±48","10.8%","±8.1","27","±16","0.6%","±0.4","39","±28","4.7%","±3.3","27","±18","5.2%","±3.2","68","±54","10.5%","±8.3","35","±17","3.3%","±1.7","66","±22","10.0%","±3.5"
"        Kindergarten","0","±12","-","**","10","±8","2.3%","±1.9","72","±27","3.8%","±1.4","18","±11","2.3%","±1.4","71","±42","8.9%","±5.2","46","±30","6.1%","±3.5","7","±11","1.1%","±1.7","32","±12","0.7%","±0.3","20","±14","2.4%","±1.7","16","±16","3.1%","±3.0","46","±33","7.1%","±5.0","40","±21","3.8%","±2.0","27","±12","4.1%","±1.7"
"        Elementary school (grades 1-8)","0","±12","-","**","228","±37","53.0%","±5.7","613","±95","32.3%","±4.6","418","±88","53.4%","±6.7","378","±71","47.1%","±6.8","327","±96","43.6%","±9.4","228","±82","36.9%","±11.2","242","±43","5.6%","±1.1","441","±114","52.9%","±8.3","215","±65","41.3%","±10.2","286","±71","44.3%","±7.9","505","±116","47.9%","±7.4","311","±39","46.9%","±4.5"
"        High school (grades 9-12)","0","±12","-","**","108","±22","25.1%","±4.6","222","±61","11.7%","±3.2","176","±46","22.5%","±5.0","152","±47","19.0%","±5.8","192","±55","25.6%","±6.6","172","±59","27.8%","±9.8","109","±32","2.5%","±0.8","167","±58","20.0%","±5.6","138","±52","26.5%","±9.8","143","±68","22.2%","±9.1","336","±88","31.9%","±6.6","154","±40","23.2%","±4.8"
"        College or graduate school","0","±12","-","**","45","±17","10.5%","±3.6","918","±175","48.3%","±6.0","103","±34","13.2%","±4.2","158","±60","19.7%","±6.4","132","±53","17.6%","±6.4","144","±88","23.3%","±12.0","3,937","±300","90.6%","±1.7","167","±72","20.0%","±7.0","124","±47","23.8%","±8.0","102","±53","15.8%","±8.2","138","±39","13.1%","±3.1","105","±37","15.8%","±4.8"
"EDUCATIONAL ATTAINMENT","","","","","","","","","","","","","","","","","","","","","","","","","","","","","","","","","","","","","","","","","","","","","","","","","","","",""
"    Population 25 years and over","0","±12","0","(X)","1,723","±96","1,723","(X)","2,764","±189","2,764","(X)","2,385","±156","2,385","(X)","2,758","±136","2,758","(X)","2,675","±149","2,675","(X)","2,471","±180","2,471","(X)","1,848","±209","1,848","(X)","2,598","±154","2,598","(X)","2,294","±167","2,294","(X)","2,762","±254","2,762","(X)","3,301","±150","3,301","(X)","2,459","±133","2,459","(X)"
"        Less than 9th grade","0","±12","-","**","36","±20","2.1%","±1.2","178","±67","6.4%","±2.4","178","±83","7.5%","±3.3","85","±40","3.1%","±1.4","90","±34","3.4%","±1.3","12","±10","0.5%","±0.4","18","±14","1.0%","±0.7","65","±41","2.5%","±1.6","70","±44","3.1%","±1.9","39","±22","1.4%","±0.8","96","±43","2.9%","±1.3","72","±28","2.9%","±1.1"
"        9th to 12th grade, no diploma","0","±12","-","**","94","±27","5.5%","±1.6","166","±59","6.0%","±2.1","140","±49","5.9%","±2.0","156","±54","5.7%","±2.0","168","±47","6.3%","±1.8","156","±58","6.3%","±2.2","37","±13","2.0%","±0.7","104","±43","4.0%","±1.6","242","±85","10.5%","±3.5","152","±53","5.5%","±1.8","275","±67","8.3%","±2.0","141","±35","5.7%","±1.4"
"        High school graduate (includes equivalency)","0","±12","-","**","700","±80","40.6%","±3.8","922","±124","33.4%","±3.4","905","±90","37.9%","±3.2","1,070","±122","38.8%","±4.1","1,098","±127","41.0%","±3.8","854","±149","34.6%","±5.3","371","±48","20.1%","±2.7","814","±115","31.3%","±3.9","878","±114","38.3%","±4.5","1,035","±189","37.5%","±5.1","1,331","±117","40.3%","±3.2","1,034","±94","42.0%","±3.0"
"        Some college, no degree","0","±12","-","**","332","±63","19.3%","±3.5","431","±98","15.6%","±3.4","361","±59","15.1%","±2.3","630","±131","22.8%","±4.3","501","±111","18.7%","±4.0","574","±124","23.2%","±4.5","295","±55","16.0%","±2.8","574","±105","22.1%","±4.0","408","±81","17.8%","±3.3","588","±125","21.3%","±4.2","628","±75","19.0%","±2.3","480","±68","19.5%","±2.6"
"        Associate's degree","0","±12","-","**","225","±48","13.1%","±2.7","268","±68","9.7%","±2.4","354","±59","14.8%","±2.5","354","±88","12.8%","±3.2","377","±102","14.1%","±3.7","333","±83","13.5%","±3.2","276","±49","14.9%","±2.5","482","±92","18.6%","±3.4","322","±92","14.0%","±4.0","408","±102","14.8%","±3.4","479","±81","14.5%","±2.2","308","±42","12.5%","±1.7"
"        Bachelor's degree","0","±12","-","**","161","±37","9.3%","±2.0","362","±70","13.1%","±2.5","189","±49","7.9%","±2.0","201","±63","7.3%","±2.2","265","±82","9.9%","±3.0","203","±63","8.2%","±2.6","368","±82","19.9%","±3.2","361","±86","13.9%","±3.2","258","±75","11.2%","±3.2","326","±89","11.8%","±3.2","261","±58","7.9%","±1.7","234","±46","9.5%","±1.8"
"        Graduate or professional degree","0","±12","-","**","175","±41","10.2%","±2.4","437","±73","15.8%","±2.6","258","±67","10.8%","±2.8","262","±75","9.5%","±2.7","176","±58","6.6%","±2.2","339","±95","13.7%","±3.8","483","±109","26.1%","±3.8","198","±59","7.6%","±2.3","116","±45","5.1%","±1.9","214","±84","7.7%","±3.0","231","±56","7.0%","±1.7","190","±52","7.7%","±2.0"
"        High school graduate or higher","0","±12","-","**","1,593","±101","92.5%","±1.7","2,420","±185","87.6%","±2.8","2,067","±137","86.7%","±3.6","2,517","±151","91.3%","±2.5","2,417","±158","90.4%","±2.3","2,303","±171","93.2%","±2.2","1,793","±205","97.0%","±1.0","2,429","±143","93.5%","±2.3","1,982","±153","86.4%","±4.4","2,571","±247","93.1%","±2.0","2,930","±157","88.8%","±2.6","2,246","±127","91.3%","±1.8"
"        Bachelor's degree or higher","0","±12","-","**","336","±54","19.5%","±2.9","799","±97","28.9%","±3.3","447","±77","18.7%","±3.0","463","±102","16.8%","±3.7","441","±100","16.5%","±3.7","542","±116","21.9%","±4.8","851","±163","46.0%","±4.7","559","±106","21.5%","±3.9","374","±89","16.3%","±3.7","540","±114","19.6%","±4.0","492","±78","14.9%","±2.2","424","±67","17.2%","±2.5"
"VETERAN STATUS","","","","","","","","","","","","","","","","","","","","","","","","","","","","","","","","","","","","","","","","","","","","","","","","","","","",""
"    Civilian population 18 years and over","2","±3","2","(X)","1,840","±104","1,840","(X)","3,808","±200","3,808","(X)","2,729","±168","2,729","(X)","2,934","±137","2,934","(X)","2,889","±163","2,889","(X)","2,790","±225","2,790","(X)","5,631","±187","5,631","(X)","2,867","±179","2,867","(X)","2,550","±183","2,550","(X)","2,979","±261","2,979","(X)","3,582","±160","3,582","(X)","2,634","±142","2,634","(X)"
"        Civilian veterans","0","±12","0.0%","±100.0","193","±40","10.5%","±2.0","261","±59","6.9%","±1.5","244","±43","8.9%","±1.6","391","±86","13.3%","±2.8","423","±90","14.6%","±2.9","247","±81","8.9%","±2.8","178","±32","3.2%","±0.6","277","±68","9.7%","±2.4","177","±44","6.9%","±1.7","302","±94","10.1%","±2.9","462","±75","12.9%","±2.2","299","±41","11.4%","±1.6"
"DISABILITY STATUS OF THE CIVILIAN NONINSTITUTIONALIZED POPULATION","","","","","","","","","","","","","","","","","","","","","","","","","","","","","","","","","","","","","","","","","","","","","","","","","","","",""
"    Total Civilian Noninstitutionalized Population","2","±3","2","(X)","2,290","±130","2,290","(X)","5,053","±283","5,053","(X)","3,740","±287","3,740","(X)","3,703","±173","3,703","(X)","3,498","±234","3,498","(X)","3,353","±276","3,353","(X)","6,156","±200","6,156","(X)","3,656","±261","3,656","(X)","3,286","±269","3,286","(X)","3,480","±306","3,480","(X)","4,683","±252","4,683","(X)","3,321","±187","3,321","(X)"
"        With a disability","1","±2","50.0%","±50.0","390","±59","17.0%","±2.5","642","±113","12.7%","±2.1","637","±88","17.0%","±2.5","651","±96","17.6%","±2.6","840","±125","24.0%","±3.3","524","±123","15.6%","±3.4","425","±80","6.9%","±1.3","549","±97","15.0%","±2.8","516","±123","15.7%","±3.6","808","±171","23.2%","±4.8","843","±118","18.0%","±2.5","593","±84","17.9%","±2.2"
"    Under 18 years","0","±12","0","(X)","450","±54","450","(X)","1,326","±153","1,326","(X)","1,011","±168","1,011","(X)","824","±86","824","(X)","759","±131","759","(X)","563","±96","563","(X)","525","±71","525","(X)","789","±149","789","(X)","736","±169","736","(X)","670","±138","670","(X)","1,101","±152","1,101","(X)","687","±79","687","(X)"
"        With a disability","0","±12","-","**","15","±11","3.3%","±2.5","65","±31","4.9%","±2.3","109","±47","10.8%","±4.7","53","±27","6.4%","±3.3","53","±33","7.0%","±4.1","39","±26","6.9%","±4.5","44","±30","8.4%","±5.2","36","±24","4.6%","±3.1","6","±9","0.8%","±1.2","98","±87","14.6%","±12.6","107","±69","9.7%","±5.9","24","±10","3.5%","±1.4"
"    18 to 64 years","2","±3","2","(X)","1,374","±92","1,374","(X)","3,001","±193","3,001","(X)","2,104","±165","2,104","(X)","2,063","±118","2,063","(X)","2,028","±144","2,028","(X)","2,184","±205","2,184","(X)","5,147","±203","5,147","(X)","2,047","±188","2,047","(X)","1,906","±159","1,906","(X)","2,074","±178","2,074","(X)","2,625","±154","2,625","(X)","1,887","±119","1,887","(X)"
"        With a disability","1","±2","50.0%","±50.0","199","±40","14.5%","±3.0","322","±80","10.7%","±2.5","325","±61","15.4%","±2.8","309","±68","15.0%","±3.1","446","±94","22.0%","±4.5","301","±94","13.8%","±4.1","248","±66","4.8%","±1.3","267","±73","13.0%","±3.3","275","±89","14.4%","±4.4","397","±114","19.1%","±5.2","347","±60","13.2%","±2.3","276","±63","14.6%","±3.0"
"    65 years and over","0","±12","0","(X)","466","±50","466","(X)","726","±84","726","(X)","625","±67","625","(X)","816","±70","816","(X)","711","±81","711","(X)","606","±78","606","(X)","484","±64","484","(X)","820","±78","820","(X)","644","±68","644","(X)","736","±110","736","(X)","957","±85","957","(X)","747","±66","747","(X)"
"        With a disability","0","±12","-","**","176","±40","37.8%","±7.6","255","±61","35.1%","±7.2","203","±44","32.5%","±6.3","289","±65","35.4%","±7.2","341","±67","48.0%","±6.4","184","±59","30.4%","±7.8","133","±28","27.5%","±6.4","246","±63","30.0%","±7.5","235","±63","36.5%","±8.4","313","±98","42.5%","±10.2","389","±74","40.6%","±6.1","293","±46","39.2%","±4.9"
"RESIDENCE 1 YEAR AGO","","","","","","","","","","","","","","","","","","","","","","","","","","","","","","","","","","","","","","","","","","","","","","","","","","","",""
"    Population 1 year and over","2","±3","2","(X)","2,277","±129","2,277","(X)","5,069","±282","5,069","(X)","3,659","±268","3,659","(X)","3,728","±160","3,728","(X)","3,598","±228","3,598","(X)","3,329","±274","3,329","(X)","6,149","±199","6,149","(X)","3,625","±257","3,625","(X)","3,246","±259","3,246","(X)","3,639","±335","3,639","(X)","4,643","±252","4,643","(X)","3,288","±183","3,288","(X)"
"        Same house","2","±3","100.0%","±100.0","2,120","±126","93.1%","±2.6","4,548","±292","89.7%","±2.6","3,327","±271","90.9%","±3.0","3,332","±175","89.4%","±3.8","3,125","±232","86.9%","±3.3","2,938","±268","88.3%","±3.9","4,418","±247","71.8%","±3.4","3,148","±290","86.8%","±5.3","3,007","±277","92.6%","±4.0","3,243","±315","89.1%","±3.2","4,292","±253","92.4%","±2.9","3,099","±180","94.3%","±1.7"
"        Different house in the U.S.","0","±12","0.0%","±100.0","135","±55","5.9%","±2.3","503","±133","9.9%","±2.6","332","±112","9.1%","±3.0","396","±146","10.6%","±3.8","468","±121","13.0%","±3.3","388","±138","11.7%","±3.9","1,690","±220","27.5%","±3.4","466","±195","12.9%","±5.3","239","±132","7.4%","±4.0","386","±125","10.6%","±3.2","338","±140","7.3%","±2.9","188","±57","5.7%","±1.7"
"            Same county","0","±12","0.0%","±100.0","43","±28","1.9%","±1.2","153","±73","3.0%","±1.4","256","±101","7.0%","±2.7","303","±136","8.1%","±3.6","348","±104","9.7%","±2.8","355","±139","10.7%","±4.0","266","±90","4.3%","±1.4","283","±159","7.8%","±4.3","214","±131","6.6%","±4.0","289","±111","7.9%","±3.0","189","±104","4.1%","±2.2","125","±52","3.8%","±1.5"
"            Different county","0","±12","0.0%","±100.0","92","±46","4.0%","±2.0","350","±116","6.9%","±2.3","76","±41","2.1%","±1.1","93","±50","2.5%","±1.3","120","±55","3.3%","±1.5","33","±23","1.0%","±0.7","1,424","±205","23.2%","±3.2","183","±83","5.0%","±2.3","25","±24","0.8%","±0.7","97","±69","2.7%","±1.8","149","±92","3.2%","±2.0","63","±24","1.9%","±0.7"
"                Same state","0","±12","0.0%","±100.0","72","±42","3.2%","±1.9","226","±75","4.5%","±1.5","55","±39","1.5%","±1.1","70","±48","1.9%","±1.3","93","±49","2.6%","±1.3","33","±23","1.0%","±0.7","1,161","±192","18.9%","±3.1","141","±78","3.9%","±2.2","7","±9","0.2%","±0.3","51","±42","1.4%","±1.1","122","±92","2.6%","±2.0","53","±20","1.6%","±0.6"
"                Different state","0","±12","0.0%","±100.0","20","±17","0.9%","±0.7","124","±60","2.4%","±1.2","21","±14","0.6%","±0.4","23","±18","0.6%","±0.5","27","±23","0.8%","±0.6","0","±12","0.0%","±1.0","263","±75","4.3%","±1.2","42","±25","1.2%","±0.7","18","±22","0.6%","±0.7","46","±53","1.3%","±1.4","27","±22","0.6%","±0.5","10","±11","0.3%","±0.3"
"        Abroad","0","±12","0.0%","±100.0","22","±23","1.0%","±1.0","18","±20","0.4%","±0.4","0","±12","0.0%","±0.9","0","±12","0.0%","±0.9","5","±7","0.1%","±0.2","3","±5","0.1%","±0.1","41","±30","0.7%","±0.5","11","±17","0.3%","±0.5","0","±12","0.0%","±1.0","10","±14","0.3%","±0.4","13","±14","0.3%","±0.3","1","±3","0.0%","±0.1"
"PLACE OF BIRTH","","","","","","","","","","","","","","","","","","","","","","","","","","","","","","","","","","","","","","","","","","","","","","","","","","","",""
"    Total population","2","±3","2","(X)","2,290","±130","2,290","(X)","5,134","±292","5,134","(X)","3,743","±287","3,743","(X)","3,758","±160","3,758","(X)","3,648","±232","3,648","(X)","3,353","±276","3,353","(X)","6,159","±200","6,159","(X)","3,662","±260","3,662","(X)","3,286","±269","3,286","(X)","3,649","±338","3,649","(X)","4,683","±252","4,683","(X)","3,321","±187","3,321","(X)"
"        Native","2","±3","100.0%","±100.0","2,245","±127","98.0%","±1.2","4,961","±283","96.6%","±0.9","3,719","±286","99.4%","±0.5","3,711","±159","98.7%","±0.6","3,550","±237","97.3%","±2.0","3,284","±272","97.9%","±1.3","5,694","±222","92.5%","±1.7","3,584","±266","97.9%","±1.5","3,273","±268","99.6%","±0.3","3,628","±333","99.4%","±0.5","4,610","±260","98.4%","±1.1","3,267","±183","98.4%","±0.9"
"            Born in United States","2","±3","100.0%","±100.0","2,228","±126","97.3%","±1.4","4,901","±285","95.5%","±1.1","3,716","±287","99.3%","±0.5","3,697","±159","98.4%","±0.7","3,528","±240","96.7%","±2.1","3,247","±275","96.8%","±1.4","5,631","±217","91.4%","±1.7","3,580","±266","97.8%","±1.5","3,260","±268","99.2%","±0.5","3,608","±328","98.9%","±0.8","4,603","±260","98.3%","±1.1","3,246","±184","97.7%","±1.0"
"                State of residence","2","±3","100.0%","±100.0","1,968","±129","85.9%","±2.7","3,969","±260","77.3%","±2.6","3,271","±257","87.4%","±1.9","3,143","±191","83.6%","±3.0","3,101","±245","85.0%","±2.8","2,771","±296","82.6%","±4.5","4,512","±241","73.3%","±3.0","2,966","±223","81.0%","±3.5","2,827","±258","86.0%","±2.9","3,007","±290","82.4%","±3.6","3,923","±248","83.8%","±2.0","2,862","±172","86.2%","±1.9"
"                Different state","0","±12","0.0%","±100.0","260","±57","11.4%","±2.4","932","±130","18.2%","±2.3","445","±81","11.9%","±1.9","554","±115","14.7%","±3.1","427","±77","11.7%","±2.2","476","±142","14.2%","±4.3","1,119","±166","18.2%","±2.6","614","±135","16.8%","±3.2","433","±99","13.2%","±2.9","601","±149","16.5%","±3.6","680","±91","14.5%","±1.9","384","±58","11.6%","±1.6"
"            Born in Puerto Rico, U.S. Island areas, or born abroad to American parent(s)","0","±12","0.0%","±100.0","17","±13","0.7%","±0.5","60","±29","1.2%","±0.6","3","±4","0.1%","±0.1","14","±11","0.4%","±0.3","22","±24","0.6%","±0.7","37","±30","1.1%","±0.9","63","±40","1.0%","±0.6","4","±6","0.1%","±0.2","13","±15","0.4%","±0.5","20","±22","0.5%","±0.6","7","±7","0.1%","±0.1","21","±14","0.6%","±0.4"
"        Foreign born","0","±12","0.0%","±100.0","45","±28","2.0%","±1.2","173","±48","3.4%","±0.9","24","±19","0.6%","±0.5","47","±23","1.3%","±0.6","98","±73","2.7%","±2.0","69","±43","2.1%","±1.3","465","±104","7.5%","±1.7","78","±55","2.1%","±1.5","13","±9","0.4%","±0.3","21","±18","0.6%","±0.5","73","±50","1.6%","±1.1","54","±30","1.6%","±0.9"
"U.S. CITIZENSHIP STATUS","","","","","","","","","","","","","","","","","","","","","","","","","","","","","","","","","","","","","","","","","","","","","","","","","","","",""
"    Foreign-born population","0","±12","0","(X)","45","±28","45","(X)","173","±48","173","(X)","24","±19","24","(X)","47","±23","47","(X)","98","±73","98","(X)","69","±43","69","(X)","465","±104","465","(X)","78","±55","78","(X)","13","±9","13","(X)","21","±18","21","(X)","73","±50","73","(X)","54","±30","54","(X)"
"        Naturalized U.S. citizen","0","±12","-","**","19","±11","42.2%","±24.1","31","±16","17.9%","±9.7","22","±18","91.7%","±15.2","41","±22","87.2%","±15.8","60","±49","61.2%","±26.1","55","±39","79.7%","±26.6","169","±58","36.3%","±11.4","33","±24","42.3%","±32.1","13","±9","100.0%","±82.2","11","±11","52.4%","±46.2","44","±39","60.3%","±25.1","25","±16","46.3%","±18.7"
"        Not a U.S. citizen","0","±12","-","**","26","±24","57.8%","±24.1","142","±48","82.1%","±9.7","2","±3","8.3%","±15.2","6","±8","12.8%","±15.8","38","±37","38.8%","±26.1","14","±20","20.3%","±26.6","296","±93","63.7%","±11.4","45","±46","57.7%","±32.1","0","±12","0.0%","±82.3","10","±14","47.6%","±46.2","29","±23","39.7%","±25.1","29","±21","53.7%","±18.7"
"YEAR OF ENTRY","","","","","","","","","","","","","","","","","","","","","","","","","","","","","","","","","","","","","","","","","","","","","","","","","","","",""
"    Population born outside the United States","0","±12","0","(X)","62","±32","62","(X)","233","±59","233","(X)","27","±20","27","(X)","61","±25","61","(X)","120","±78","120","(X)","106","±48","106","(X)","528","±108","528","(X)","82","±56","82","(X)","26","±18","26","(X)","41","±29","41","(X)","80","±50","80","(X)","75","±33","75","(X)"
"        Native","0","±12","0","(X)","17","±13","17","(X)","60","±29","60","(X)","3","±4","3","(X)","14","±11","14","(X)","22","±24","22","(X)","37","±30","37","(X)","63","±40","63","(X)","4","±6","4","(X)","13","±15","13","(X)","20","±22","20","(X)","7","±7","7","(X)","21","±14","21","(X)"
"            Entered 2010 or later","0","±12","-","**","0","±12","0.0%","±71.9","3","±4","5.0%","±7.1","0","±12","0.0%","±100.0","0","±12","0.0%","±79.3","0","±12","0.0%","±63.2","0","±12","0.0%","±48.8","0","±17","0.0%","±37.3","0","±12","0.0%","±100.0","0","±12","0.0%","±82.3","0","±12","0.0%","±66.3","0","±12","0.0%","±100.0","0","±12","0.0%","±64.7"
"            Entered before 2010","0","±12","-","**","17","±13","100.0%","±71.9","57","±29","95.0%","±7.1","3","±4","100.0%","±100.0","14","±11","100.0%","±79.3","22","±24","100.0%","±63.2","37","±30","100.0%","±48.8","63","±40","100.0%","±37.3","4","±6","100.0%","±100.0","13","±15","100.0%","±82.2","20","±22","100.0%","±66.3","7","±7","100.0%","±100.0","21","±14","100.0%","±64.7"
"        Foreign born","0","±12","0","(X)","45","±28","45","(X)","173","±48","173","(X)","24","±19","24","(X)","47","±23","47","(X)","98","±73","98","(X)","69","±43","69","(X)","465","±104","465","(X)","78","±55","78","(X)","13","±9","13","(X)","21","±18","21","(X)","73","±50","73","(X)","54","±30","54","(X)"
"            Entered 2010 or later","0","±12","-","**","22","±23","48.9%","±29.0","99","±42","57.2%","±14.9","0","±12","0.0%","±60.5","5","±7","10.6%","±13.8","43","±41","43.9%","±25.8","0","±12","0.0%","±35.4","214","±76","46.0%","±10.6","20","±20","25.6%","±17.6","0","±12","0.0%","±82.3","10","±14","47.6%","±46.2","20","±21","27.4%","±23.2","14","±16","25.9%","±18.2"
"            Entered before 2010","0","±12","-","**","23","±12","51.1%","±29.0","74","±30","42.8%","±14.9","24","±19","100.0%","±60.5","42","±22","89.4%","±13.8","55","±46","56.1%","±25.8","69","±43","100.0%","±35.4","251","±63","54.0%","±10.6","58","±41","74.4%","±17.6","13","±9","100.0%","±82.2","11","±11","52.4%","±46.2","53","±42","72.6%","±23.2","40","±18","74.1%","±18.2"
"WORLD REGION OF BIRTH OF FOREIGN BORN","","","","","","","","","","","","","","","","","","","","","","","","","","","","","","","","","","","","","","","","","","","","","","","","","","","",""
"    Foreign-born population, excluding population born at sea","0","±12","0","(X)","45","±28","45","(X)","173","±48","173","(X)","24","±19","24","(X)","47","±23","47","(X)","98","±73","98","(X)","69","±43","69","(X)","465","±104","465","(X)","78","±55","78","(X)","13","±9","13","(X)","21","±18","21","(X)","73","±50","73","(X)","54","±30","54","(X)"
"        Europe","0","±12","-","**","18","±23","40.0%","±32.3","21","±12","12.1%","±7.4","5","±7","20.8%","±33.4","42","±24","89.4%","±20.1","0","±12","0.0%","±27.6","5","±7","7.2%","±9.9","56","±25","12.0%","±5.8","44","±43","56.4%","±39.3","5","±6","38.5%","±43.3","21","±18","100.0%","±64.7","22","±16","30.1%","±22.7","17","±10","31.5%","±21.0"
"        Asia","0","±12","-","**","13","±10","28.9%","±22.6","112","±43","64.7%","±13.5","16","±17","66.7%","±40.5","0","±12","0.0%","±43.3","42","±41","42.9%","±39.7","46","±39","66.7%","±28.3","277","±69","59.6%","±11.1","8","±14","10.3%","±18.6","5","±7","38.5%","±42.3","0","±12","0.0%","±64.7","35","±40","47.9%","±31.5","31","±29","57.4%","±24.6"
"        Africa","0","±12","-","**","0","±12","0.0%","±44.2","13","±15","7.5%","±8.5","0","±12","0.0%","±60.5","0","±12","0.0%","±43.3","37","±56","37.8%","±43.9","0","±12","0.0%","±35.4","64","±60","13.8%","±11.8","0","±12","0.0%","±32.7","0","±12","0.0%","±82.3","0","±12","0.0%","±64.7","0","±12","0.0%","±34.1","3","±6","5.6%","±12.7"
"        Oceania","0","±12","-","**","0","±12","0.0%","±44.2","0","±17","0.0%","±17.0","0","±12","0.0%","±60.5","0","±12","0.0%","±43.3","0","±12","0.0%","±27.6","0","±12","0.0%","±35.4","3","±4","0.6%","±0.8","0","±12","0.0%","±32.7","0","±12","0.0%","±82.3","0","±12","0.0%","±64.7","0","±12","0.0%","±34.1","0","±12","0.0%","±40.4"
"        Latin America","0","±12","-","**","0","±12","0.0%","±44.2","2","±4","1.2%","±2.5","1","±2","4.2%","±11.0","5","±9","10.6%","±20.1","19","±23","19.4%","±27.6","9","±11","13.0%","±17.0","20","±19","4.3%","±4.0","26","±36","33.3%","±39.5","0","±12","0.0%","±82.3","0","±12","0.0%","±64.7","0","±12","0.0%","±34.1","3","±4","5.6%","±8.4"
"        Northern America","0","±12","-","**","14","±10","31.1%","±22.9","25","±15","14.5%","±8.6","2","±3","8.3%","±15.2","0","±12","0.0%","±43.3","0","±12","0.0%","±27.6","9","±13","13.0%","±17.9","45","±34","9.7%","±7.1","0","±12","0.0%","±32.7","3","±4","23.1%","±34.2","0","±12","0.0%","±64.7","16","±18","21.9%","±24.5","0","±12","0.0%","±40.4"
"LANGUAGE SPOKEN AT HOME","","","","","","","","","","","","","","","","","","","","","","","","","","","","","","","","","","","","","","","","","","","","","","","","","","","",""
"    Population 5 years and over","2","±3","2","(X)","2,196","±121","2,196","(X)","4,780","±259","4,780","(X)","3,416","±239","3,416","(X)","3,563","±159","3,563","(X)","3,455","±219","3,455","(X)","3,167","±265","3,167","(X)","6,061","±196","6,061","(X)","3,517","±253","3,517","(X)","3,020","±231","3,020","(X)","3,508","±310","3,508","(X)","4,448","±237","4,448","(X)","3,147","±176","3,147","(X)"
"        English only","2","±3","100.0%","±100.0","2,139","±119","97.4%","±1.1","4,347","±256","90.9%","±2.6","3,013","±182","88.2%","±5.4","3,463","±158","97.2%","±1.3","3,383","±222","97.9%","±1.4","3,139","±259","99.1%","±0.7","5,544","±216","91.5%","±1.7","3,347","±264","95.2%","±3.7","2,861","±220","94.7%","±5.4","3,447","±307","98.3%","±1.2","4,394","±234","98.8%","±0.7","3,038","±173","96.5%","±1.7"
"        Language other than English","0","±12","0.0%","±100.0","57","±24","2.6%","±1.1","433","±128","9.1%","±2.6","403","±200","11.8%","±5.4","100","±46","2.8%","±1.3","72","±48","2.1%","±1.4","28","±23","0.9%","±0.7","517","±105","8.5%","±1.7","170","±131","4.8%","±3.7","159","±168","5.3%","±5.4","61","±42","1.7%","±1.2","54","±33","1.2%","±0.7","109","±55","3.5%","±1.7"
"            Speak English less than ""very well""","0","±12","0.0%","±100.0","27","±24","1.2%","±1.1","207","±82","4.3%","±1.7","107","±62","3.1%","±1.8","9","±9","0.3%","±0.3","23","±30","0.7%","±0.8","3","±7","0.1%","±0.2","91","±46","1.5%","±0.8","17","±16","0.5%","±0.5","36","±30","1.2%","±1.0","13","±16","0.4%","±0.4","19","±20","0.4%","±0.5","62","±40","2.0%","±1.3"
"        Spanish","0","±12","0.0%","±100.0","8","±7","0.4%","±0.3","44","±22","0.9%","±0.4","10","±9","0.3%","±0.3","34","±30","1.0%","±0.9","21","±22","0.6%","±0.6","9","±14","0.3%","±0.4","184","±63","3.0%","±1.0","34","±27","1.0%","±0.8","10","±13","0.3%","±0.4","34","±34","1.0%","±1.0","40","±33","0.9%","±0.7","5","±6","0.2%","±0.2"
"            Speak English less than ""very well""","0","±12","0.0%","±100.0","2","±3","0.1%","±0.2","0","±17","0.0%","±0.7","0","±12","0.0%","±0.9","5","±7","0.1%","±0.2","0","±12","0.0%","±0.9","0","±12","0.0%","±1.0","1","±3","0.0%","±0.1","0","±12","0.0%","±0.9","8","±12","0.3%","±0.4","10","±14","0.3%","±0.4","17","±20","0.4%","±0.5","1","±3","0.0%","±0.1"
"        Other Indo-European languages","0","±12","0.0%","±100.0","32","±20","1.5%","±0.9","279","±116","5.8%","±2.4","393","±201","11.5%","±5.4","66","±38","1.9%","±1.1","9","±16","0.3%","±0.5","9","±12","0.3%","±0.4","131","±60","2.2%","±1.0","133","±132","3.8%","±3.7","135","±172","4.5%","±5.6","23","±21","0.7%","±0.6","14","±12","0.3%","±0.3","63","±39","2.0%","±1.2"
"            Speak English less than ""very well""","0","±12","0.0%","±100.0","18","±23","0.8%","±1.0","168","±80","3.5%","±1.7","107","±62","3.1%","±1.8","4","±6","0.1%","±0.2","0","±12","0.0%","±0.9","3","±7","0.1%","±0.2","25","±20","0.4%","±0.3","17","±16","0.5%","±0.5","28","±34","0.9%","±1.1","3","±6","0.1%","±0.2","2","±4","0.0%","±0.1","37","±28","1.2%","±0.9"
"        Asian and Pacific Islander languages","0","±12","0.0%","±100.0","13","±10","0.6%","±0.4","104","±48","2.2%","±1.0","0","±12","0.0%","±0.9","0","±12","0.0%","±0.9","23","±30","0.7%","±0.8","0","±12","0.0%","±1.0","187","±62","3.1%","±1.0","0","±12","0.0%","±0.9","14","±20","0.5%","±0.6","0","±12","0.0%","±0.9","0","±12","0.0%","±0.7","33","±30","1.0%","±0.9"
"            Speak English less than ""very well""","0","±12","0.0%","±100.0","5","±6","0.2%","±0.3","39","±30","0.8%","±0.6","0","±12","0.0%","±0.9","0","±12","0.0%","±0.9","23","±30","0.7%","±0.8","0","±12","0.0%","±1.0","65","±42","1.1%","±0.7","0","±12","0.0%","±0.9","0","±12","0.0%","±1.1","0","±12","0.0%","±0.9","0","±12","0.0%","±0.7","24","±27","0.8%","±0.9"
"        Other languages","0","±12","0.0%","±100.0","4","±5","0.2%","±0.2","6","±12","0.1%","±0.2","0","±12","0.0%","±0.9","0","±12","0.0%","±0.9","19","±28","0.5%","±0.8","10","±14","0.3%","±0.4","15","±13","0.2%","±0.2","3","±6","0.1%","±0.2","0","±12","0.0%","±1.1","4","±6","0.1%","±0.2","0","±12","0.0%","±0.7","8","±10","0.3%","±0.3"
"            Speak English less than ""very well""","0","±12","0.0%","±100.0","2","±2","0.1%","±0.1","0","±17","0.0%","±0.7","0","±12","0.0%","±0.9","0","±12","0.0%","±0.9","0","±12","0.0%","±0.9","0","±12","0.0%","±1.0","0","±17","0.0%","±0.5","0","±12","0.0%","±0.9","0","±12","0.0%","±1.1","0","±12","0.0%","±0.9","0","±12","0.0%","±0.7","0","±12","0.0%","±1.0"
"ANCESTRY","","","","","","","","","","","","","","","","","","","","","","","","","","","","","","","","","","","","","","","","","","","","","","","","","","","",""
"    Total population","2","±3","2","(X)","2,290","±130","2,290","(X)","5,134","±292","5,134","(X)","3,743","±287","3,743","(X)","3,758","±160","3,758","(X)","3,648","±232","3,648","(X)","3,353","±276","3,353","(X)","6,159","±200","6,159","(X)","3,662","±260","3,662","(X)","3,286","±269","3,286","(X)","3,649","±338","3,649","(X)","4,683","±252","4,683","(X)","3,321","±187","3,321","(X)"
"        American","0","±12","0.0%","±100.0","258","±64","11.3%","±2.8","203","±67","4.0%","±1.3","245","±69","6.5%","±1.9","197","±85","5.2%","±2.2","302","±115","8.3%","±3.2","192","±75","5.7%","±2.2","195","±59","3.2%","±1.0","132","±51","3.6%","±1.3","150","±60","4.6%","±1.8","231","±101","6.3%","±2.9","257","±70","5.5%","±1.5","272","±67","8.2%","±1.9"
"        Arab","0","±12","0.0%","±100.0","0","±12","0.0%","±1.4","10","±13","0.2%","±0.2","9","±8","0.2%","±0.2","10","±10","0.3%","±0.3","18","±28","0.5%","±0.8","33","±53","1.0%","±1.6","19","±16","0.3%","±0.3","8","±12","0.2%","±0.3","9","±13","0.3%","±0.4","0","±12","0.0%","±0.9","11","±8","0.2%","±0.2","19","±27","0.6%","±0.8"
"        Czech","0","±12","0.0%","±100.0","1","±3","0.0%","±0.1","3","±4","0.1%","±0.1","13","±9","0.3%","±0.3","3","±5","0.1%","±0.1","27","±25","0.7%","±0.7","4","±6","0.1%","±0.2","2","±3","0.0%","±0.1","15","±19","0.4%","±0.5","0","±12","0.0%","±1.0","0","±12","0.0%","±0.9","0","±12","0.0%","±0.7","0","±12","0.0%","±1.0"
"        Danish","0","±12","0.0%","±100.0","8","±8","0.3%","±0.4","6","±7","0.1%","±0.1","0","±12","0.0%","±0.9","2","±5","0.1%","±0.1","9","±10","0.2%","±0.3","2","±3","0.1%","±0.1","11","±8","0.2%","±0.1","0","±12","0.0%","±0.9","4","±5","0.1%","±0.2","25","±27","0.7%","±0.7","6","±6","0.1%","±0.1","0","±12","0.0%","±1.0"
"        Dutch","0","±12","0.0%","±100.0","91","±47","4.0%","±2.1","132","±70","2.6%","±1.4","99","±41","2.6%","±1.0","132","±46","3.5%","±1.2","192","±95","5.3%","±2.7","57","±35","1.7%","±1.0","78","±27","1.3%","±0.4","81","±46","2.2%","±1.2","74","±50","2.3%","±1.5","192","±88","5.3%","±2.5","183","±114","3.9%","±2.4","68","±25","2.0%","±0.8"
"        English","0","±12","0.0%","±100.0","298","±77","13.0%","±3.1","858","±183","16.7%","±3.5","444","±96","11.9%","±2.7","520","±132","13.8%","±3.4","511","±114","14.0%","±2.9","657","±179","19.6%","±5.3","383","±79","6.2%","±1.3","752","±162","20.5%","±4.1","761","±192","23.2%","±5.8","722","±208","19.8%","±5.3","958","±239","20.5%","±4.7","573","±97","17.3%","±2.7"
"        French (except Basque)","0","±12","0.0%","±100.0","72","±39","3.1%","±1.7","167","±82","3.3%","±1.6","97","±36","2.6%","±1.0","69","±33","1.8%","±0.9","89","±35","2.4%","±1.0","139","±80","4.1%","±2.4","161","±59","2.6%","±0.9","39","±23","1.1%","±0.6","56","±34","1.7%","±1.0","102","±75","2.8%","±2.0","83","±27","1.8%","±0.6","128","±64","3.9%","±1.9"
"        French Canadian","0","±12","0.0%","±100.0","6","±6","0.3%","±0.3","49","±35","1.0%","±0.7","36","±19","1.0%","±0.5","25","±17","0.7%","±0.4","16","±12","0.4%","±0.3","36","±27","1.1%","±0.8","18","±15","0.3%","±0.2","18","±18","0.5%","±0.5","3","±4","0.1%","±0.1","15","±15","0.4%","±0.4","16","±10","0.3%","±0.2","13","±11","0.4%","±0.3"
"        German","0","±12","0.0%","±100.0","534","±82","23.3%","±3.3","839","±152","16.3%","±3.1","1,003","±231","26.8%","±5.3","848","±183","22.6%","±4.6","952","±181","26.1%","±4.5","583","±169","17.4%","±5.0","760","±120","12.3%","±1.9","876","±181","23.9%","±4.9","867","±158","26.4%","±4.3","925","±226","25.3%","±5.7","1,309","±207","28.0%","±4.3","821","±110","24.7%","±3.1"
"        Greek","0","±12","0.0%","±100.0","0","±12","0.0%","±1.4","0","±17","0.0%","±0.6","11","±13","0.3%","±0.3","0","±12","0.0%","±0.9","0","±12","0.0%","±0.9","2","±4","0.1%","±0.1","17","±17","0.3%","±0.3","0","±12","0.0%","±0.9","2","±3","0.1%","±0.1","0","±12","0.0%","±0.9","25","±23","0.5%","±0.5","7","±8","0.2%","±0.2"
"        Hungarian","0","±12","0.0%","±100.0","0","±12","0.0%","±1.4","28","±26","0.5%","±0.5","52","±32","1.4%","±0.9","11","±9","0.3%","±0.2","21","±24","0.6%","±0.7","14","±11","0.4%","±0.3","6","±6","0.1%","±0.1","44","±46","1.2%","±1.2","21","±21","0.6%","±0.6","0","±12","0.0%","±0.9","31","±35","0.7%","±0.7","24","±13","0.7%","±0.4"
"        Irish","1","±2","50.0%","±50.0","405","±90","17.7%","±3.4","580","±122","11.3%","±2.5","493","±109","13.2%","±2.8","526","±109","14.0%","±2.9","767","±189","21.0%","±5.0","675","±166","20.1%","±4.7","714","±117","11.6%","±1.8","596","±139","16.3%","±3.8","846","±164","25.7%","±5.0","704","±156","19.3%","±4.4","994","±207","21.2%","±4.2","420","±80","12.6%","±2.4"
"        Italian","0","±12","0.0%","±100.0","86","±28","3.8%","±1.2","179","±61","3.5%","±1.2","130","±43","3.5%","±1.2","126","±42","3.4%","±1.1","159","±76","4.4%","±2.1","290","±123","8.6%","±3.4","438","±107","7.1%","±1.7","172","±70","4.7%","±1.8","238","±98","7.2%","±2.9","139","±81","3.8%","±2.1","398","±116","8.5%","±2.4","211","±60","6.4%","±1.7"
"        Lithuanian","0","±12","0.0%","±100.0","2","±4","0.1%","±0.2","0","±17","0.0%","±0.6","0","±12","0.0%","±0.9","0","±12","0.0%","±0.9","2","±5","0.1%","±0.1","0","±12","0.0%","±1.0","11","±12","0.2%","±0.2","0","±12","0.0%","±0.9","0","±12","0.0%","±1.0","10","±14","0.3%","±0.4","0","±12","0.0%","±0.7","4","±5","0.1%","±0.1"
"        Norwegian","0","±12","0.0%","±100.0","10","±8","0.4%","±0.3","17","±18","0.3%","±0.3","4","±6","0.1%","±0.2","19","±23","0.5%","±0.6","9","±11","0.2%","±0.3","0","±12","0.0%","±1.0","10","±8","0.2%","±0.1","2","±3","0.1%","±0.1","0","±12","0.0%","±1.0","20","±22","0.5%","±0.6","61","±51","1.3%","±1.1","13","±10","0.4%","±0.3"
"        Polish","0","±12","0.0%","±100.0","59","±26","2.6%","±1.1","222","±74","4.3%","±1.4","135","±47","3.6%","±1.2","296","±123","7.9%","±3.3","105","±58","2.9%","±1.6","48","±32","1.4%","±1.0","206","±63","3.3%","±1.0","141","±70","3.9%","±1.9","70","±34","2.1%","±1.0","104","±65","2.9%","±1.8","249","±79","5.3%","±1.7","166","±56","5.0%","±1.7"
"        Portuguese","0","±12","0.0%","±100.0","3","±4","0.1%","±0.2","0","±17","0.0%","±0.6","0","±12","0.0%","±0.9","0","±12","0.0%","±0.9","14","±22","0.4%","±0.6","0","±12","0.0%","±1.0","2","±3","0.0%","±0.1","13","±16","0.4%","±0.4","0","±12","0.0%","±1.0","0","±12","0.0%","±0.9","0","±12","0.0%","±0.7","0","±12","0.0%","±1.0"
"        Russian","0","±12","0.0%","±100.0","2","±3","0.1%","±0.1","18","±18","0.4%","±0.4","9","±8","0.2%","±0.2","60","±78","1.6%","±2.1","8","±8","0.2%","±0.2","2","±3","0.1%","±0.1","66","±42","1.1%","±0.7","5","±7","0.1%","±0.2","5","±9","0.2%","±0.3","11","±13","0.3%","±0.4","14","±22","0.3%","±0.5","3","±5","0.1%","±0.2"
"        Scotch-Irish","0","±12","0.0%","±100.0","14","±11","0.6%","±0.5","32","±24","0.6%","±0.5","24","±21","0.6%","±0.6","21","±18","0.6%","±0.5","16","±11","0.4%","±0.3","40","±30","1.2%","±0.9","16","±12","0.3%","±0.2","30","±23","0.8%","±0.6","25","±19","0.8%","±0.6","17","±12","0.5%","±0.3","17","±14","0.4%","±0.3","19","±10","0.6%","±0.3"
"        Scottish","0","±12","0.0%","±100.0","79","±27","3.4%","±1.2","81","±35","1.6%","±0.7","113","±64","3.0%","±1.7","81","±39","2.2%","±1.1","39","±20","1.1%","±0.6","72","±52","2.1%","±1.5","83","±27","1.3%","±0.4","112","±68","3.1%","±1.8","10","±13","0.3%","±0.4","56","±38","1.5%","±1.1","129","±78","2.8%","±1.6","48","±25","1.4%","±0.7"
"        Slovak","0","±12","0.0%","±100.0","0","±12","0.0%","±1.4","0","±17","0.0%","±0.6","3","±4","0.1%","±0.1","10","±15","0.3%","±0.4","0","±12","0.0%","±0.9","0","±12","0.0%","±1.0","3","±4","0.0%","±0.1","0","±12","0.0%","±0.9","9","±13","0.3%","±0.4","0","±12","0.0%","±0.9","3","±5","0.1%","±0.1","2","±3","0.1%","±0.1"
"        Subsaharan African","0","±12","0.0%","±100.0","0","±12","0.0%","±1.4","12","±14","0.2%","±0.3","0","±12","0.0%","±0.9","0","±12","0.0%","±0.9","0","±12","0.0%","±0.9","7","±14","0.2%","±0.4","81","±58","1.3%","±1.0","0","±12","0.0%","±0.9","0","±12","0.0%","±1.0","0","±12","0.0%","±0.9","0","±12","0.0%","±0.7","1","±3","0.0%","±0.1"
"        Swedish","0","±12","0.0%","±100.0","18","±14","0.8%","±0.6","97","±49","1.9%","±1.0","26","±19","0.7%","±0.5","65","±32","1.7%","±0.8","74","±45","2.0%","±1.2","101","±74","3.0%","±2.2","56","±30","0.9%","±0.5","54","±29","1.5%","±0.8","47","±41","1.4%","±1.2","48","±45","1.3%","±1.2","103","±51","2.2%","±1.1","52","±29","1.6%","±0.9"
"        Swiss","0","±12","0.0%","±100.0","11","±11","0.5%","±0.5","82","±82","1.6%","±1.6","14","±16","0.4%","±0.4","5","±6","0.1%","±0.2","0","±12","0.0%","±0.9","10","±15","0.3%","±0.4","19","±17","0.3%","±0.3","114","±158","3.1%","±4.3","19","±20","0.6%","±0.6","6","±8","0.2%","±0.2","3","±4","0.1%","±0.1","5","±6","0.2%","±0.2"
"        Ukrainian","0","±12","0.0%","±100.0","9","±6","0.4%","±0.3","0","±17","0.0%","±0.6","6","±6","0.2%","±0.2","7","±7","0.2%","±0.2","16","±14","0.4%","±0.4","0","±12","0.0%","±1.0","21","±15","0.3%","±0.2","27","±39","0.7%","±1.1","14","±16","0.4%","±0.5","0","±12","0.0%","±0.9","25","±30","0.5%","±0.6","42","±42","1.3%","±1.3"
"        Welsh","0","±12","0.0%","±100.0","10","±7","0.4%","±0.3","62","±30","1.2%","±0.6","48","±31","1.3%","±0.8","43","±45","1.1%","±1.2","18","±13","0.5%","±0.4","8","±10","0.2%","±0.3","39","±29","0.6%","±0.5","82","±55","2.2%","±1.5","44","±27","1.3%","±0.8","74","±81","2.0%","±2.2","41","±22","0.9%","±0.5","64","±30","1.9%","±0.9"
"        West Indian (excluding Hispanic origin groups)","0","±12","0.0%","±100.0","0","±12","0.0%","±1.4","11","±17","0.2%","±0.3","0","±12","0.0%","±0.9","0","±12","0.0%","±0.9","0","±12","0.0%","±0.9","28","±30","0.8%","±0.9","45","±32","0.7%","±0.5","0","±12","0.0%","±0.9","0","±12","0.0%","±1.0","0","±12","0.0%","±0.9","0","±12","0.0%","±0.7","0","±12","0.0%","±1.0"
"COMPUTERS AND INTERNET USE","","","","","","","","","","","","","","","","","","","","","","","","","","","","","","","","","","","","","","","","","","","","","","","","","","","",""
"    Total households","1","±2","1","(X)","990","±60","990","(X)","1,551","±82","1,551","(X)","1,405","±88","1,405","(X)","1,607","±114","1,607","(X)","1,558","±93","1,558","(X)","1,616","±140","1,616","(X)","1,189","±170","1,189","(X)","1,667","±93","1,667","(X)","1,318","±99","1,318","(X)","1,653","±135","1,653","(X)","1,960","±113","1,960","(X)","1,433","±80","1,433","(X)"
"        With a computer","1","±2","100.0%","±100.0","834","±47","84.2%","±3.4","1,319","±97","85.0%","±3.8","1,131","±79","80.5%","±3.8","1,375","±99","85.6%","±4.1","1,298","±91","83.3%","±4.4","1,379","±129","85.3%","±5.4","1,079","±158","90.7%","±1.9","1,492","±114","89.5%","±3.7","1,085","±106","82.3%","±4.8","1,392","±122","84.2%","±4.6","1,654","±109","84.4%","±2.8","1,240","±75","86.5%","±2.6"
"        With a broadband Internet subscription","1","±2","100.0%","±100.0","702","±53","70.9%","±4.9","1,091","±96","70.3%","±4.9","942","±76","67.0%","±4.7","1,277","±100","79.5%","±4.3","1,124","±86","72.1%","±5.3","1,304","±129","80.7%","±5.1","968","±150","81.4%","±3.2","1,344","±116","80.6%","±4.8","1,005","±107","76.3%","±5.3","1,208","±122","73.1%","±5.9","1,458","±115","74.4%","±3.9","1,056","±68","73.7%","±3.6"