"Label","Census Tract 9400, Cattaraugus County, New York!!Estimate","Census Tract 9400, Cattaraugus County, New York!!Margin of Error","Census Tract 9400, Cattaraugus County, New York!!Percent","Census Tract 9400, Cattaraugus County, New York!!Percent Margin of Error","Census Tract 9402, Cattaraugus County, New York!!Estimate","Census Tract 9402, Cattaraugus County, New York!!Margin of Error","Census Tract 9402, Cattaraugus County, New York!!Percent","Census Tract 9402, Cattaraugus County, New York!!Percent Margin of Error","Census Tract 9403, Cattaraugus County, New York!!Estimate","Census Tract 9403, Cattaraugus County, New York!!Margin of Error","Census Tract 9403, Cattaraugus County, New York!!Percent","Census Tract 9403, Cattaraugus County, New York!!Percent Margin of Error","Census Tract 9601, Cattaraugus County, New York!!Estimate","Census Tract 9601, Cattaraugus County, New York!!Margin of Error","Census Tract 9601, Cattaraugus County, New York!!Percent","Census Tract 9601, Cattaraugus County, New York!!Percent Margin of Error","Census Tract 9602, Cattaraugus County, New York!!Estimate","Census Tract 9602, Cattaraugus County, New York!!Margin of Error","Census Tract 9602, Cattaraugus County, New York!!Percent","Census Tract 9602, Cattaraugus County, New York!!Percent Margin of Error","Census Tract 9603, Cattaraugus County, New York!!Estimate","Census Tract 9603, Cattaraugus County, New York!!Margin of Error","Census Tract 9603, Cattaraugus County, New York!!Percent","Census Tract 9603, Cattaraugus County, New York!!Percent Margin of Error","Census Tract 9604, Cattaraugus County, New York!!Estimate","Census Tract 9604, Cattaraugus County, New York!!Margin of Error","Census Tract 9604, Cattaraugus County, New York!!Percent","Census Tract 9604, Cattaraugus County, New York!!Percent Margin of Error","Census Tract 9605, Cattaraugus County, New York!!Estimate","Census Tract 9605, Cattaraugus County, New York!!Margin of Error","Census Tract 9605, Cattaraugus County, New York!!Percent","Census Tract 9605, Cattaraugus County, New York!!Percent Margin of Error","Census Tract 9606, Cattaraugus County, New York!!Estimate","Census Tract 9606, Cattaraugus County, New York!!Margin of Error","Census Tract 9606, Cattaraugus County, New York!!Percent","Census Tract 9606, Cattaraugus County, New York!!Percent Margin of Error","Census Tract 9607.02, Cattaraugus County, New York!!Estimate","Census Tract 9607.02, Cattaraugus County, New York!!Margin of Error","Census Tract 9607.02, Cattaraugus County, New York!!Percent","Census Tract 9607.02, Cattaraugus County, New York!!Percent Margin of Error","Census Tract 9608, Cattaraugus County, New York!!Estimate","Census Tract 9608, Cattaraugus County, New York!!Margin of Error","Census Tract 9608, Cattaraugus County, New York!!Percent","Census Tract 9608, Cattaraugus County, New York!!Percent Margin of Error","Census Tract 9610, Cattaraugus County, New York!!Estimate","Census Tract 9610, Cattaraugus County, New York!!Margin of Error","Census Tract 9610, Cattaraugus County, New York!!Percent","Census Tract 9610, Cattaraugus County, New York!!Percent Margin of Error","Census Tract 9611, Cattaraugus County, New York!!Estimate","Census Tract 9611, Cattaraugus County, New York!!Margin of Error","Census Tract 9611, Cattaraugus County, New York!!Percent","Census Tract 9611, Cattaraugus County, New York!!Percent Margin of Error","Census Tract 9612, Cattaraugus County, New York!!Estimate","Census Tract 9612, Cattaraugus County, New York!!Margin of Error","Census Tract 9612, Cattaraugus County, New York!!Percent","Census Tract 9612, Cattaraugus County, New York!!Percent Margin of Error","Census Tract 9613, Cattaraugus County, New York!!Estimate","Census Tract 9613, Cattaraugus County, New York!!Margin of Error","Census Tract 9613, Cattaraugus County, New York!!Percent","Census Tract 9613, Cattaraugus County, New York!!Percent Margin of Error","Census Tract 9614, Cattaraugus County, New York!!Estimate","Census Tract 9614, Cattaraugus County, New York!!Margin of Error","Census Tract 9614, Cattaraugus County, New York!!Percent","Census Tract 9614, Cattaraugus County, New York!!Percent Margin of Error","Census Tract 9615, Cattaraugus County, New York!!Estimate","Census Tract 9615, Cattaraugus County, New York!!Margin of Error","Census Tract 9615, Cattaraugus County, New York!!Percent","Census Tract 9615, Cattaraugus County, New York!!Percent Margin of Error","Census Tract 9616, Cattaraugus County, New York!!Estimate","Census Tract 9616, Cattaraugus County, New York!!Margin of Error","Census Tract 9616, Cattaraugus County, New York!!Percent","Census Tract 9616, Cattaraugus County, New York!!Percent Margin of Error","Census Tract 9617, Cattaraugus County, New York!!Estimate","Census Tract 9617, Cattaraugus County, New York!!Margin of Error","Census Tract 9617, Cattaraugus County, New York!!Percent","Census Tract 9617, Cattaraugus County, New York!!Percent Margin of Error","Census Tract 9618, Cattaraugus County, New York!!Estimate","Census Tract 9618, Cattaraugus County, New York!!Margin of Error","Census Tract 9618, Cattaraugus County, New York!!Percent","Census Tract 9618, Cattaraugus County, New York!!Percent Margin of Error","Census Tract 9622, Cattaraugus County, New York!!Estimate","Census Tract 9622, Cattaraugus County, New York!!Margin of Error","Census Tract 9622, Cattaraugus County, New York!!Percent","Census Tract 9622, Cattaraugus County, New York!!Percent Margin of Error"
"HOUSEHOLDS BY TYPE","","","","","","","","","","","","","","","","","","","","","","","","","","","","","","","","","","","","","","","","","","","","","","","","","","","","","","","","","","","","","","","","","","","","","","","","","","","","","","","","","","","",""
"    Total households","100","±24","100","(X)","0","±12","0","(X)","2,406","±107","2,406","(X)","1,398","±84","1,398","(X)","1,682","±118","1,682","(X)","1,911","±123","1,911","(X)","1,771","±92","1,771","(X)","1,832","±85","1,832","(X)","1,424","±87","1,424","(X)","1,116","±67","1,116","(X)","1,731","±123","1,731","(X)","1,910","±113","1,910","(X)","1,838","±125","1,838","(X)","1,515","±118","1,515","(X)","1,723","±110","1,723","(X)","1,990","±101","1,990","(X)","935","±77","935","(X)","1,610","±112","1,610","(X)","1,733","±151","1,733","(X)","1,913","±142","1,913","(X)","1,241","±82","1,241","(X)"
"        Married-couple family","7","±11","7.0%","±10.5","0","±12","-","**","701","±56","29.1%","±2.2","823","±77","58.9%","±5.1","853","±102","50.7%","±5.8","1,101","±113","57.6%","±5.0","748","±73","42.2%","±4.1","957","±83","52.2%","±4.3","648","±56","45.5%","±4.3","573","±52","51.3%","±4.4","894","±77","51.6%","±5.2","952","±103","49.8%","±6.1","898","±105","48.9%","±5.2","723","±92","47.7%","±6.3","869","±95","50.4%","±5.6","917","±90","46.1%","±4.2","453","±62","48.4%","±7.8","558","±104","34.7%","±6.7","256","±95","14.8%","±5.7","803","±134","42.0%","±7.9","635","±74","51.2%","±5.1"
"            With own children of the householder under 18 years","0","±12","0.0%","±27.2","0","±12","-","**","258","±39","10.7%","±1.6","289","±56","20.7%","±4.0","319","±60","19.0%","±3.8","307","±60","16.1%","±2.8","212","±56","12.0%","±3.1","425","±60","23.2%","±3.2","210","±39","14.7%","±2.5","125","±36","11.2%","±3.2","305","±53","17.6%","±3.3","253","±50","13.2%","±2.7","263","±49","14.3%","±2.6","280","±70","18.5%","±4.9","269","±64","15.6%","±3.8","327","±59","16.4%","±2.9","192","±57","20.5%","±6.3","196","±67","12.2%","±4.2","60","±62","3.5%","±3.6","298","±94","15.6%","±5.0","176","±37","14.2%","±2.9"
"        Cohabiting couple household","12","±17","12.0%","±16.2","0","±12","-","**","330","±41","13.7%","±1.7","115","±45","8.2%","±3.1","71","±34","4.2%","±2.1","223","±70","11.7%","±3.5","161","±43","9.1%","±2.3","135","±49","7.4%","±2.7","164","±53","11.5%","±3.5","61","±23","5.5%","±2.0","122","±48","7.0%","±2.6","114","±54","6.0%","±2.8","107","±57","5.8%","±3.1","41","±29","2.7%","±1.9","69","±38","4.0%","±2.2","133","±39","6.7%","±2.0","16","±19","1.7%","±2.0","179","±78","11.1%","±4.7","177","±83","10.2%","±4.6","56","±46","2.9%","±2.4","96","±42","7.7%","±3.3"
"            With own children of the householder under 18 years","0","±12","0.0%","±27.2","0","±12","-","**","193","±31","8.0%","±1.2","60","±35","4.3%","±2.5","26","±23","1.5%","±1.4","53","±36","2.8%","±1.9","77","±35","4.3%","±1.9","39","±25","2.1%","±1.4","37","±19","2.6%","±1.3","25","±17","2.2%","±1.5","60","±36","3.5%","±2.0","53","±33","2.8%","±1.7","21","±17","1.1%","±0.9","17","±20","1.1%","±1.3","36","±31","2.1%","±1.8","41","±24","2.1%","±1.2","0","±12","0.0%","±3.4","83","±49","5.2%","±3.0","68","±64","3.9%","±3.7","23","±27","1.2%","±1.4","45","±32","3.6%","±2.6"
"        Male householder, no spouse/partner present","24","±23","24.0%","±22.3","0","±12","-","**","486","±52","20.2%","±1.7","277","±64","19.8%","±4.5","328","±98","19.5%","±5.4","312","±78","16.3%","±3.7","414","±67","23.4%","±3.6","301","±57","16.4%","±2.9","272","±50","19.1%","±3.2","195","±47","17.5%","±4.2","357","±77","20.6%","±4.1","334","±95","17.5%","±4.4","394","±106","21.4%","±5.3","311","±108","20.5%","±6.4","307","±82","17.8%","±4.4","479","±81","24.1%","±3.9","221","±63","23.6%","±6.2","304","±100","18.9%","±5.9","614","±141","35.4%","±7.4","527","±176","27.5%","±8.7","274","±58","22.1%","±4.4"
"            With own children of the householder under 18 years","0","±12","0.0%","±27.2","0","±12","-","**","42","±17","1.7%","±0.7","8","±12","0.6%","±0.8","15","±14","0.9%","±0.8","17","±14","0.9%","±0.7","20","±15","1.1%","±0.9","13","±9","0.7%","±0.5","34","±18","2.4%","±1.3","28","±24","2.5%","±2.1","36","±29","2.1%","±1.7","68","±54","3.6%","±2.7","73","±48","4.0%","±2.5","20","±20","1.3%","±1.3","7","±9","0.4%","±0.5","64","±38","3.2%","±1.9","0","±12","0.0%","±3.4","48","±51","3.0%","±3.1","0","±12","0.0%","±1.9","34","±38","1.8%","±2.0","8","±7","0.6%","±0.6"
"            Householder living alone","19","±22","19.0%","±21.2","0","±12","-","**","342","±46","14.2%","±1.6","198","±59","14.2%","±4.3","191","±69","11.4%","±3.8","251","±75","13.1%","±3.6","321","±67","18.1%","±3.6","223","±47","12.2%","±2.5","196","±47","13.8%","±3.1","155","±43","13.9%","±3.8","222","±63","12.8%","±3.4","226","±60","11.8%","±3.0","268","±86","14.6%","±4.5","239","±109","15.8%","±6.7","263","±72","15.3%","±3.8","342","±68","17.2%","±3.3","155","±58","16.6%","±5.8","158","±66","9.8%","±3.9","548","±122","31.6%","±6.3","395","±170","20.6%","±8.3","251","±55","20.2%","±4.1"
"                65 years and over","0","±12","0.0%","±27.2","0","±12","-","**","86","±27","3.6%","±1.1","28","±20","2.0%","±1.4","58","±30","3.4%","±1.7","91","±46","4.8%","±2.3","123","±39","6.9%","±2.2","54","±24","2.9%","±1.3","70","±24","4.9%","±1.7","55","±27","4.9%","±2.4","76","±28","4.4%","±1.6","89","±37","4.7%","±1.9","131","±58","7.1%","±3.1","59","±44","3.9%","±2.8","77","±31","4.5%","±1.7","129","±45","6.5%","±2.3","61","±34","6.5%","±3.7","75","±36","4.7%","±2.2","92","±52","5.3%","±3.0","84","±63","4.4%","±3.2","127","±39","10.2%","±3.0"
"        Female householder, no spouse/partner present","57","±26","57.0%","±23.6","0","±12","-","**","889","±71","36.9%","±2.4","183","±60","13.1%","±3.9","430","±91","25.6%","±4.8","275","±55","14.4%","±2.9","448","±88","25.3%","±4.5","439","±76","24.0%","±3.9","340","±55","23.9%","±3.3","287","±55","25.7%","±4.1","358","±86","20.7%","±4.0","510","±102","26.7%","±4.9","439","±93","23.9%","±4.5","440","±109","29.0%","±6.6","478","±92","27.7%","±4.7","461","±78","23.2%","±3.6","245","±81","26.2%","±7.4","569","±128","35.3%","±7.1","686","±154","39.6%","±7.9","527","±189","27.5%","±9.2","236","±47","19.0%","±3.5"
"            With own children of the householder under 18 years","10","±15","10.0%","±14.2","0","±12","-","**","234","±38","9.7%","±1.5","10","±11","0.7%","±0.7","83","±45","4.9%","±2.7","38","±31","2.0%","±1.6","82","±52","4.6%","±2.9","103","±41","5.6%","±2.2","44","±24","3.1%","±1.7","31","±22","2.8%","±1.9","81","±40","4.7%","±2.2","121","±60","6.3%","±3.1","50","±25","2.7%","±1.3","73","±52","4.8%","±3.4","81","±42","4.7%","±2.4","86","±34","4.3%","±1.7","19","±21","2.0%","±2.2","42","±37","2.6%","±2.3","101","±48","5.8%","±2.8","131","±102","6.8%","±5.2","64","±25","5.2%","±2.0"
"            Householder living alone","14","±18","14.0%","±17.3","0","±12","-","**","487","±59","20.2%","±2.2","131","±51","9.4%","±3.5","233","±69","13.9%","±3.8","146","±45","7.6%","±2.3","280","±64","15.8%","±3.5","226","±50","12.3%","±2.7","204","±42","14.3%","±2.6","211","±55","18.9%","±4.4","236","±73","13.6%","±3.7","285","±74","14.9%","±3.8","314","±83","17.1%","±4.2","265","±87","17.5%","±5.2","311","±75","18.0%","±3.8","291","±64","14.6%","±3.1","143","±53","15.3%","±5.3","391","±113","24.3%","±6.3","407","±130","23.5%","±7.0","315","±129","16.5%","±6.3","117","±36","9.4%","±2.7"
"                65 years and over","14","±18","14.0%","±17.3","0","±12","-","**","237","±38","9.9%","±1.5","89","±35","6.4%","±2.5","133","±50","7.9%","±2.9","105","±42","5.5%","±2.1","132","±40","7.5%","±2.2","146","±37","8.0%","±2.0","112","±29","7.9%","±2.0","127","±47","11.4%","±4.0","132","±47","7.6%","±2.5","110","±41","5.8%","±2.2","143","±54","7.8%","±2.8","175","±72","11.6%","±4.4","210","±57","12.2%","±3.0","146","±48","7.3%","±2.4","62","±28","6.6%","±3.0","90","±47","5.6%","±2.9","162","±77","9.3%","±4.4","256","±119","13.4%","±5.9","84","±32","6.8%","±2.4"
"        Households with one or more people under 18 years","43","±22","43.0%","±22.3","0","±12","-","**","853","±71","35.5%","±2.7","454","±66","32.5%","±4.7","529","±80","31.5%","±5.1","452","±65","23.7%","±3.1","453","±73","25.6%","±3.8","678","±79","37.0%","±3.9","349","±54","24.5%","±3.4","248","±41","22.2%","±3.5","532","±69","30.7%","±3.8","538","±97","28.2%","±4.4","470","±63","25.6%","±3.1","426","±68","28.1%","±4.9","415","±58","24.1%","±3.3","587","±83","29.5%","±4.0","264","±50","28.2%","±5.5","420","±86","26.1%","±5.4","257","±95","14.8%","±5.6","535","±108","28.0%","±5.6","341","±48","27.5%","±3.9"
"        Households with one or more people 65 years and over","37","±24","37.0%","±23.5","0","±12","-","**","639","±56","26.6%","±1.9","434","±63","31.0%","±4.0","536","±98","31.9%","±5.0","636","±67","33.3%","±3.2","604","±53","34.1%","±2.8","527","±48","28.8%","±2.4","485","±51","34.1%","±3.3","449","±53","40.2%","±4.1","577","±59","33.3%","±2.9","621","±57","32.5%","±2.9","615","±95","33.5%","±4.5","564","±121","37.2%","±6.9","638","±76","37.0%","±3.5","621","±61","31.2%","±3.0","300","±30","32.1%","±3.8","397","±60","24.7%","±3.7","398","±74","23.0%","±4.2","702","±144","36.7%","±7.2","483","±47","38.9%","±2.9"
"        Average household size","3.16","±0.88","(X)","(X)","-","**","(X)","(X)","2.44","±0.09","(X)","(X)","2.52","±0.14","(X)","(X)","2.44","±0.13","(X)","(X)","2.46","±0.10","(X)","(X)","2.39","±0.13","(X)","(X)","2.68","±0.17","(X)","(X)","2.34","±0.12","(X)","(X)","2.18","±0.10","(X)","(X)","2.42","±0.12","(X)","(X)","2.25","±0.12","(X)","(X)","2.29","±0.12","(X)","(X)","2.30","±0.16","(X)","(X)","2.13","±0.10","(X)","(X)","2.39","±0.14","(X)","(X)","2.28","±0.20","(X)","(X)","2.28","±0.17","(X)","(X)","1.83","±0.15","(X)","(X)","2.33","±0.24","(X)","(X)","2.45","±0.15","(X)","(X)"
"        Average family size","4.75","±0.87","(X)","(X)","-","**","(X)","(X)","3.10","±0.13","(X)","(X)","2.98","±0.16","(X)","(X)","2.95","±0.15","(X)","(X)","2.81","±0.12","(X)","(X)","3.07","±0.16","(X)","(X)","3.24","±0.21","(X)","(X)","2.88","±0.15","(X)","(X)","2.73","±0.11","(X)","(X)","2.90","±0.13","(X)","(X)","2.64","±0.14","(X)","(X)","2.80","±0.14","(X)","(X)","2.91","±0.17","(X)","(X)","2.67","±0.12","(X)","(X)","3.02","±0.18","(X)","(X)","2.96","±0.27","(X)","(X)","2.90","±0.20","(X)","(X)","2.97","±0.30","(X)","(X)","3.00","±0.30","(X)","(X)","3.00","±0.18","(X)","(X)"
"RELATIONSHIP","","","","","","","","","","","","","","","","","","","","","","","","","","","","","","","","","","","","","","","","","","","","","","","","","","","","","","","","","","","","","","","","","","","","","","","","","","","","","","","","","","","",""
"    Population in households","316","±93","316","(X)","0","±12","0","(X)","5,865","±183","5,865","(X)","3,519","±271","3,519","(X)","4,111","±243","4,111","(X)","4,706","±235","4,706","(X)","4,225","±300","4,225","(X)","4,914","±308","4,914","(X)","3,328","±194","3,328","(X)","2,434","±147","2,434","(X)","4,189","±198","4,189","(X)","4,295","±276","4,295","(X)","4,209","±266","4,209","(X)","3,481","±182","3,481","(X)","3,666","±219","3,666","(X)","4,764","±332","4,764","(X)","2,135","±212","2,135","(X)","3,664","±276","3,664","(X)","3,176","±304","3,176","(X)","4,459","±418","4,459","(X)","3,044","±193","3,044","(X)"
"        Householder","100","±24","31.6%","±9.0","0","±12","-","**","2,406","±107","41.0%","±1.5","1,398","±84","39.7%","±2.2","1,682","±118","40.9%","±2.2","1,911","±123","40.6%","±1.7","1,771","±92","41.9%","±2.3","1,832","±85","37.3%","±2.3","1,424","±87","42.8%","±2.2","1,116","±67","45.9%","±2.1","1,731","±123","41.3%","±2.0","1,910","±113","44.5%","±2.3","1,838","±125","43.7%","±2.2","1,515","±118","43.5%","±3.0","1,723","±110","47.0%","±2.2","1,990","±101","41.8%","±2.4","935","±77","43.8%","±3.8","1,610","±112","43.9%","±3.3","1,733","±151","54.6%","±4.4","1,913","±142","42.9%","±4.5","1,241","±82","40.8%","±2.5"
"        Spouse","8","±11","2.5%","±3.7","0","±12","-","**","718","±53","12.2%","±0.9","842","±80","23.9%","±2.0","842","±96","20.5%","±1.9","1,090","±107","23.2%","±2.1","768","±71","18.2%","±1.8","942","±84","19.2%","±1.6","641","±55","19.3%","±1.6","564","±53","23.2%","±1.7","891","±68","21.3%","±1.8","949","±100","22.1%","±2.6","883","±102","21.0%","±2.0","730","±89","21.0%","±2.5","878","±98","23.9%","±2.3","910","±84","19.1%","±1.6","458","±65","21.5%","±2.7","556","±103","15.2%","±2.6","258","±94","8.1%","±2.9","796","±130","17.9%","±3.1","647","±73","21.3%","±2.1"
"        Unmarried partner","10","±14","3.2%","±4.5","0","±12","-","**","336","±41","5.7%","±0.7","107","±41","3.0%","±1.2","69","±34","1.7%","±0.8","222","±68","4.7%","±1.4","163","±45","3.9%","±1.0","134","±48","2.7%","±1.0","165","±55","5.0%","±1.5","63","±25","2.6%","±1.0","122","±44","2.9%","±1.0","107","±53","2.5%","±1.2","109","±59","2.6%","±1.4","39","±27","1.1%","±0.8","69","±36","1.9%","±1.0","130","±38","2.7%","±0.8","14","±17","0.7%","±0.8","195","±88","5.3%","±2.3","186","±87","5.9%","±2.5","53","±43","1.2%","±1.0","96","±41","3.2%","±1.3"
"        Child","93","±66","29.4%","±16.8","0","±12","-","**","1,814","±131","30.9%","±2.0","898","±149","25.5%","±2.9","1,178","±128","28.7%","±2.7","1,228","±123","26.1%","±2.4","1,104","±170","26.1%","±3.0","1,720","±259","35.0%","±3.5","873","±121","26.2%","±2.7","551","±76","22.6%","±2.6","1,142","±127","27.3%","±2.5","1,054","±154","24.5%","±2.5","992","±133","23.6%","±2.7","1,014","±132","29.1%","±3.6","785","±118","21.4%","±2.6","1,394","±222","29.3%","±3.0","580","±142","27.2%","±4.7","908","±185","24.8%","±4.1","790","±189","24.9%","±4.5","1,404","±320","31.5%","±5.6","808","±100","26.5%","±2.7"
"        Other relatives","105","±64","33.2%","±17.2","0","±12","-","**","440","±83","7.5%","±1.3","163","±69","4.6%","±1.9","166","±119","4.0%","±2.8","110","±45","2.3%","±0.9","301","±125","7.1%","±2.7","200","±69","4.1%","±1.4","154","±48","4.6%","±1.5","108","±54","4.4%","±2.2","183","±69","4.4%","±1.7","174","±72","4.1%","±1.6","144","±58","3.4%","±1.3","95","±64","2.7%","±1.8","111","±55","3.0%","±1.5","210","±82","4.4%","±1.6","97","±65","4.5%","±2.9","270","±187","7.4%","±5.1","113","±76","3.6%","±2.3","87","±72","2.0%","±1.6","158","±87","5.2%","±2.7"
"        Other nonrelatives","0","±12","0.0%","±9.8","0","±12","-","**","151","±39","2.6%","±0.6","111","±70","3.2%","±1.9","174","±92","4.2%","±2.2","145","±74","3.1%","±1.5","118","±55","2.8%","±1.3","86","±52","1.8%","±1.1","71","±39","2.1%","±1.2","32","±23","1.3%","±0.9","120","±65","2.9%","±1.5","101","±61","2.4%","±1.4","243","±149","5.8%","±3.4","88","±85","2.5%","±2.4","100","±66","2.7%","±1.8","130","±51","2.7%","±1.1","51","±46","2.4%","±2.2","125","±66","3.4%","±1.7","96","±58","3.0%","±1.8","206","±268","4.6%","±5.8","94","±36","3.1%","±1.2"
"MARITAL STATUS","","","","","","","","","","","","","","","","","","","","","","","","","","","","","","","","","","","","","","","","","","","","","","","","","","","","","","","","","","","","","","","","","","","","","","","","","","","","","","","","","","","",""
"    Males 15 years and over","68","±33","68","(X)","0","±12","0","(X)","2,088","±123","2,088","(X)","1,521","±129","1,521","(X)","1,772","±130","1,772","(X)","2,001","±125","2,001","(X)","1,866","±137","1,866","(X)","1,808","±118","1,808","(X)","1,574","±136","1,574","(X)","991","±76","991","(X)","1,734","±111","1,734","(X)","1,653","±114","1,653","(X)","1,738","±142","1,738","(X)","1,318","±138","1,318","(X)","2,232","±152","2,232","(X)","1,915","±127","1,915","(X)","866","±76","866","(X)","1,467","±158","1,467","(X)","1,436","±211","1,436","(X)","1,825","±242","1,825","(X)","1,236","±98","1,236","(X)"
"        Never married","55","±30","80.9%","±16.9","0","±12","-","**","877","±81","42.0%","±2.7","397","±96","26.1%","±5.2","649","±103","36.6%","±4.8","574","±92","28.7%","±3.9","728","±96","39.0%","±3.4","585","±99","32.4%","±4.4","554","±117","35.2%","±4.9","256","±54","25.8%","±4.3","541","±107","31.2%","±5.0","424","±116","25.7%","±6.1","529","±118","30.4%","±5.6","338","±115","25.6%","±7.4","1,102","±168","49.4%","±5.0","508","±88","26.5%","±4.0","280","±105","32.3%","±10.4","559","±130","38.1%","±7.2","810","±154","56.4%","±8.3","592","±178","32.4%","±7.7","344","±80","27.8%","±5.3"
"        Now married, except separated","13","±13","19.1%","±16.9","0","±12","-","**","773","±63","37.0%","±2.4","897","±97","59.0%","±5.4","894","±105","50.5%","±5.4","1,126","±110","56.3%","±4.8","843","±72","45.2%","±3.5","990","±83","54.8%","±4.5","689","±59","43.8%","±4.3","598","±56","60.3%","±5.4","949","±77","54.7%","±5.1","969","±103","58.6%","±6.4","952","±110","54.8%","±6.2","746","±90","56.6%","±6.6","903","±101","40.5%","±5.3","1,013","±95","52.9%","±4.8","479","±67","55.3%","±9.0","659","±138","44.9%","±8.5","274","±101","19.1%","±7.1","899","±165","49.3%","±9.0","650","±69","52.6%","±4.7"
"        Separated","0","±12","0.0%","±35.7","0","±12","-","**","59","±20","2.8%","±0.9","30","±21","2.0%","±1.4","17","±19","1.0%","±1.0","10","±12","0.5%","±0.6","28","±17","1.5%","±0.9","49","±28","2.7%","±1.5","34","±24","2.2%","±1.5","9","±12","0.9%","±1.2","25","±21","1.4%","±1.2","42","±27","2.5%","±1.6","37","±34","2.1%","±1.9","20","±22","1.5%","±1.6","11","±14","0.5%","±0.6","73","±47","3.8%","±2.5","0","±12","0.0%","±3.7","10","±17","0.7%","±1.1","65","±62","4.5%","±4.1","63","±63","3.5%","±3.4","24","±11","1.9%","±0.9"
"        Widowed","0","±12","0.0%","±35.7","0","±12","-","**","72","±23","3.4%","±1.1","25","±23","1.6%","±1.5","66","±43","3.7%","±2.4","75","±37","3.7%","±1.9","58","±19","3.1%","±1.0","38","±21","2.1%","±1.2","64","±23","4.1%","±1.5","29","±17","2.9%","±1.8","55","±29","3.2%","±1.7","65","±30","3.9%","±1.9","51","±29","2.9%","±1.6","61","±46","4.6%","±3.4","51","±25","2.3%","±1.1","89","±44","4.6%","±2.3","36","±26","4.2%","±2.9","102","±38","7.0%","±2.6","66","±43","4.6%","±3.0","59","±56","3.2%","±3.1","58","±29","4.7%","±2.4"
"        Divorced","0","±12","0.0%","±35.7","0","±12","-","**","307","±45","14.7%","±2.0","172","±56","11.3%","±3.6","146","±44","8.2%","±2.4","216","±61","10.8%","±2.9","209","±59","11.2%","±3.0","146","±40","8.1%","±2.2","233","±55","14.8%","±3.6","99","±33","10.0%","±3.2","164","±55","9.5%","±3.1","153","±48","9.3%","±2.9","169","±66","9.7%","±3.6","153","±68","11.6%","±5.1","165","±59","7.4%","±2.7","232","±58","12.1%","±2.7","71","±35","8.2%","±4.0","137","±71","9.3%","±4.8","221","±101","15.4%","±5.9","212","±125","11.6%","±6.5","160","±46","12.9%","±3.7"
"    Females 15 years and over","169","±61","169","(X)","0","±12","0","(X)","2,414","±94","2,414","(X)","1,342","±113","1,342","(X)","1,735","±144","1,735","(X)","1,937","±126","1,937","(X)","1,861","±161","1,861","(X)","1,830","±104","1,830","(X)","1,393","±91","1,393","(X)","1,100","±94","1,100","(X)","1,697","±127","1,697","(X)","1,960","±157","1,960","(X)","1,926","±193","1,926","(X)","1,454","±158","1,454","(X)","2,265","±163","2,265","(X)","1,862","±129","1,862","(X)","864","±101","864","(X)","1,660","±150","1,660","(X)","1,381","±167","1,381","(X)","1,838","±265","1,838","(X)","1,173","±93","1,173","(X)"
"        Never married","137","±48","81.1%","±10.5","0","±12","-","**","829","±73","34.3%","±2.5","194","±54","14.5%","±3.6","387","±104","22.3%","±5.1","504","±102","26.0%","±4.5","444","±97","23.9%","±4.4","371","±74","20.3%","±3.4","343","±74","24.6%","±4.5","257","±65","23.4%","±5.2","349","±89","20.6%","±4.4","542","±134","27.7%","±5.5","627","±167","32.6%","±6.6","317","±117","21.8%","±6.5","890","±141","39.3%","±4.4","363","±77","19.5%","±3.3","204","±74","23.6%","±7.1","519","±127","31.3%","±6.5","612","±176","44.3%","±10.4","423","±141","23.0%","±6.0","239","±54","20.4%","±4.1"
"        Now married, except separated","7","±11","4.1%","±6.7","0","±12","-","**","780","±61","32.3%","±2.5","853","±78","63.6%","±5.3","873","±102","50.3%","±5.4","1,140","±111","58.9%","±5.3","885","±93","47.6%","±4.5","1,006","±81","55.0%","±4.3","670","±54","48.1%","±4.3","600","±66","54.5%","±5.2","919","±67","54.2%","±5.0","971","±103","49.5%","±6.2","923","±102","47.9%","±5.4","755","±94","51.9%","±8.2","916","±104","40.4%","±4.4","989","±89","53.1%","±4.2","463","±63","53.6%","±8.4","638","±104","38.4%","±7.0","307","±103","22.2%","±8.0","851","±141","46.3%","±9.5","664","±83","56.6%","±5.5"
"        Separated","0","±12","0.0%","±17.4","0","±12","-","**","93","±23","3.9%","±1.0","34","±35","2.5%","±2.6","46","±31","2.7%","±1.8","6","±9","0.3%","±0.5","36","±27","1.9%","±1.5","38","±28","2.1%","±1.6","24","±13","1.7%","±0.9","16","±17","1.5%","±1.6","45","±25","2.7%","±1.5","71","±40","3.6%","±2.0","42","±40","2.2%","±2.0","16","±21","1.1%","±1.5","54","±32","2.4%","±1.4","31","±21","1.7%","±1.1","0","±12","0.0%","±3.7","29","±29","1.7%","±1.8","63","±69","4.6%","±4.9","72","±71","3.9%","±3.6","21","±16","1.8%","±1.3"
"        Widowed","16","±18","9.5%","±9.7","0","±12","-","**","277","±58","11.5%","±2.4","141","±46","10.5%","±3.2","191","±71","11.0%","±4.0","120","±37","6.2%","±1.9","216","±55","11.6%","±2.9","178","±44","9.7%","±2.4","163","±36","11.7%","±2.7","131","±47","11.9%","±3.9","144","±57","8.5%","±3.1","211","±67","10.8%","±3.2","165","±51","8.6%","±2.6","204","±78","14.0%","±4.9","185","±58","8.2%","±2.5","225","±69","12.1%","±3.5","70","±43","8.1%","±4.9","123","±74","7.4%","±4.3","137","±64","9.9%","±4.4","164","±83","8.9%","±4.4","116","±34","9.9%","±2.8"
"        Divorced","9","±13","5.3%","±7.2","0","±12","-","**","435","±58","18.0%","±2.3","120","±47","8.9%","±3.3","238","±90","13.7%","±5.0","167","±54","8.6%","±2.7","280","±81","15.0%","±3.9","237","±58","13.0%","±2.9","193","±58","13.9%","±3.8","96","±33","8.7%","±2.9","240","±68","14.1%","±3.7","165","±53","8.4%","±2.7","169","±58","8.8%","±3.1","162","±66","11.1%","±4.0","220","±63","9.7%","±2.7","254","±53","13.6%","±3.0","127","±64","14.7%","±6.5","351","±111","21.1%","±6.2","262","±96","19.0%","±6.9","328","±158","17.8%","±7.5","133","±32","11.3%","±2.6"
"FERTILITY","","","","","","","","","","","","","","","","","","","","","","","","","","","","","","","","","","","","","","","","","","","","","","","","","","","","","","","","","","","","","","","","","","","","","","","","","","","","","","","","","","","",""
"    Number of women 15 to 50 years old who had a birth in the past 12 months","0","±12","0","(X)","0","±12","0","(X)","101","±28","101","(X)","70","±40","70","(X)","36","±28","36","(X)","50","±22","50","(X)","27","±21","27","(X)","127","±44","127","(X)","62","±29","62","(X)","12","±15","12","(X)","23","±21","23","(X)","29","±28","29","(X)","17","±15","17","(X)","39","±31","39","(X)","59","±39","59","(X)","52","±26","52","(X)","8","±14","8","(X)","22","±24","22","(X)","14","±29","14","(X)","38","±35","38","(X)","22","±16","22","(X)"
"        Unmarried women (widowed, divorced, and never married)","0","±12","-","**","0","±12","-","**","69","±22","68.3%","±14.0","14","±13","20.0%","±18.9","21","±22","58.3%","±38.9","9","±10","18.0%","±16.6","6","±8","22.2%","±31.2","11","±15","8.7%","±11.9","27","±21","43.5%","±23.3","12","±15","100.0%","±85.6","4","±5","17.4%","±27.9","20","±26","69.0%","±39.0","11","±14","64.7%","±43.1","22","±22","56.4%","±42.2","36","±31","61.0%","±38.1","14","±11","26.9%","±20.8","8","±14","100.0%","±100.0","15","±21","68.2%","±53.1","14","±29","100.0%","±79.3","12","±19","31.6%","±45.1","14","±14","63.6%","±37.5"
"            Per 1,000 unmarried women","0","±257","(X)","(X)","-","**","(X)","(X)","74","±24","(X)","(X)","53","±48","(X)","(X)","43","±45","(X)","(X)","19","±22","(X)","(X)","14","±19","(X)","(X)","25","±35","(X)","(X)","69","±51","(X)","(X)","46","±52","(X)","(X)","10","±13","(X)","(X)","36","±47","(X)","(X)","21","±27","(X)","(X)","62","±71","(X)","(X)","38","±32","(X)","(X)","30","±24","(X)","(X)","37","±62","(X)","(X)","29","±41","(X)","(X)","23","±48","(X)","(X)","26","±45","(X)","(X)","49","±48","(X)","(X)"
"        Per 1,000 women 15 to 50 years old","0","±244","(X)","(X)","-","**","(X)","(X)","76","±21","(X)","(X)","116","±66","(X)","(X)","40","±31","(X)","(X)","55","±25","(X)","(X)","30","±23","(X)","(X)","128","±41","(X)","(X)","91","±40","(X)","(X)","27","±33","(X)","(X)","28","±26","(X)","(X)","31","±31","(X)","(X)","18","±17","(X)","(X)","51","±43","(X)","(X)","46","±31","(X)","(X)","56","±27","(X)","(X)","17","±30","(X)","(X)","26","±29","(X)","(X)","18","±39","(X)","(X)","43","±42","(X)","(X)","42","±30","(X)","(X)"
"        Per 1,000 women 15 to 19 years old","0","±442","(X)","(X)","-","**","(X)","(X)","69","±58","(X)","(X)","0","±290","(X)","(X)","0","±257","(X)","(X)","0","±207","(X)","(X)","0","±234","(X)","(X)","0","±246","(X)","(X)","0","±400","(X)","(X)","82","±127","(X)","(X)","0","±269","(X)","(X)","0","±163","(X)","(X)","0","±157","(X)","(X)","0","±252","(X)","(X)","0","±65","(X)","(X)","80","±81","(X)","(X)","0","±373","(X)","(X)","0","±327","(X)","(X)","0","±321","(X)","(X)","0","±305","(X)","(X)","0","±360","(X)","(X)"
"        Per 1,000 women 20 to 34 years old","0","±605","(X)","(X)","-","**","(X)","(X)","113","±32","(X)","(X)","327","±160","(X)","(X)","132","±104","(X)","(X)","98","±47","(X)","(X)","69","±54","(X)","(X)","238","±85","(X)","(X)","186","±80","(X)","(X)","22","±34","(X)","(X)","67","±61","(X)","(X)","75","±80","(X)","(X)","49","±46","(X)","(X)","116","±102","(X)","(X)","116","±78","(X)","(X)","72","±43","(X)","(X)","0","±174","(X)","(X)","55","±59","(X)","(X)","0","±71","(X)","(X)","90","±91","(X)","(X)","104","±85","(X)","(X)"
"        Per 1,000 women 35 to 50 years old","0","±442","(X)","(X)","-","**","(X)","(X)","38","±22","(X)","(X)","10","±18","(X)","(X)","4","±7","(X)","(X)","26","±28","(X)","(X)","0","±80","(X)","(X)","39","±25","(X)","(X)","13","±17","(X)","(X)","0","±184","(X)","(X)","0","±84","(X)","(X)","9","±16","(X)","(X)","0","±79","(X)","(X)","28","±45","(X)","(X)","10","±13","(X)","(X)","37","±42","(X)","(X)","34","±60","(X)","(X)","0","±87","(X)","(X)","54","±109","(X)","(X)","0","±84","(X)","(X)","11","±13","(X)","(X)"
"GRANDPARENTS","","","","","","","","","","","","","","","","","","","","","","","","","","","","","","","","","","","","","","","","","","","","","","","","","","","","","","","","","","","","","","","","","","","","","","","","","","","","","","","","","","","",""
"    Number of grandparents living with own grandchildren under 18 years","33","±22","33","(X)","0","±12","0","(X)","184","±37","184","(X)","99","±70","99","(X)","108","±60","108","(X)","57","±34","57","(X)","80","±50","80","(X)","107","±47","107","(X)","21","±14","21","(X)","53","±42","53","(X)","109","±49","109","(X)","88","±57","88","(X)","31","±29","31","(X)","34","±30","34","(X)","52","±38","52","(X)","85","±32","85","(X)","84","±73","84","(X)","12","±17","12","(X)","38","±55","38","(X)","0","±12","0","(X)","113","±70","113","(X)"
"        Grandparents responsible for grandchildren","9","±13","27.3%","±38.3","0","±12","-","**","100","±29","54.3%","±10.4","35","±33","35.4%","±21.5","48","±48","44.4%","±31.9","21","±18","36.8%","±26.6","67","±49","83.8%","±19.2","59","±34","55.1%","±23.1","17","±13","81.0%","±23.8","28","±25","52.8%","±23.7","40","±26","36.7%","±19.7","41","±35","46.6%","±32.3","16","±24","51.6%","±47.9","27","±29","79.4%","±37.9","26","±30","50.0%","±38.6","25","±16","29.4%","±16.6","62","±70","73.8%","±37.6","0","±12","0.0%","±85.6","27","±50","71.1%","±51.7","0","±12","-","**","46","±43","40.7%","±32.2"
"        Years responsible for grandchildren","","","","","","","","","","","","","","","","","","","","","","","","","","","","","","","","","","","","","","","","","","","","","","","","","","","","","","","","","","","","","","","","","","","","","","","","","","","","","","","","","","","",""
"            Less than 1 year","0","±12","0.0%","±51.6","0","±12","-","**","13","±12","7.1%","±6.2","19","±24","19.2%","±18.8","0","±12","0.0%","±25.5","14","±17","24.6%","±25.3","0","±12","0.0%","±32.1","27","±20","25.2%","±16.4","0","±12","0.0%","±64.7","3","±5","5.7%","±11.0","6","±10","5.5%","±8.8","11","±12","12.5%","±14.6","16","±24","51.6%","±47.9","11","±18","32.4%","±41.1","0","±17","0.0%","±41.1","2","±4","2.4%","±4.5","0","±12","0.0%","±31.0","0","±12","0.0%","±85.6","0","±12","0.0%","±48.1","0","±12","-","**","13","±21","11.5%","±18.0"
"            1 or 2 years","0","±12","0.0%","±51.6","0","±12","-","**","35","±19","19.0%","±9.1","0","±12","0.0%","±27.4","26","±28","24.1%","±22.1","5","±7","8.8%","±13.5","29","±42","36.3%","±40.2","16","±14","15.0%","±12.1","8","±8","38.1%","±30.2","13","±19","24.5%","±24.3","6","±6","5.5%","±6.6","0","±12","0.0%","±29.9","0","±12","0.0%","±53.3","5","±8","14.7%","±21.4","6","±8","11.5%","±17.0","0","±12","0.0%","±30.7","0","±12","0.0%","±31.0","0","±12","0.0%","±85.6","0","±12","0.0%","±48.1","0","±12","-","**","0","±12","0.0%","±24.6"
"            3 or 4 years","0","±12","0.0%","±51.6","0","±12","-","**","25","±14","13.6%","±7.5","16","±24","16.2%","±24.9","0","±12","0.0%","±25.5","2","±3","3.5%","±5.5","0","±12","0.0%","±32.1","0","±12","0.0%","±25.7","6","±8","28.6%","±31.1","0","±12","0.0%","±40.7","0","±12","0.0%","±25.3","0","±12","0.0%","±29.9","0","±12","0.0%","±53.3","11","±17","32.4%","±42.6","20","±29","38.5%","±42.4","4","±6","4.7%","±6.8","0","±12","0.0%","±31.0","0","±12","0.0%","±85.6","0","±12","0.0%","±48.1","0","±12","-","**","25","±29","22.1%","±21.8"
"            5 or more years","9","±13","27.3%","±38.3","0","±12","-","**","27","±16","14.7%","±8.4","0","±12","0.0%","±27.4","22","±34","20.4%","±26.6","0","±12","0.0%","±39.3","38","±33","47.5%","±37.2","16","±14","15.0%","±12.6","3","±4","14.3%","±23.5","12","±14","22.6%","±27.9","28","±22","25.7%","±16.9","30","±32","34.1%","±30.8","0","±12","0.0%","±53.3","0","±12","0.0%","±50.9","0","±17","0.0%","±41.1","19","±15","22.4%","±16.1","62","±70","73.8%","±37.6","0","±12","0.0%","±85.6","27","±50","71.1%","±51.7","0","±12","-","**","8","±6","7.1%","±7.7"
"    Number of grandparents responsible for own grandchildren under 18 years","9","±13","9","(X)","0","±12","0","(X)","100","±29","100","(X)","35","±33","35","(X)","48","±48","48","(X)","21","±18","21","(X)","67","±49","67","(X)","59","±34","59","(X)","17","±13","17","(X)","28","±25","28","(X)","40","±26","40","(X)","41","±35","41","(X)","16","±24","16","(X)","27","±29","27","(X)","26","±30","26","(X)","25","±16","25","(X)","62","±70","62","(X)","0","±12","0","(X)","27","±50","27","(X)","0","±12","0","(X)","46","±43","46","(X)"
"        Who are female","9","±13","100.0%","±98.9","0","±12","-","**","68","±23","68.0%","±8.6","27","±26","77.1%","±28.7","39","±43","81.3%","±25.8","13","±11","61.9%","±25.4","30","±24","44.8%","±15.1","41","±22","69.5%","±15.5","8","±7","47.1%","±26.8","9","±10","32.1%","±31.1","27","±15","67.5%","±15.0","23","±21","56.1%","±17.4","8","±12","50.0%","±8.5","11","±17","40.7%","±56.1","14","±15","53.8%","±12.2","20","±12","80.0%","±21.1","32","±35","51.6%","±4.0","0","±12","-","**","14","±26","51.9%","±7.5","0","±12","-","**","20","±22","43.5%","±11.9"
"        Who are married","0","±12","0.0%","±98.9","0","±12","-","**","65","±23","65.0%","±14.8","35","±33","100.0%","±50.1","17","±24","35.4%","±52.3","13","±17","61.9%","±42.4","65","±49","97.0%","±8.2","39","±29","66.1%","±26.8","11","±10","64.7%","±34.1","25","±23","89.3%","±19.7","27","±25","67.5%","±29.7","41","±35","100.0%","±46.3","16","±24","100.0%","±74.1","0","±12","0.0%","±57.1","24","±29","92.3%","±21.8","18","±12","72.0%","±22.4","62","±70","100.0%","±37.6","0","±12","-","**","27","±50","100.0%","±57.1","0","±12","-","**","42","±43","91.3%","±13.8"
"SCHOOL ENROLLMENT","","","","","","","","","","","","","","","","","","","","","","","","","","","","","","","","","","","","","","","","","","","","","","","","","","","","","","","","","","","","","","","","","","","","","","","","","","","","","","","","","","","",""
"    Population 3 years and over enrolled in school","97","±49","97","(X)","0","±12","0","(X)","1,560","±130","1,560","(X)","671","±117","671","(X)","992","±143","992","(X)","852","±100","852","(X)","832","±154","832","(X)","1,095","±180","1,095","(X)","582","±99","582","(X)","452","±68","452","(X)","870","±148","870","(X)","850","±163","850","(X)","1,056","±161","1,056","(X)","766","±128","766","(X)","1,983","±244","1,983","(X)","1,176","±218","1,176","(X)","584","±141","584","(X)","624","±160","624","(X)","722","±172","722","(X)","1,131","±298","1,131","(X)","676","±106","676","(X)"
"        Nursery school, preschool","0","±12","0.0%","±27.8","0","±12","-","**","131","±34","8.4%","±2.0","50","±28","7.5%","±4.3","58","±32","5.8%","±3.2","84","±38","9.9%","±4.3","32","±24","3.8%","±2.8","29","±16","2.6%","±1.4","41","±21","7.0%","±3.2","26","±17","5.8%","±3.8","23","±19","2.6%","±2.1","72","±38","8.5%","±4.2","61","±34","5.8%","±3.2","75","±54","9.8%","±6.9","47","±31","2.4%","±1.6","62","±32","5.3%","±2.6","30","±28","5.1%","±4.8","47","±35","7.5%","±5.4","0","±12","0.0%","±4.4","90","±73","8.0%","±7.1","17","±14","2.5%","±1.9"
"        Kindergarten","8","±14","8.2%","±15.0","0","±12","-","**","107","±34","6.9%","±2.1","18","±18","2.7%","±2.6","74","±53","7.5%","±5.1","23","±14","2.7%","±1.6","61","±29","7.3%","±3.2","33","±17","3.0%","±1.6","23","±15","4.0%","±2.5","49","±30","10.8%","±7.0","48","±26","5.5%","±3.2","28","±18","3.3%","±2.1","14","±11","1.3%","±1.0","58","±36","7.6%","±4.6","26","±20","1.3%","±1.0","109","±49","9.3%","±3.4","27","±32","4.6%","±5.0","21","±24","3.4%","±3.8","40","±50","5.5%","±6.4","91","±73","8.0%","±5.1","34","±17","5.0%","±2.6"
"        Elementary school (grades 1-8)","55","±40","56.7%","±21.2","0","±12","-","**","839","±95","53.8%","±3.5","317","±75","47.2%","±8.4","386","±96","38.9%","±8.3","438","±75","51.4%","±7.7","355","±83","42.7%","±5.9","716","±137","65.4%","±6.0","262","±61","45.0%","±6.9","179","±41","39.6%","±7.7","406","±89","46.7%","±6.7","447","±118","52.6%","±8.2","471","±86","44.6%","±8.1","372","±84","48.6%","±8.0","249","±77","12.6%","±3.6","573","±109","48.7%","±5.8","257","±102","44.0%","±12.1","359","±133","57.5%","±12.0","247","±112","34.2%","±10.7","377","±112","33.3%","±7.9","440","±78","65.1%","±6.1"
"        High school (grades 9-12)","20","±13","20.6%","±10.1","0","±12","-","**","290","±44","18.6%","±2.6","196","±55","29.2%","±6.4","289","±75","29.1%","±5.8","152","±49","17.8%","±5.2","230","±70","27.6%","±6.2","244","±74","22.3%","±5.6","157","±46","27.0%","±6.9","147","±46","32.5%","±7.8","294","±87","33.8%","±7.2","205","±56","24.1%","±5.4","228","±56","21.6%","±5.5","151","±69","19.7%","±8.4","175","±54","8.8%","±2.9","269","±110","22.9%","±7.5","199","±84","34.1%","±14.7","117","±67","18.8%","±9.7","242","±84","33.5%","±11.7","366","±143","32.4%","±7.4","138","±40","20.4%","±5.3"
"        College or graduate school","14","±21","14.4%","±22.0","0","±12","-","**","193","±42","12.4%","±2.5","90","±44","13.4%","±5.4","185","±67","18.6%","±6.6","155","±53","18.2%","±5.6","154","±60","18.5%","±7.0","73","±29","6.7%","±2.5","99","±35","17.0%","±4.7","51","±25","11.3%","±4.7","99","±41","11.4%","±4.2","98","±52","11.5%","±5.8","282","±131","26.7%","±9.4","110","±56","14.4%","±6.8","1,486","±220","74.9%","±4.1","163","±62","13.9%","±4.9","71","±44","12.2%","±6.6","80","±60","12.8%","±10.0","193","±90","26.7%","±11.6","207","±97","18.3%","±7.5","47","±21","7.0%","±2.6"
"EDUCATIONAL ATTAINMENT","","","","","","","","","","","","","","","","","","","","","","","","","","","","","","","","","","","","","","","","","","","","","","","","","","","","","","","","","","","","","","","","","","","","","","","","","","","","","","","","","","","",""
"    Population 25 years and over","168","±45","168","(X)","0","±12","0","(X)","3,727","±132","3,727","(X)","2,501","±168","2,501","(X)","2,993","±204","2,993","(X)","3,349","±201","3,349","(X)","3,235","±195","3,235","(X)","2,929","±119","2,929","(X)","2,544","±158","2,544","(X)","1,848","±108","1,848","(X)","2,917","±150","2,917","(X)","3,120","±167","3,120","(X)","3,051","±200","3,051","(X)","2,492","±159","2,492","(X)","2,798","±173","2,798","(X)","3,299","±147","3,299","(X)","1,519","±112","1,519","(X)","2,668","±204","2,668","(X)","2,429","±207","2,429","(X)","3,091","±288","3,091","(X)","2,171","±120","2,171","(X)"
"        Less than 9th grade","0","±12","0.0%","±17.5","0","±12","-","**","133","±38","3.6%","±1.0","132","±59","5.3%","±2.2","113","±49","3.8%","±1.7","58","±27","1.7%","±0.8","156","±69","4.8%","±2.1","357","±84","12.2%","±2.7","167","±61","6.6%","±2.3","35","±26","1.9%","±1.4","86","±42","2.9%","±1.4","47","±24","1.5%","±0.8","61","±33","2.0%","±1.1","40","±29","1.6%","±1.1","63","±47","2.3%","±1.6","210","±74","6.4%","±2.2","39","±25","2.6%","±1.6","75","±48","2.8%","±1.8","81","±61","3.3%","±2.5","59","±66","1.9%","±2.0","56","±29","2.6%","±1.3"
"        9th to 12th grade, no diploma","16","±18","9.5%","±10.6","0","±12","-","**","409","±51","11.0%","±1.3","248","±72","9.9%","±2.9","229","±69","7.7%","±2.2","155","±43","4.6%","±1.3","194","±65","6.0%","±1.9","277","±63","9.5%","±2.1","172","±44","6.8%","±1.6","112","±43","6.1%","±2.3","266","±62","9.1%","±2.1","141","±62","4.5%","±1.9","228","±83","7.5%","±2.7","228","±87","9.1%","±3.4","114","±35","4.1%","±1.3","213","±70","6.5%","±2.1","57","±46","3.8%","±3.1","105","±53","3.9%","±1.9","272","±106","11.2%","±4.0","246","±133","8.0%","±4.1","244","±55","11.2%","±2.3"
"        High school graduate (includes equivalency)","51","±32","30.4%","±16.5","0","±12","-","**","1,733","±103","46.5%","±2.1","1,054","±113","42.1%","±3.7","1,250","±147","41.8%","±4.3","1,308","±137","39.1%","±3.5","1,403","±141","43.4%","±3.4","1,051","±110","35.9%","±3.5","1,167","±129","45.9%","±4.2","626","±86","33.9%","±4.0","1,199","±98","41.1%","±3.2","1,204","±174","38.6%","±5.3","940","±152","30.8%","±4.4","1,032","±175","41.4%","±6.2","976","±126","34.9%","±4.2","1,337","±148","40.5%","±4.0","581","±126","38.2%","±7.8","973","±211","36.5%","±6.6","872","±180","35.9%","±6.5","1,080","±256","34.9%","±7.2","878","±96","40.4%","±4.3"
"        Some college, no degree","46","±28","27.4%","±12.7","0","±12","-","**","669","±66","18.0%","±1.7","424","±81","17.0%","±2.9","562","±136","18.8%","±4.2","624","±98","18.6%","±2.6","643","±84","19.9%","±2.4","532","±99","18.2%","±3.4","435","±78","17.1%","±2.8","367","±63","19.9%","±3.0","521","±96","17.9%","±2.9","592","±116","19.0%","±3.7","533","±103","17.5%","±3.0","403","±95","16.2%","±3.8","523","±97","18.7%","±3.1","556","±74","16.9%","±2.4","227","±84","14.9%","±5.1","430","±104","16.1%","±4.1","487","±165","20.0%","±6.9","330","±116","10.7%","±3.9","378","±103","17.4%","±4.6"
"        Associate's degree","8","±11","4.8%","±6.7","0","±12","-","**","345","±52","9.3%","±1.4","266","±64","10.6%","±2.7","451","±129","15.1%","±3.9","573","±111","17.1%","±3.1","429","±77","13.3%","±2.3","302","±52","10.3%","±1.8","292","±57","11.5%","±2.2","219","±67","11.9%","±3.7","359","±90","12.3%","±2.9","465","±110","14.9%","±3.4","365","±80","12.0%","±2.6","320","±88","12.8%","±3.6","436","±92","15.6%","±3.3","404","±83","12.2%","±2.5","246","±73","16.2%","±4.8","403","±91","15.1%","±3.6","303","±139","12.5%","±5.6","419","±146","13.6%","±4.4","272","±64","12.5%","±2.8"
"        Bachelor's degree","33","±27","19.6%","±16.4","0","±12","-","**","303","±56","8.1%","±1.5","187","±55","7.5%","±2.1","239","±69","8.0%","±2.4","391","±81","11.7%","±2.4","238","±60","7.4%","±1.8","250","±59","8.5%","±2.0","171","±39","6.7%","±1.6","252","±57","13.6%","±2.9","202","±59","6.9%","±2.0","359","±93","11.5%","±3.0","477","±104","15.6%","±3.3","221","±80","8.9%","±3.2","406","±104","14.5%","±3.6","294","±64","8.9%","±1.9","195","±69","12.8%","±4.5","399","±117","15.0%","±4.0","153","±67","6.3%","±2.8","446","±129","14.4%","±4.7","212","±46","9.8%","±2.1"
"        Graduate or professional degree","14","±18","8.3%","±10.9","0","±12","-","**","135","±28","3.6%","±0.8","190","±87","7.6%","±3.4","149","±76","5.0%","±2.5","240","±69","7.2%","±2.0","172","±59","5.3%","±1.8","160","±40","5.5%","±1.3","140","±35","5.5%","±1.4","237","±49","12.8%","±2.6","284","±68","9.7%","±2.3","312","±73","10.0%","±2.2","447","±111","14.7%","±3.6","248","±87","10.0%","±3.4","280","±96","10.0%","±3.3","285","±63","8.6%","±2.0","174","±64","11.5%","±4.1","283","±105","10.6%","±4.1","261","±94","10.7%","±3.9","511","±188","16.5%","±5.9","131","±40","6.0%","±1.8"
"        High school graduate or higher","152","±44","90.5%","±10.6","0","±12","-","**","3,185","±126","85.5%","±1.6","2,121","±159","84.8%","±3.2","2,651","±203","88.6%","±2.5","3,136","±194","93.6%","±1.4","2,885","±182","89.2%","±2.9","2,295","±121","78.4%","±3.4","2,205","±142","86.7%","±2.7","1,701","±115","92.0%","±3.0","2,565","±146","87.9%","±2.4","2,932","±163","94.0%","±1.9","2,762","±207","90.5%","±3.2","2,224","±155","89.2%","±3.5","2,621","±166","93.7%","±2.0","2,876","±140","87.2%","±3.0","1,423","±119","93.7%","±3.2","2,488","±203","93.3%","±3.3","2,076","±189","85.5%","±4.8","2,786","±240","90.1%","±5.0","1,871","±115","86.2%","±2.7"
"        Bachelor's degree or higher","47","±30","28.0%","±18.6","0","±12","-","**","438","±67","11.8%","±1.8","377","±105","15.1%","±4.0","388","±93","13.0%","±3.1","631","±106","18.8%","±3.0","410","±90","12.7%","±2.7","410","±72","14.0%","±2.4","311","±50","12.2%","±2.0","489","±71","26.5%","±3.5","486","±108","16.7%","±3.7","671","±111","21.5%","±3.4","924","±173","30.3%","±5.5","469","±104","18.8%","±4.1","686","±138","24.5%","±4.6","579","±87","17.6%","±2.6","369","±93","24.3%","±6.0","682","±147","25.6%","±5.2","414","±113","17.0%","±4.7","957","±195","31.0%","±6.6","343","±65","15.8%","±2.9"
"VETERAN STATUS","","","","","","","","","","","","","","","","","","","","","","","","","","","","","","","","","","","","","","","","","","","","","","","","","","","","","","","","","","","","","","","","","","","","","","","","","","","","","","","","","","","",""
"    Civilian population 18 years and over","211","±61","211","(X)","0","±12","0","(X)","4,275","±150","4,275","(X)","2,720","±188","2,720","(X)","3,274","±216","3,274","(X)","3,810","±202","3,810","(X)","3,560","±211","3,560","(X)","3,436","±148","3,436","(X)","2,856","±177","2,856","(X)","1,969","±116","1,969","(X)","3,241","±161","3,241","(X)","3,445","±197","3,445","(X)","3,451","±232","3,451","(X)","2,707","±172","2,707","(X)","4,327","±209","4,327","(X)","3,561","±174","3,561","(X)","1,617","±131","1,617","(X)","3,023","±204","3,023","(X)","2,668","±235","2,668","(X)","3,415","±309","3,415","(X)","2,338","±156","2,338","(X)"
"        Civilian veterans","10","±17","4.7%","±9.1","0","±12","-","**","369","±54","8.6%","±1.2","290","±95","10.7%","±3.4","237","±61","7.2%","±1.8","451","±93","11.8%","±2.3","340","±64","9.6%","±1.8","317","±49","9.2%","±1.5","327","±56","11.4%","±1.9","193","±51","9.8%","±2.7","442","±90","13.6%","±2.8","284","±66","8.2%","±1.9","345","±98","10.0%","±2.8","325","±95","12.0%","±3.5","362","±74","8.4%","±1.7","434","±68","12.2%","±2.0","210","±71","13.0%","±4.2","316","±100","10.5%","±3.3","245","±79","9.2%","±3.0","152","±64","4.5%","±2.0","281","±60","12.0%","±2.6"
"DISABILITY STATUS OF THE CIVILIAN NONINSTITUTIONALIZED POPULATION","","","","","","","","","","","","","","","","","","","","","","","","","","","","","","","","","","","","","","","","","","","","","","","","","","","","","","","","","","","","","","","","","","","","","","","","","","","","","","","","","","","",""
"    Total Civilian Noninstitutionalized Population","316","±93","316","(X)","0","±12","0","(X)","5,878","±185","5,878","(X)","3,519","±271","3,519","(X)","4,118","±242","4,118","(X)","4,717","±235","4,717","(X)","4,331","±304","4,331","(X)","4,934","±308","4,934","(X)","3,369","±202","3,369","(X)","2,443","±149","2,443","(X)","4,216","±197","4,216","(X)","4,304","±274","4,304","(X)","4,305","±264","4,305","(X)","3,494","±181","3,494","(X)","5,035","±260","5,035","(X)","4,786","±332","4,786","(X)","2,146","±213","2,146","(X)","3,677","±276","3,677","(X)","3,185","±303","3,185","(X)","4,525","±425","4,525","(X)","3,044","±193","3,044","(X)"
"        With a disability","48","±22","15.2%","±6.8","0","±12","-","**","934","±82","15.9%","±1.3","640","±146","18.2%","±4.2","693","±144","16.8%","±3.4","718","±92","15.2%","±2.0","758","±126","17.5%","±2.7","777","±103","15.7%","±2.1","504","±74","15.0%","±2.1","300","±65","12.3%","±2.6","606","±111","14.4%","±2.6","778","±151","18.1%","±3.1","599","±140","13.9%","±3.0","570","±126","16.3%","±3.5","513","±99","10.2%","±2.0","656","±100","13.7%","±2.2","273","±82","12.7%","±4.1","547","±139","14.9%","±3.7","791","±166","24.8%","±5.6","847","±311","18.7%","±6.3","634","±95","20.8%","±3.1"
"    Under 18 years","105","±67","105","(X)","0","±12","0","(X)","1,703","±138","1,703","(X)","799","±124","799","(X)","952","±144","952","(X)","908","±97","908","(X)","920","±150","920","(X)","1,498","±224","1,498","(X)","658","±108","658","(X)","474","±65","474","(X)","975","±117","975","(X)","859","±145","859","(X)","854","±104","854","(X)","788","±118","788","(X)","710","±101","710","(X)","1,260","±215","1,260","(X)","530","±136","530","(X)","769","±168","769","(X)","517","±179","517","(X)","1,110","±278","1,110","(X)","706","±108","706","(X)"
"        With a disability","0","±12","0.0%","±26.1","0","±12","-","**","145","±30","8.5%","±1.7","92","±51","11.5%","±6.2","81","±68","8.5%","±6.5","76","±33","8.4%","±3.3","23","±15","2.5%","±1.6","130","±59","8.7%","±3.4","22","±18","3.3%","±2.6","0","±12","0.0%","±6.6","42","±35","4.3%","±3.7","137","±89","15.9%","±9.1","50","±25","5.9%","±3.0","0","±12","0.0%","±4.0","12","±14","1.7%","±2.0","52","±32","4.1%","±2.7","34","±36","6.4%","±6.6","46","±47","6.0%","±5.9","158","±56","30.6%","±16.9","27","±24","2.4%","±2.4","49","±36","6.9%","±5.1"
"    18 to 64 years","174","±57","174","(X)","0","±12","0","(X)","3,379","±155","3,379","(X)","2,048","±176","2,048","(X)","2,441","±197","2,441","(X)","2,902","±196","2,902","(X)","2,521","±174","2,521","(X)","2,694","±153","2,694","(X)","2,091","±141","2,091","(X)","1,346","±106","1,346","(X)","2,437","±145","2,437","(X)","2,558","±196","2,558","(X)","2,538","±224","2,538","(X)","1,950","±184","1,950","(X)","3,498","±209","3,498","(X)","2,688","±176","2,688","(X)","1,232","±122","1,232","(X)","2,388","±185","2,388","(X)","2,165","±233","2,165","(X)","2,491","±294","2,491","(X)","1,698","±143","1,698","(X)"
"        With a disability","34","±21","19.5%","±12.6","0","±12","-","**","524","±67","15.5%","±1.8","377","±117","18.4%","±6.0","420","±140","17.2%","±5.3","322","±64","11.1%","±2.2","385","±104","15.3%","±3.9","360","±77","13.4%","±2.9","255","±56","12.2%","±2.4","99","±32","7.4%","±2.3","222","±60","9.1%","±2.6","340","±95","13.3%","±3.3","275","±117","10.8%","±4.3","284","±92","14.6%","±4.5","178","±60","5.1%","±1.8","318","±68","11.8%","±2.5","106","±54","8.6%","±4.4","284","±108","11.9%","±4.4","469","±143","21.7%","±6.2","506","±230","20.3%","±8.4","300","±63","17.7%","±3.7"
"    65 years and over","37","±24","37","(X)","0","±12","0","(X)","796","±61","796","(X)","672","±113","672","(X)","725","±137","725","(X)","907","±87","907","(X)","890","±83","890","(X)","742","±62","742","(X)","620","±60","620","(X)","623","±61","623","(X)","804","±77","804","(X)","887","±66","887","(X)","913","±166","913","(X)","756","±166","756","(X)","827","±89","827","(X)","838","±70","838","(X)","384","±37","384","(X)","520","±72","520","(X)","503","±76","503","(X)","924","±222","924","(X)","640","±58","640","(X)"
"        With a disability","14","±15","37.8%","±39.6","0","±12","-","**","265","±44","33.3%","±4.6","171","±55","25.4%","±7.8","192","±59","26.5%","±7.8","320","±57","35.3%","±6.2","350","±76","39.3%","±6.8","287","±44","38.7%","±5.1","227","±46","36.6%","±5.7","201","±49","32.3%","±6.7","342","±83","42.5%","±9.3","301","±67","33.9%","±7.6","274","±89","30.0%","±6.6","286","±90","37.8%","±7.6","323","±75","39.1%","±6.8","286","±63","34.1%","±6.2","133","±41","34.6%","±10.5","217","±73","41.7%","±11.6","164","±65","32.6%","±11.9","314","±139","34.0%","±13.2","285","±55","44.5%","±7.3"
"RESIDENCE 1 YEAR AGO","","","","","","","","","","","","","","","","","","","","","","","","","","","","","","","","","","","","","","","","","","","","","","","","","","","","","","","","","","","","","","","","","","","","","","","","","","","","","","","","","","","",""
"    Population 1 year and over","316","±93","316","(X)","0","±12","0","(X)","5,912","±153","5,912","(X)","3,436","±270","3,436","(X)","4,185","±252","4,185","(X)","4,677","±232","4,677","(X)","4,449","±309","4,449","(X)","4,816","±287","4,816","(X)","3,460","±222","3,460","(X)","2,455","±154","2,455","(X)","4,194","±201","4,194","(X)","4,276","±274","4,276","(X)","4,293","±265","4,293","(X)","3,466","±183","3,466","(X)","5,012","±259","5,012","(X)","4,820","±330","4,820","(X)","2,153","±213","2,153","(X)","3,765","±281","3,765","(X)","3,185","±293","3,185","(X)","4,503","±427","4,503","(X)","3,029","±194","3,029","(X)"
"        Same house","285","±85","90.2%","±10.1","0","±12","-","**","5,206","±163","88.1%","±1.4","3,270","±266","95.2%","±2.1","3,890","±263","93.0%","±3.2","4,381","±218","93.7%","±2.2","4,013","±314","90.2%","±2.3","4,478","±277","93.0%","±2.1","3,161","±203","91.4%","±3.2","2,333","±143","95.0%","±2.1","3,740","±261","89.2%","±4.4","3,824","±277","89.4%","±3.6","3,781","±278","88.1%","±4.2","3,090","±238","89.2%","±5.4","4,217","±247","84.1%","±3.6","4,320","±325","89.6%","±3.1","1,929","±216","89.6%","±5.6","3,291","±297","87.4%","±4.5","2,237","±390","70.2%","±9.4","4,063","±512","90.2%","±5.1","2,830","±194","93.4%","±2.2"
"        Different house in the U.S.","31","±34","9.8%","±10.1","0","±12","-","**","699","±81","11.8%","±1.4","161","±73","4.7%","±2.1","282","±136","6.7%","±3.2","295","±107","6.3%","±2.2","436","±102","9.8%","±2.3","338","±104","7.0%","±2.1","291","±121","8.4%","±3.3","108","±50","4.4%","±1.9","454","±186","10.8%","±4.4","452","±161","10.6%","±3.6","472","±179","11.0%","±4.0","336","±177","9.7%","±5.0","747","±184","14.9%","±3.5","500","±152","10.4%","±3.1","213","±122","9.9%","±5.5","474","±173","12.6%","±4.5","948","±297","29.8%","±9.4","440","±214","9.8%","±5.1","197","±70","6.5%","±2.3"
"            Same county","9","±13","2.8%","±3.9","0","±12","-","**","531","±75","9.0%","±1.2","93","±49","2.7%","±1.4","200","±118","4.8%","±2.8","138","±68","3.0%","±1.4","141","±60","3.2%","±1.4","232","±82","4.8%","±1.7","182","±74","5.3%","±2.0","73","±48","3.0%","±1.9","353","±182","8.4%","±4.3","407","±160","9.5%","±3.6","309","±121","7.2%","±2.8","176","±160","5.1%","±4.6","361","±162","7.2%","±3.1","322","±120","6.7%","±2.4","145","±88","6.7%","±4.0","310","±143","8.2%","±3.7","753","±295","23.6%","±9.3","378","±213","8.4%","±5.0","156","±58","5.2%","±1.9"
"            Different county","22","±33","7.0%","±10.1","0","±12","-","**","168","±42","2.8%","±0.7","68","±50","2.0%","±1.4","82","±48","2.0%","±1.2","157","±76","3.4%","±1.6","295","±102","6.6%","±2.3","106","±81","2.2%","±1.7","109","±69","3.2%","±1.9","35","±19","1.4%","±0.8","101","±55","2.4%","±1.3","45","±37","1.1%","±0.9","163","±104","3.8%","±2.4","160","±93","4.6%","±2.7","386","±111","7.7%","±2.1","178","±80","3.7%","±1.7","68","±63","3.2%","±2.9","164","±99","4.4%","±2.6","195","±118","6.1%","±3.7","62","±58","1.4%","±1.3","41","±33","1.4%","±1.1"
"                Same state","22","±33","7.0%","±10.1","0","±12","-","**","90","±28","1.5%","±0.5","55","±44","1.6%","±1.3","74","±44","1.8%","±1.1","151","±77","3.2%","±1.6","200","±61","4.5%","±1.4","93","±80","1.9%","±1.6","81","±64","2.3%","±1.8","30","±17","1.2%","±0.7","43","±31","1.0%","±0.7","26","±29","0.6%","±0.7","139","±93","3.2%","±2.1","62","±60","1.8%","±1.8","302","±101","6.0%","±1.9","99","±42","2.1%","±0.9","59","±61","2.7%","±2.8","112","±93","3.0%","±2.4","36","±42","1.1%","±1.3","47","±54","1.0%","±1.2","16","±14","0.5%","±0.5"
"                Different state","0","±12","0.0%","±9.8","0","±12","-","**","78","±34","1.3%","±0.6","13","±22","0.4%","±0.7","8","±17","0.2%","±0.4","6","±10","0.1%","±0.2","95","±70","2.1%","±1.6","13","±11","0.3%","±0.2","28","±24","0.8%","±0.7","5","±7","0.2%","±0.3","58","±47","1.4%","±1.1","19","±17","0.4%","±0.4","24","±18","0.6%","±0.4","98","±81","2.8%","±2.3","84","±42","1.7%","±0.8","79","±68","1.6%","±1.4","9","±14","0.4%","±0.6","52","±56","1.4%","±1.5","159","±112","5.0%","±3.5","15","±23","0.3%","±0.5","25","±30","0.8%","±1.0"
"        Abroad","0","±12","0.0%","±9.8","0","±12","-","**","7","±7","0.1%","±0.1","5","±8","0.1%","±0.2","13","±19","0.3%","±0.4","1","±3","0.0%","±0.1","0","±12","0.0%","±0.7","0","±12","0.0%","±0.7","8","±11","0.2%","±0.3","14","±12","0.6%","±0.5","0","±12","0.0%","±0.8","0","±12","0.0%","±0.8","40","±43","0.9%","±1.0","40","±59","1.2%","±1.7","48","±34","1.0%","±0.7","0","±12","0.0%","±0.7","11","±20","0.5%","±0.9","0","±12","0.0%","±0.9","0","±12","0.0%","±1.0","0","±12","0.0%","±0.7","2","±3","0.1%","±0.1"
"PLACE OF BIRTH","","","","","","","","","","","","","","","","","","","","","","","","","","","","","","","","","","","","","","","","","","","","","","","","","","","","","","","","","","","","","","","","","","","","","","","","","","","","","","","","","","","",""
"    Total population","316","±93","316","(X)","0","±12","0","(X)","5,991","±158","5,991","(X)","3,519","±271","3,519","(X)","4,226","±242","4,226","(X)","4,722","±234","4,722","(X)","4,480","±308","4,480","(X)","4,938","±307","4,938","(X)","3,519","±231","3,519","(X)","2,463","±155","2,463","(X)","4,216","±197","4,216","(X)","4,304","±274","4,304","(X)","4,309","±263","4,309","(X)","3,499","±181","3,499","(X)","5,046","±261","5,046","(X)","4,859","±337","4,859","(X)","2,153","±213","2,153","(X)","3,792","±284","3,792","(X)","3,200","±302","3,200","(X)","4,525","±425","4,525","(X)","3,044","±193","3,044","(X)"
"        Native","309","±93","97.8%","±3.4","0","±12","-","**","5,838","±166","97.4%","±0.9","3,331","±270","94.7%","±3.8","4,219","±242","99.8%","±0.2","4,687","±232","99.3%","±0.5","4,394","±310","98.1%","±1.3","4,922","±312","99.7%","±0.3","3,495","±230","99.3%","±0.6","2,388","±153","97.0%","±1.4","4,177","±194","99.1%","±0.5","4,251","±271","98.8%","±0.9","4,166","±260","96.7%","±1.1","3,467","±186","99.1%","±0.9","4,826","±246","95.6%","±1.6","4,807","±335","98.9%","±0.7","2,126","±214","98.7%","±1.2","3,707","±276","97.8%","±1.9","3,129","±299","97.8%","±1.8","4,390","±449","97.0%","±2.0","3,020","±191","99.2%","±0.6"
"            Born in United States","309","±93","97.8%","±3.4","0","±12","-","**","5,742","±170","95.8%","±1.1","3,331","±270","94.7%","±3.8","4,219","±242","99.8%","±0.2","4,679","±232","99.1%","±0.5","4,371","±312","97.6%","±1.3","4,884","±307","98.9%","±0.7","3,451","±229","98.1%","±1.1","2,377","±152","96.5%","±1.6","4,122","±192","97.8%","±1.0","4,241","±271","98.5%","±0.9","4,163","±260","96.6%","±1.1","3,467","±186","99.1%","±0.9","4,784","±246","94.8%","±1.8","4,774","±337","98.3%","±1.0","2,097","±215","97.4%","±1.8","3,707","±276","97.8%","±1.9","3,129","±299","97.8%","±1.8","4,375","±451","96.7%","±2.1","3,020","±191","99.2%","±0.6"
"                State of residence","296","±96","93.7%","±8.9","0","±12","-","**","4,957","±143","82.7%","±1.5","2,838","±233","80.6%","±4.5","3,908","±243","92.5%","±1.9","4,011","±242","84.9%","±2.8","3,977","±314","88.8%","±2.4","4,419","±297","89.5%","±1.5","2,991","±222","85.0%","±2.4","2,022","±137","82.1%","±2.9","3,565","±194","84.6%","±3.0","3,452","±276","80.2%","±2.7","3,420","±256","79.4%","±3.5","2,977","±197","85.1%","±3.6","3,478","±242","68.9%","±3.4","4,048","±311","83.3%","±2.5","1,714","±210","79.6%","±7.1","3,107","±295","81.9%","±4.3","2,486","±263","77.7%","±5.7","3,566","±451","78.8%","±5.3","2,580","±171","84.8%","±3.1"
"                Different state","13","±18","4.1%","±5.8","0","±12","-","**","785","±87","13.1%","±1.3","493","±141","14.0%","±3.7","311","±79","7.4%","±1.9","668","±134","14.1%","±2.8","394","±86","8.8%","±2.0","465","±69","9.4%","±1.4","460","±82","13.1%","±2.3","355","±70","14.4%","±2.6","557","±124","13.2%","±2.8","789","±116","18.3%","±2.8","743","±157","17.2%","±3.5","490","±126","14.0%","±3.5","1,306","±155","25.9%","±2.9","726","±120","14.9%","±2.3","383","±163","17.8%","±7.0","600","±152","15.8%","±4.0","643","±193","20.1%","±5.2","809","±228","17.9%","±4.9","440","±103","14.5%","±3.1"
"            Born in Puerto Rico, U.S. Island areas, or born abroad to American parent(s)","0","±12","0.0%","±9.8","0","±12","-","**","96","±33","1.6%","±0.6","0","±12","0.0%","±0.9","0","±12","0.0%","±0.8","8","±10","0.2%","±0.2","23","±17","0.5%","±0.4","38","±29","0.8%","±0.6","44","±29","1.3%","±0.8","11","±16","0.4%","±0.7","55","±36","1.3%","±0.9","10","±11","0.2%","±0.3","3","±4","0.1%","±0.1","0","±12","0.0%","±0.9","42","±29","0.8%","±0.6","33","±27","0.7%","±0.6","29","±32","1.3%","±1.5","0","±12","0.0%","±0.9","0","±12","0.0%","±1.0","15","±26","0.3%","±0.6","0","±12","0.0%","±1.1"
"        Foreign born","7","±11","2.2%","±3.4","0","±12","-","**","153","±52","2.6%","±0.9","188","±137","5.3%","±3.8","7","±9","0.2%","±0.2","35","±22","0.7%","±0.5","86","±56","1.9%","±1.3","16","±16","0.3%","±0.3","24","±21","0.7%","±0.6","75","±36","3.0%","±1.4","39","±22","0.9%","±0.5","53","±37","1.2%","±0.9","143","±46","3.3%","±1.1","32","±31","0.9%","±0.9","220","±84","4.4%","±1.6","52","±34","1.1%","±0.7","27","±25","1.3%","±1.2","85","±73","2.2%","±1.9","71","±60","2.2%","±1.8","135","±88","3.0%","±2.0","24","±19","0.8%","±0.6"
"U.S. CITIZENSHIP STATUS","","","","","","","","","","","","","","","","","","","","","","","","","","","","","","","","","","","","","","","","","","","","","","","","","","","","","","","","","","","","","","","","","","","","","","","","","","","","","","","","","","","",""
"    Foreign-born population","7","±11","7","(X)","0","±12","0","(X)","153","±52","153","(X)","188","±137","188","(X)","7","±9","7","(X)","35","±22","35","(X)","86","±56","86","(X)","16","±16","16","(X)","24","±21","24","(X)","75","±36","75","(X)","39","±22","39","(X)","53","±37","53","(X)","143","±46","143","(X)","32","±31","32","(X)","220","±84","220","(X)","52","±34","52","(X)","27","±25","27","(X)","85","±73","85","(X)","71","±60","71","(X)","135","±88","135","(X)","24","±19","24","(X)"
"        Naturalized U.S. citizen","7","±11","100.0%","±100.0","0","±12","-","**","92","±35","60.1%","±14.1","150","±123","79.8%","±19.1","4","±7","57.1%","±57.1","24","±19","68.6%","±29.3","49","±31","57.0%","±19.3","16","±16","100.0%","±74.1","19","±19","79.2%","±36.0","38","±25","50.7%","±22.4","16","±16","41.0%","±31.7","48","±36","90.6%","±14.6","128","±45","89.5%","±9.9","12","±14","37.5%","±37.3","27","±21","12.3%","±10.2","35","±28","67.3%","±29.7","12","±15","44.4%","±46.2","70","±70","82.4%","±25.2","37","±34","52.1%","±42.9","99","±70","73.3%","±31.4","19","±17","79.2%","±23.7"
"        Not a U.S. citizen","0","±12","0.0%","±100.0","0","±12","-","**","61","±32","39.9%","±14.1","38","±38","20.2%","±19.1","3","±5","42.9%","±57.1","11","±11","31.4%","±29.3","37","±33","43.0%","±19.3","0","±12","0.0%","±74.1","5","±9","20.8%","±36.0","37","±24","49.3%","±22.4","23","±15","59.0%","±31.7","5","±7","9.4%","±14.6","15","±14","10.5%","±9.9","20","±25","62.5%","±37.3","193","±82","87.7%","±10.2","17","±18","32.7%","±29.7","15","±20","55.6%","±46.2","15","±17","17.6%","±25.2","34","±47","47.9%","±42.9","36","±53","26.7%","±31.4","5","±6","20.8%","±23.7"
"YEAR OF ENTRY","","","","","","","","","","","","","","","","","","","","","","","","","","","","","","","","","","","","","","","","","","","","","","","","","","","","","","","","","","","","","","","","","","","","","","","","","","","","","","","","","","","",""
"    Population born outside the United States","7","±11","7","(X)","0","±12","0","(X)","249","±65","249","(X)","188","±137","188","(X)","7","±9","7","(X)","43","±23","43","(X)","109","±59","109","(X)","54","±34","54","(X)","68","±40","68","(X)","86","±40","86","(X)","94","±42","94","(X)","63","±39","63","(X)","146","±47","146","(X)","32","±31","32","(X)","262","±97","262","(X)","85","±48","85","(X)","56","±39","56","(X)","85","±73","85","(X)","71","±60","71","(X)","150","±91","150","(X)","24","±19","24","(X)"
"        Native","0","±12","0","(X)","0","±12","0","(X)","96","±33","96","(X)","0","±12","0","(X)","0","±12","0","(X)","8","±10","8","(X)","23","±17","23","(X)","38","±29","38","(X)","44","±29","44","(X)","11","±16","11","(X)","55","±36","55","(X)","10","±11","10","(X)","3","±4","3","(X)","0","±12","0","(X)","42","±29","42","(X)","33","±27","33","(X)","29","±32","29","(X)","0","±12","0","(X)","0","±12","0","(X)","15","±26","15","(X)","0","±12","0","(X)"
"            Entered 2010 or later","0","±12","-","**","0","±12","-","**","6","±9","6.3%","±8.2","0","±12","-","**","0","±12","-","**","0","±12","0.0%","±100.0","8","±11","34.8%","±38.8","0","±12","0.0%","±48.1","5","±10","11.4%","±19.9","0","±12","0.0%","±89.4","0","±12","0.0%","±40.0","0","±12","0.0%","±93.8","0","±12","0.0%","±100.0","0","±12","-","**","0","±17","0.0%","±45.8","0","±12","0.0%","±51.6","0","±12","0.0%","±55.1","0","±12","-","**","0","±12","-","**","0","±12","0.0%","±76.6","0","±12","-","**"
"            Entered before 2010","0","±12","-","**","0","±12","-","**","90","±31","93.8%","±8.2","0","±12","-","**","0","±12","-","**","8","±10","100.0%","±100.0","15","±13","65.2%","±38.8","38","±29","100.0%","±48.1","39","±25","88.6%","±19.9","11","±16","100.0%","±89.4","55","±36","100.0%","±40.0","10","±11","100.0%","±93.8","3","±4","100.0%","±100.0","0","±12","-","**","42","±29","100.0%","±45.8","33","±27","100.0%","±51.6","29","±32","100.0%","±55.1","0","±12","-","**","0","±12","-","**","15","±26","100.0%","±76.6","0","±12","-","**"
"        Foreign born","7","±11","7","(X)","0","±12","0","(X)","153","±52","153","(X)","188","±137","188","(X)","7","±9","7","(X)","35","±22","35","(X)","86","±56","86","(X)","16","±16","16","(X)","24","±21","24","(X)","75","±36","75","(X)","39","±22","39","(X)","53","±37","53","(X)","143","±46","143","(X)","32","±31","32","(X)","220","±84","220","(X)","52","±34","52","(X)","27","±25","27","(X)","85","±73","85","(X)","71","±60","71","(X)","135","±88","135","(X)","24","±19","24","(X)"
"            Entered 2010 or later","7","±11","100.0%","±100.0","0","±12","-","**","46","±32","30.1%","±15.6","66","±64","35.1%","±29.8","0","±12","0.0%","±100.0","1","±3","2.9%","±7.8","13","±15","15.1%","±19.6","0","±12","0.0%","±74.1","0","±12","0.0%","±60.5","1","±3","1.3%","±4.0","1","±4","2.6%","±12.7","9","±19","17.0%","±25.8","3","±5","2.1%","±3.4","0","±12","0.0%","±52.4","75","±42","34.1%","±17.1","0","±12","0.0%","±41.1","11","±20","40.7%","±50.8","25","±33","29.4%","±22.6","19","±27","26.8%","±24.7","17","±30","12.6%","±21.7","0","±12","0.0%","±60.5"
"            Entered before 2010","0","±12","0.0%","±100.0","0","±12","-","**","107","±37","69.9%","±15.6","122","±112","64.9%","±29.8","7","±9","100.0%","±100.0","34","±22","97.1%","±7.8","73","±54","84.9%","±19.6","16","±16","100.0%","±74.1","24","±21","100.0%","±60.5","74","±37","98.7%","±4.0","38","±23","97.4%","±12.7","44","±26","83.0%","±25.8","140","±46","97.9%","±3.4","32","±31","100.0%","±52.4","145","±69","65.9%","±17.1","52","±34","100.0%","±41.1","16","±17","59.3%","±50.8","60","±45","70.6%","±22.6","52","±41","73.2%","±24.7","118","±80","87.4%","±21.7","24","±19","100.0%","±60.5"
"WORLD REGION OF BIRTH OF FOREIGN BORN","","","","","","","","","","","","","","","","","","","","","","","","","","","","","","","","","","","","","","","","","","","","","","","","","","","","","","","","","","","","","","","","","","","","","","","","","","","","","","","","","","","",""
"    Foreign-born population, excluding population born at sea","7","±11","7","(X)","0","±12","0","(X)","153","±52","153","(X)","188","±137","188","(X)","7","±9","7","(X)","35","±22","35","(X)","86","±56","86","(X)","16","±16","16","(X)","24","±21","24","(X)","75","±36","75","(X)","39","±22","39","(X)","53","±37","53","(X)","143","±46","143","(X)","32","±31","32","(X)","220","±84","220","(X)","52","±34","52","(X)","27","±25","27","(X)","85","±73","85","(X)","71","±60","71","(X)","135","±88","135","(X)","24","±19","24","(X)"
"        Europe","0","±12","0.0%","±100.0","0","±12","-","**","28","±17","18.3%","±10.7","78","±98","41.5%","±36.8","4","±7","57.1%","±57.1","21","±16","60.0%","±28.4","16","±15","18.6%","±20.5","12","±15","75.0%","±38.7","7","±7","29.2%","±30.8","44","±26","58.7%","±16.8","25","±20","64.1%","±26.0","23","±18","43.4%","±31.0","45","±32","31.5%","±20.1","0","±12","0.0%","±52.4","68","±42","30.9%","±15.2","29","±27","55.8%","±34.3","8","±12","29.6%","±43.1","17","±18","20.0%","±28.5","0","±12","0.0%","±34.8","48","±61","35.6%","±38.4","5","±7","20.8%","±30.4"
"        Asia","7","±11","100.0%","±100.0","0","±12","-","**","44","±32","28.8%","±15.0","38","±55","20.2%","±28.9","3","±5","42.9%","±57.1","5","±8","14.3%","±24.2","3","±5","3.5%","±6.1","0","±12","0.0%","±74.1","0","±12","0.0%","±60.5","2","±3","2.7%","±4.2","1","±4","2.6%","±12.7","24","±30","45.3%","±32.8","60","±38","42.0%","±22.2","12","±20","37.5%","±50.2","78","±49","35.5%","±15.9","10","±14","19.2%","±25.7","8","±11","29.6%","±39.1","51","±69","60.0%","±46.6","43","±49","60.6%","±42.3","68","±58","50.4%","±40.1","1","±2","4.2%","±11.1"
"        Africa","0","±12","0.0%","±100.0","0","±12","-","**","8","±7","5.2%","±4.8","0","±12","0.0%","±15.8","0","±12","0.0%","±100.0","0","±12","0.0%","±50.1","0","±12","0.0%","±30.5","0","±12","0.0%","±74.1","0","±12","0.0%","±60.5","0","±12","0.0%","±33.5","0","±12","0.0%","±47.5","0","±12","0.0%","±40.7","2","±5","1.4%","±3.9","0","±12","0.0%","±52.4","4","±7","1.8%","±3.4","1","±3","1.9%","±7.8","0","±12","0.0%","±57.1","0","±12","0.0%","±30.7","0","±12","0.0%","±34.8","0","±12","0.0%","±21.2","0","±12","0.0%","±60.5"
"        Oceania","0","±12","0.0%","±100.0","0","±12","-","**","0","±17","0.0%","±19.0","0","±12","0.0%","±15.8","0","±12","0.0%","±100.0","0","±12","0.0%","±50.1","0","±12","0.0%","±30.5","0","±12","0.0%","±74.1","0","±12","0.0%","±60.5","0","±12","0.0%","±33.5","0","±12","0.0%","±47.5","0","±12","0.0%","±40.7","0","±12","0.0%","±20.2","0","±12","0.0%","±52.4","0","±17","0.0%","±13.7","0","±12","0.0%","±41.1","0","±12","0.0%","±57.1","0","±12","0.0%","±30.7","0","±12","0.0%","±34.8","0","±12","0.0%","±21.2","0","±12","0.0%","±60.5"
"        Latin America","0","±12","0.0%","±100.0","0","±12","-","**","58","±26","37.9%","±13.6","48","±61","25.5%","±29.9","0","±12","0.0%","±100.0","1","±3","2.9%","±7.8","58","±52","67.4%","±27.2","0","±12","0.0%","±74.1","17","±20","70.8%","±30.8","4","±6","5.3%","±7.4","5","±7","12.8%","±17.8","0","±12","0.0%","±40.7","12","±13","8.4%","±8.8","20","±24","62.5%","±50.2","45","±31","20.5%","±14.3","0","±12","0.0%","±41.1","0","±12","0.0%","±57.1","6","±10","7.1%","±13.2","28","±34","39.4%","±42.3","19","±37","14.1%","±23.4","4","±5","16.7%","±21.6"
"        Northern America","0","±12","0.0%","±100.0","0","±12","-","**","15","±17","9.8%","±10.9","24","±26","12.8%","±16.0","0","±12","0.0%","±100.0","8","±11","22.9%","±25.8","9","±11","10.5%","±13.4","4","±6","25.0%","±38.7","0","±12","0.0%","±60.5","25","±19","33.3%","±16.3","8","±6","20.5%","±17.7","6","±8","11.3%","±16.4","24","±22","16.8%","±15.6","0","±12","0.0%","±52.4","25","±20","11.4%","±7.5","12","±16","23.1%","±29.0","11","±20","40.7%","±50.8","11","±17","12.9%","±26.0","0","±12","0.0%","±34.8","0","±12","0.0%","±21.2","14","±15","58.3%","±38.3"
"LANGUAGE SPOKEN AT HOME","","","","","","","","","","","","","","","","","","","","","","","","","","","","","","","","","","","","","","","","","","","","","","","","","","","","","","","","","","","","","","","","","","","","","","","","","","","","","","","","","","","",""
"    Population 5 years and over","294","±84","294","(X)","0","±12","0","(X)","5,511","±154","5,511","(X)","3,265","±255","3,265","(X)","4,050","±250","4,050","(X)","4,418","±232","4,418","(X)","4,201","±285","4,201","(X)","4,526","±265","4,526","(X)","3,295","±208","3,295","(X)","2,348","±144","2,348","(X)","3,963","±219","3,963","(X)","4,109","±267","4,109","(X)","4,197","±259","4,197","(X)","3,285","±199","3,285","(X)","4,806","±252","4,806","(X)","4,492","±281","4,492","(X)","2,079","±200","2,079","(X)","3,580","±264","3,580","(X)","3,160","±282","3,160","(X)","4,218","±416","4,218","(X)","2,925","±176","2,925","(X)"
"        English only","209","±88","71.1%","±27.6","0","±12","-","**","5,072","±161","92.0%","±1.4","3,018","±261","92.4%","±4.4","4,028","±250","99.5%","±0.4","4,299","±236","97.3%","±1.3","4,064","±287","96.7%","±1.4","3,771","±238","83.3%","±5.0","3,185","±201","96.7%","±1.4","2,277","±147","97.0%","±1.9","3,881","±218","97.9%","±1.3","4,076","±266","99.2%","±0.5","4,107","±264","97.9%","±1.0","3,141","±207","95.6%","±3.4","4,536","±252","94.4%","±1.9","4,193","±261","93.3%","±2.3","2,036","±212","97.9%","±2.1","3,479","±252","97.2%","±2.1","3,063","±280","96.9%","±2.2","4,053","±427","96.1%","±2.8","2,829","±189","96.7%","±3.1"
"        Language other than English","85","±89","28.9%","±27.6","0","±12","-","**","439","±78","8.0%","±1.4","247","±144","7.6%","±4.4","22","±17","0.5%","±0.4","119","±59","2.7%","±1.3","137","±59","3.3%","±1.4","755","±245","16.7%","±5.0","110","±48","3.3%","±1.4","71","±45","3.0%","±1.9","82","±52","2.1%","±1.3","33","±22","0.8%","±0.5","90","±42","2.1%","±1.0","144","±112","4.4%","±3.4","270","±91","5.6%","±1.9","299","±110","6.7%","±2.3","43","±43","2.1%","±2.1","101","±78","2.8%","±2.1","97","±70","3.1%","±2.2","165","±114","3.9%","±2.8","96","±91","3.3%","±3.1"
"            Speak English less than ""very well""","0","±12","0.0%","±10.5","0","±12","-","**","145","±35","2.6%","±0.6","78","±61","2.4%","±1.8","6","±8","0.1%","±0.2","49","±40","1.1%","±0.9","64","±39","1.5%","±0.9","423","±139","9.3%","±2.9","49","±31","1.5%","±0.9","15","±17","0.6%","±0.7","59","±45","1.5%","±1.1","8","±9","0.2%","±0.2","56","±38","1.3%","±0.9","86","±68","2.6%","±2.0","79","±42","1.6%","±0.8","113","±59","2.5%","±1.3","4","±8","0.2%","±0.4","45","±39","1.3%","±1.1","29","±29","0.9%","±0.9","111","±75","2.6%","±1.8","43","±49","1.5%","±1.7"
"        Spanish","0","±12","0.0%","±10.5","0","±12","-","**","150","±52","2.7%","±0.9","76","±70","2.3%","±2.1","0","±12","0.0%","±0.8","46","±39","1.0%","±0.9","85","±45","2.0%","±1.1","72","±74","1.6%","±1.6","40","±20","1.2%","±0.6","26","±33","1.1%","±1.4","4","±8","0.1%","±0.2","5","±7","0.1%","±0.2","16","±14","0.4%","±0.3","47","±36","1.4%","±1.1","96","±56","2.0%","±1.2","47","±34","1.0%","±0.8","0","±12","0.0%","±1.5","0","±12","0.0%","±0.9","28","±45","0.9%","±1.4","69","±84","1.6%","±2.0","30","±22","1.0%","±0.7"
"            Speak English less than ""very well""","0","±12","0.0%","±10.5","0","±12","-","**","70","±26","1.3%","±0.5","31","±34","0.9%","±1.0","0","±12","0.0%","±0.8","21","±25","0.5%","±0.6","43","±32","1.0%","±0.8","21","±27","0.5%","±0.6","14","±15","0.4%","±0.4","4","±6","0.2%","±0.2","0","±12","0.0%","±0.8","5","±7","0.1%","±0.2","6","±11","0.1%","±0.3","28","±40","0.9%","±1.2","6","±12","0.1%","±0.3","6","±6","0.1%","±0.1","0","±12","0.0%","±1.5","0","±12","0.0%","±0.9","0","±12","0.0%","±1.0","38","±44","0.9%","±1.0","12","±18","0.4%","±0.6"
"        Other Indo-European languages","0","±12","0.0%","±10.5","0","±12","-","**","71","±34","1.3%","±0.6","160","±123","4.9%","±3.7","16","±13","0.4%","±0.3","68","±42","1.5%","±0.9","42","±25","1.0%","±0.6","683","±222","15.1%","±4.5","61","±41","1.9%","±1.2","32","±23","1.4%","±1.0","75","±52","1.9%","±1.3","25","±20","0.6%","±0.5","19","±21","0.5%","±0.5","79","±105","2.4%","±3.2","116","±48","2.4%","±1.0","236","±105","5.3%","±2.2","39","±42","1.9%","±2.1","90","±77","2.5%","±2.1","7","±12","0.2%","±0.4","59","±63","1.4%","±1.5","65","±87","2.2%","±3.0"
"            Speak English less than ""very well""","0","±12","0.0%","±10.5","0","±12","-","**","25","±12","0.5%","±0.2","47","±48","1.4%","±1.5","6","±8","0.1%","±0.2","23","±30","0.5%","±0.7","13","±14","0.3%","±0.3","402","±132","8.9%","±2.7","35","±29","1.1%","±0.9","11","±16","0.5%","±0.7","59","±45","1.5%","±1.1","3","±6","0.1%","±0.2","3","±4","0.1%","±0.1","46","±55","1.4%","±1.7","46","±30","1.0%","±0.6","97","±57","2.2%","±1.2","0","±12","0.0%","±1.5","34","±36","0.9%","±1.0","0","±12","0.0%","±1.0","36","±55","0.9%","±1.3","30","±45","1.0%","±1.5"
"        Asian and Pacific Islander languages","0","±12","0.0%","±10.5","0","±12","-","**","19","±21","0.3%","±0.4","0","±12","0.0%","±1.0","0","±12","0.0%","±0.8","0","±12","0.0%","±0.7","3","±5","0.1%","±0.1","0","±12","0.0%","±0.7","0","±12","0.0%","±1.0","0","±12","0.0%","±1.4","1","±4","0.0%","±0.1","3","±8","0.1%","±0.2","55","±37","1.3%","±0.9","18","±31","0.5%","±0.9","47","±29","1.0%","±0.6","6","±8","0.1%","±0.2","4","±8","0.2%","±0.4","0","±12","0.0%","±0.9","34","±47","1.1%","±1.5","37","±46","0.9%","±1.1","1","±2","0.0%","±0.1"
"            Speak English less than ""very well""","0","±12","0.0%","±10.5","0","±12","-","**","9","±10","0.2%","±0.2","0","±12","0.0%","±1.0","0","±12","0.0%","±0.8","0","±12","0.0%","±0.7","3","±5","0.1%","±0.1","0","±12","0.0%","±0.7","0","±12","0.0%","±1.0","0","±12","0.0%","±1.4","0","±12","0.0%","±0.8","0","±12","0.0%","±0.8","47","±37","1.1%","±0.9","12","±20","0.4%","±0.6","23","±23","0.5%","±0.5","0","±12","0.0%","±0.7","4","±8","0.2%","±0.4","0","±12","0.0%","±0.9","19","±26","0.6%","±0.8","37","±46","0.9%","±1.1","1","±2","0.0%","±0.1"
"        Other languages","85","±89","28.9%","±27.6","0","±12","-","**","199","±49","3.6%","±0.9","11","±17","0.3%","±0.5","6","±10","0.1%","±0.2","5","±7","0.1%","±0.2","7","±7","0.2%","±0.2","0","±12","0.0%","±0.7","9","±10","0.3%","±0.3","13","±19","0.6%","±0.8","2","±4","0.1%","±0.1","0","±12","0.0%","±0.8","0","±12","0.0%","±0.8","0","±12","0.0%","±1.0","11","±15","0.2%","±0.3","10","±14","0.2%","±0.3","0","±12","0.0%","±1.5","11","±15","0.3%","±0.4","28","±25","0.9%","±0.8","0","±12","0.0%","±0.8","0","±12","0.0%","±1.1"
"            Speak English less than ""very well""","0","±12","0.0%","±10.5","0","±12","-","**","41","±18","0.7%","±0.3","0","±12","0.0%","±1.0","0","±12","0.0%","±0.8","5","±7","0.1%","±0.2","5","±7","0.1%","±0.2","0","±12","0.0%","±0.7","0","±12","0.0%","±1.0","0","±12","0.0%","±1.4","0","±12","0.0%","±0.8","0","±12","0.0%","±0.8","0","±12","0.0%","±0.8","0","±12","0.0%","±1.0","4","±7","0.1%","±0.2","10","±14","0.2%","±0.3","0","±12","0.0%","±1.5","11","±15","0.3%","±0.4","10","±15","0.3%","±0.5","0","±12","0.0%","±0.8","0","±12","0.0%","±1.1"
"ANCESTRY","","","","","","","","","","","","","","","","","","","","","","","","","","","","","","","","","","","","","","","","","","","","","","","","","","","","","","","","","","","","","","","","","","","","","","","","","","","","","","","","","","","",""
"    Total population","316","±93","316","(X)","0","±12","0","(X)","5,991","±158","5,991","(X)","3,519","±271","3,519","(X)","4,226","±242","4,226","(X)","4,722","±234","4,722","(X)","4,480","±308","4,480","(X)","4,938","±307","4,938","(X)","3,519","±231","3,519","(X)","2,463","±155","2,463","(X)","4,216","±197","4,216","(X)","4,304","±274","4,304","(X)","4,309","±263","4,309","(X)","3,499","±181","3,499","(X)","5,046","±261","5,046","(X)","4,859","±337","4,859","(X)","2,153","±213","2,153","(X)","3,792","±284","3,792","(X)","3,200","±302","3,200","(X)","4,525","±425","4,525","(X)","3,044","±193","3,044","(X)"
"        American","5","±7","1.6%","±2.4","0","±12","-","**","116","±38","1.9%","±0.6","146","±61","4.1%","±1.8","211","±98","5.0%","±2.3","195","±72","4.1%","±1.5","264","±138","5.9%","±3.0","133","±54","2.7%","±1.1","173","±54","4.9%","±1.5","46","±20","1.9%","±0.8","318","±118","7.5%","±2.7","170","±100","3.9%","±2.3","171","±93","4.0%","±2.1","189","±90","5.4%","±2.6","144","±60","2.9%","±1.2","240","±66","4.9%","±1.4","122","±76","5.7%","±3.5","79","±65","2.1%","±1.7","94","±64","2.9%","±2.1","193","±129","4.3%","±2.8","157","±42","5.2%","±1.4"
"        Arab","0","±12","0.0%","±9.8","0","±12","-","**","14","±9","0.2%","±0.2","0","±12","0.0%","±0.9","0","±12","0.0%","±0.8","8","±11","0.2%","±0.2","0","±12","0.0%","±0.7","0","±12","0.0%","±0.7","0","±12","0.0%","±0.9","0","±12","0.0%","±1.3","0","±12","0.0%","±0.8","28","±23","0.7%","±0.5","9","±9","0.2%","±0.2","91","±135","2.6%","±3.8","67","±67","1.3%","±1.3","1","±3","0.0%","±0.1","121","±136","5.6%","±6.4","94","±64","2.5%","±1.7","101","±63","3.2%","±2.0","62","±68","1.4%","±1.5","1","±3","0.0%","±0.1"
"        Czech","0","±12","0.0%","±9.8","0","±12","-","**","0","±17","0.0%","±0.5","12","±18","0.3%","±0.5","27","±42","0.6%","±1.0","8","±12","0.2%","±0.3","41","±52","0.9%","±1.2","7","±10","0.1%","±0.2","0","±12","0.0%","±0.9","11","±12","0.4%","±0.5","0","±12","0.0%","±0.8","5","±8","0.1%","±0.2","11","±13","0.3%","±0.3","7","±11","0.2%","±0.3","11","±12","0.2%","±0.2","0","±12","0.0%","±0.7","0","±12","0.0%","±1.5","114","±139","3.0%","±3.7","0","±12","0.0%","±1.0","0","±12","0.0%","±0.7","0","±12","0.0%","±1.1"
"        Danish","0","±12","0.0%","±9.8","0","±12","-","**","9","±12","0.2%","±0.2","0","±12","0.0%","±0.9","6","±12","0.1%","±0.3","3","±4","0.1%","±0.1","18","±17","0.4%","±0.4","0","±12","0.0%","±0.7","1","±4","0.0%","±0.1","2","±4","0.1%","±0.2","10","±12","0.2%","±0.3","0","±12","0.0%","±0.8","5","±7","0.1%","±0.2","6","±10","0.2%","±0.3","8","±11","0.2%","±0.2","12","±8","0.2%","±0.2","0","±12","0.0%","±1.5","0","±12","0.0%","±0.9","0","±12","0.0%","±1.0","0","±12","0.0%","±0.7","0","±12","0.0%","±1.1"
"        Dutch","0","±12","0.0%","±9.8","0","±12","-","**","76","±27","1.3%","±0.4","139","±77","3.9%","±2.2","140","±72","3.3%","±1.7","102","±57","2.2%","±1.2","48","±32","1.1%","±0.7","265","±124","5.4%","±2.4","51","±20","1.4%","±0.6","68","±39","2.8%","±1.6","63","±39","1.5%","±0.9","114","±67","2.6%","±1.5","76","±48","1.8%","±1.1","83","±60","2.4%","±1.8","154","±80","3.1%","±1.5","121","±42","2.5%","±0.9","8","±14","0.4%","±0.6","75","±53","2.0%","±1.4","61","±60","1.9%","±1.9","73","±50","1.6%","±1.2","41","±25","1.3%","±0.8"
"        English","14","±18","4.4%","±6.1","0","±12","-","**","369","±60","6.2%","±1.0","619","±168","17.6%","±4.8","287","±98","6.8%","±2.3","516","±95","10.9%","±2.0","562","±83","12.5%","±2.1","499","±80","10.1%","±1.7","392","±93","11.1%","±2.7","330","±73","13.4%","±2.7","563","±177","13.4%","±4.1","688","±186","16.0%","±4.5","458","±117","10.6%","±2.6","515","±147","14.7%","±4.3","634","±139","12.6%","±2.6","645","±121","13.3%","±2.5","167","±65","7.8%","±3.2","438","±185","11.6%","±4.8","351","±135","11.0%","±4.3","467","±233","10.3%","±5.5","323","±88","10.6%","±3.0"
"        French (except Basque)","0","±12","0.0%","±9.8","0","±12","-","**","93","±29","1.6%","±0.5","54","±26","1.5%","±0.8","108","±68","2.6%","±1.6","160","±71","3.4%","±1.5","130","±74","2.9%","±1.6","87","±29","1.8%","±0.6","98","±35","2.8%","±1.0","75","±39","3.0%","±1.6","192","±115","4.6%","±2.6","42","±23","1.0%","±0.5","135","±84","3.1%","±1.9","52","±34","1.5%","±1.0","107","±48","2.1%","±0.9","147","±52","3.0%","±1.1","106","±121","4.9%","±5.5","118","±81","3.1%","±2.2","78","±68","2.4%","±2.1","75","±69","1.7%","±1.6","83","±43","2.7%","±1.4"
"        French Canadian","0","±12","0.0%","±9.8","0","±12","-","**","17","±10","0.3%","±0.2","56","±36","1.6%","±1.0","39","±31","0.9%","±0.7","17","±17","0.4%","±0.4","46","±31","1.0%","±0.7","20","±13","0.4%","±0.3","27","±26","0.8%","±0.7","34","±36","1.4%","±1.5","59","±36","1.4%","±0.9","31","±27","0.7%","±0.6","32","±21","0.7%","±0.5","8","±12","0.2%","±0.3","62","±48","1.2%","±0.9","12","±11","0.2%","±0.2","0","±12","0.0%","±1.5","10","±17","0.3%","±0.4","18","±34","0.6%","±1.1","0","±12","0.0%","±0.7","8","±8","0.3%","±0.3"
"        German","0","±12","0.0%","±9.8","0","±12","-","**","1,017","±115","17.0%","±1.9","1,082","±175","30.7%","±4.5","1,683","±227","39.8%","±4.8","2,013","±213","42.6%","±4.1","1,337","±188","29.8%","±3.9","1,669","±219","33.8%","±4.8","1,035","±149","29.4%","±4.0","930","±132","37.8%","±4.4","1,348","±213","32.0%","±4.9","1,344","±227","31.2%","±4.9","1,266","±219","29.4%","±4.8","751","±165","21.5%","±4.5","1,414","±201","28.0%","±3.9","1,269","±204","26.1%","±3.4","449","±154","20.9%","±7.0","874","±231","23.0%","±5.6","523","±149","16.3%","±4.7","937","±338","20.7%","±7.1","844","±140","27.7%","±3.9"
"        Greek","0","±12","0.0%","±9.8","0","±12","-","**","17","±16","0.3%","±0.3","0","±12","0.0%","±0.9","7","±10","0.2%","±0.2","0","±12","0.0%","±0.7","3","±5","0.1%","±0.1","3","±4","0.1%","±0.1","10","±9","0.3%","±0.3","24","±26","1.0%","±1.0","8","±11","0.2%","±0.3","0","±12","0.0%","±0.8","34","±26","0.8%","±0.6","0","±12","0.0%","±0.9","17","±18","0.3%","±0.4","6","±9","0.1%","±0.2","0","±12","0.0%","±1.5","41","±38","1.1%","±1.0","33","±48","1.0%","±1.5","0","±12","0.0%","±0.7","4","±9","0.1%","±0.3"
"        Hungarian","0","±12","0.0%","±9.8","0","±12","-","**","13","±11","0.2%","±0.2","0","±12","0.0%","±0.9","4","±6","0.1%","±0.2","39","±24","0.8%","±0.5","41","±29","0.9%","±0.6","6","±6","0.1%","±0.1","7","±8","0.2%","±0.2","17","±11","0.7%","±0.4","6","±8","0.1%","±0.2","24","±23","0.6%","±0.5","0","±12","0.0%","±0.8","0","±12","0.0%","±0.9","49","±34","1.0%","±0.7","2","±3","0.0%","±0.1","0","±12","0.0%","±1.5","14","±20","0.4%","±0.5","39","±78","1.2%","±2.3","19","±29","0.4%","±0.6","14","±12","0.5%","±0.4"
"        Irish","14","±18","4.4%","±6.1","0","±12","-","**","804","±103","13.4%","±1.7","560","±165","15.9%","±4.4","896","±175","21.2%","±4.0","746","±162","15.8%","±3.2","641","±142","14.3%","±3.0","622","±120","12.6%","±2.6","633","±128","18.0%","±3.6","573","±117","23.3%","±4.3","667","±151","15.8%","±3.7","787","±138","18.3%","±3.3","993","±184","23.0%","±4.2","660","±230","18.9%","±6.6","883","±148","17.5%","±2.9","611","±128","12.6%","±2.6","446","±217","20.7%","±9.6","877","±240","23.1%","±6.0","701","±242","21.9%","±6.7","1,124","±324","24.8%","±6.8","680","±186","22.3%","±5.7"
"        Italian","0","±12","0.0%","±9.8","0","±12","-","**","304","±52","5.1%","±0.9","154","±79","4.4%","±2.2","279","±120","6.6%","±2.8","263","±70","5.6%","±1.4","675","±196","15.1%","±4.0","198","±79","4.0%","±1.6","164","±55","4.7%","±1.6","230","±61","9.3%","±2.6","210","±54","5.0%","±1.3","446","±145","10.4%","±3.1","501","±112","11.6%","±2.3","259","±91","7.4%","±2.5","514","±110","10.2%","±2.1","361","±139","7.4%","±2.8","355","±146","16.5%","±6.3","599","±212","15.8%","±5.5","400","±135","12.5%","±4.4","852","±439","18.8%","±9.0","310","±98","10.2%","±3.0"
"        Lithuanian","8","±11","2.5%","±3.7","0","±12","-","**","0","±17","0.0%","±0.5","0","±12","0.0%","±0.9","3","±5","0.1%","±0.1","6","±6","0.1%","±0.1","9","±8","0.2%","±0.2","0","±12","0.0%","±0.7","0","±12","0.0%","±0.9","0","±12","0.0%","±1.3","0","±12","0.0%","±0.8","0","±12","0.0%","±0.8","2","±4","0.0%","±0.1","0","±12","0.0%","±0.9","0","±17","0.0%","±0.6","0","±12","0.0%","±0.7","0","±12","0.0%","±1.5","0","±12","0.0%","±0.9","0","±12","0.0%","±1.0","0","±12","0.0%","±0.7","0","±12","0.0%","±1.1"
"        Norwegian","0","±12","0.0%","±9.8","0","±12","-","**","3","±4","0.1%","±0.1","21","±21","0.6%","±0.6","0","±12","0.0%","±0.8","16","±16","0.3%","±0.3","10","±9","0.2%","±0.2","23","±15","0.5%","±0.3","8","±6","0.2%","±0.2","11","±10","0.4%","±0.4","3","±5","0.1%","±0.1","15","±19","0.3%","±0.4","14","±17","0.3%","±0.4","13","±21","0.4%","±0.6","32","±33","0.6%","±0.7","16","±11","0.3%","±0.2","7","±11","0.3%","±0.5","25","±37","0.7%","±1.0","0","±12","0.0%","±1.0","0","±12","0.0%","±0.7","6","±8","0.2%","±0.3"
"        Polish","0","±12","0.0%","±9.8","0","±12","-","**","425","±57","7.1%","±0.9","366","±93","10.4%","±2.6","533","±146","12.6%","±3.4","609","±111","12.9%","±2.2","593","±132","13.2%","±2.9","366","±91","7.4%","±1.9","335","±80","9.5%","±2.3","307","±93","12.5%","±3.8","478","±178","11.3%","±4.2","441","±150","10.2%","±3.3","441","±117","10.2%","±2.7","238","±115","6.8%","±3.2","440","±114","8.7%","±2.1","195","±67","4.0%","±1.3","286","±118","13.3%","±5.4","432","±211","11.4%","±5.6","230","±113","7.2%","±3.3","208","±130","4.6%","±2.9","353","±112","11.6%","±3.5"
"        Portuguese","0","±12","0.0%","±9.8","0","±12","-","**","0","±17","0.0%","±0.5","5","±8","0.1%","±0.2","0","±12","0.0%","±0.8","13","±19","0.3%","±0.4","9","±12","0.2%","±0.3","1","±4","0.0%","±0.1","4","±5","0.1%","±0.2","0","±12","0.0%","±1.3","11","±16","0.3%","±0.4","0","±12","0.0%","±0.8","0","±12","0.0%","±0.8","0","±12","0.0%","±0.9","0","±17","0.0%","±0.6","0","±12","0.0%","±0.7","0","±12","0.0%","±1.5","0","±12","0.0%","±0.9","0","±12","0.0%","±1.0","0","±12","0.0%","±0.7","4","±6","0.1%","±0.2"
"        Russian","8","±11","2.5%","±3.7","0","±12","-","**","27","±13","0.5%","±0.2","119","±119","3.4%","±3.4","3","±5","0.1%","±0.1","86","±58","1.8%","±1.2","12","±12","0.3%","±0.3","5","±6","0.1%","±0.1","12","±15","0.3%","±0.4","21","±22","0.9%","±0.9","33","±54","0.8%","±1.3","16","±15","0.4%","±0.3","13","±12","0.3%","±0.3","15","±22","0.4%","±0.6","10","±13","0.2%","±0.3","3","±8","0.1%","±0.2","0","±12","0.0%","±1.5","0","±12","0.0%","±0.9","0","±12","0.0%","±1.0","0","±12","0.0%","±0.7","10","±13","0.3%","±0.4"
"        Scotch-Irish","0","±12","0.0%","±9.8","0","±12","-","**","13","±9","0.2%","±0.2","35","±32","1.0%","±0.9","11","±10","0.3%","±0.2","42","±36","0.9%","±0.8","35","±27","0.8%","±0.6","33","±19","0.7%","±0.4","39","±22","1.1%","±0.6","22","±18","0.9%","±0.7","61","±42","1.4%","±1.0","44","±33","1.0%","±0.8","76","±83","1.8%","±1.9","8","±12","0.2%","±0.4","29","±20","0.6%","±0.4","36","±22","0.7%","±0.5","13","±17","0.6%","±0.8","44","±34","1.2%","±0.9","35","±52","1.1%","±1.6","31","±36","0.7%","±0.8","17","±13","0.6%","±0.4"
"        Scottish","0","±12","0.0%","±9.8","0","±12","-","**","48","±26","0.8%","±0.4","58","±37","1.6%","±1.0","68","±43","1.6%","±1.0","92","±44","1.9%","±0.9","78","±34","1.7%","±0.8","73","±36","1.5%","±0.7","104","±32","3.0%","±0.9","88","±48","3.6%","±1.9","38","±28","0.9%","±0.7","85","±53","2.0%","±1.2","58","±41","1.3%","±0.9","103","±50","2.9%","±1.4","132","±54","2.6%","±1.0","109","±101","2.2%","±2.1","18","±20","0.8%","±0.9","44","±39","1.2%","±1.0","37","±46","1.2%","±1.5","72","±67","1.6%","±1.5","72","±49","2.4%","±1.6"
"        Slovak","0","±12","0.0%","±9.8","0","±12","-","**","0","±17","0.0%","±0.5","0","±12","0.0%","±0.9","0","±12","0.0%","±0.8","12","±16","0.3%","±0.3","0","±12","0.0%","±0.7","0","±12","0.0%","±0.7","2","±4","0.1%","±0.1","3","±5","0.1%","±0.2","5","±8","0.1%","±0.2","8","±13","0.2%","±0.3","17","±18","0.4%","±0.4","3","±5","0.1%","±0.1","25","±20","0.5%","±0.4","12","±10","0.2%","±0.2","9","±13","0.4%","±0.6","7","±13","0.2%","±0.3","9","±14","0.3%","±0.4","0","±12","0.0%","±0.7","4","±6","0.1%","±0.2"
"        Subsaharan African","0","±12","0.0%","±9.8","0","±12","-","**","0","±17","0.0%","±0.5","0","±12","0.0%","±0.9","0","±12","0.0%","±0.8","0","±12","0.0%","±0.7","0","±12","0.0%","±0.7","0","±12","0.0%","±0.7","0","±12","0.0%","±0.9","4","±5","0.2%","±0.2","0","±12","0.0%","±0.8","0","±12","0.0%","±0.8","0","±12","0.0%","±0.8","0","±12","0.0%","±0.9","21","±20","0.4%","±0.4","0","±12","0.0%","±0.7","0","±12","0.0%","±1.5","0","±12","0.0%","±0.9","0","±12","0.0%","±1.0","0","±12","0.0%","±0.7","0","±12","0.0%","±1.1"
"        Swedish","0","±12","0.0%","±9.8","0","±12","-","**","99","±33","1.7%","±0.5","21","±18","0.6%","±0.5","33","±24","0.8%","±0.6","81","±57","1.7%","±1.2","63","±35","1.4%","±0.8","97","±39","2.0%","±0.8","139","±62","3.9%","±1.8","81","±38","3.3%","±1.5","23","±20","0.5%","±0.5","132","±58","3.1%","±1.4","92","±55","2.1%","±1.3","102","±51","2.9%","±1.5","185","±83","3.7%","±1.6","278","±70","5.7%","±1.5","44","±37","2.0%","±1.7","98","±79","2.6%","±2.1","104","±54","3.3%","±1.6","68","±88","1.5%","±2.0","68","±30","2.2%","±1.0"
"        Swiss","0","±12","0.0%","±9.8","0","±12","-","**","14","±15","0.2%","±0.2","6","±8","0.2%","±0.2","7","±10","0.2%","±0.2","48","±39","1.0%","±0.8","0","±12","0.0%","±0.7","37","±28","0.7%","±0.6","28","±22","0.8%","±0.6","4","±5","0.2%","±0.2","12","±12","0.3%","±0.3","6","±12","0.1%","±0.3","21","±15","0.5%","±0.4","0","±12","0.0%","±0.9","0","±17","0.0%","±0.6","13","±12","0.3%","±0.2","0","±12","0.0%","±1.5","0","±12","0.0%","±0.9","0","±12","0.0%","±1.0","0","±12","0.0%","±0.7","0","±12","0.0%","±1.1"
"        Ukrainian","0","±12","0.0%","±9.8","0","±12","-","**","9","±9","0.2%","±0.1","5","±7","0.1%","±0.2","21","±17","0.5%","±0.4","13","±14","0.3%","±0.3","9","±9","0.2%","±0.2","14","±12","0.3%","±0.2","0","±12","0.0%","±0.9","0","±12","0.0%","±1.3","0","±12","0.0%","±0.8","11","±13","0.3%","±0.3","30","±27","0.7%","±0.6","47","±56","1.3%","±1.6","41","±50","0.8%","±1.0","4","±6","0.1%","±0.1","15","±16","0.7%","±0.7","10","±16","0.3%","±0.4","0","±12","0.0%","±1.0","20","±32","0.4%","±0.7","30","±35","1.0%","±1.2"
"        Welsh","0","±12","0.0%","±9.8","0","±12","-","**","10","±6","0.2%","±0.1","74","±40","2.1%","±1.1","65","±37","1.5%","±0.9","53","±48","1.1%","±1.0","69","±69","1.5%","±1.5","9","±8","0.2%","±0.2","11","±9","0.3%","±0.3","27","±21","1.1%","±0.9","69","±31","1.6%","±0.7","21","±22","0.5%","±0.5","26","±21","0.6%","±0.5","24","±23","0.7%","±0.6","99","±72","2.0%","±1.4","18","±13","0.4%","±0.3","0","±12","0.0%","±1.5","47","±35","1.2%","±0.9","70","±67","2.2%","±2.1","27","±32","0.6%","±0.7","33","±27","1.1%","±0.9"
"        West Indian (excluding Hispanic origin groups)","0","±12","0.0%","±9.8","0","±12","-","**","29","±23","0.5%","±0.4","0","±12","0.0%","±0.9","0","±12","0.0%","±0.8","0","±12","0.0%","±0.7","36","±47","0.8%","±1.0","0","±12","0.0%","±0.7","0","±12","0.0%","±0.9","1","±3","0.0%","±0.1","0","±12","0.0%","±0.8","5","±7","0.1%","±0.2","0","±12","0.0%","±0.8","4","±6","0.1%","±0.2","3","±7","0.1%","±0.1","0","±12","0.0%","±0.7","0","±12","0.0%","±1.5","26","±43","0.7%","±1.1","14","±24","0.4%","±0.7","0","±12","0.0%","±0.7","9","±13","0.3%","±0.4"
"COMPUTERS AND INTERNET USE","","","","","","","","","","","","","","","","","","","","","","","","","","","","","","","","","","","","","","","","","","","","","","","","","","","","","","","","","","","","","","","","","","","","","","","","","","","","","","","","","","","",""
"    Total households","100","±24","100","(X)","0","±12","0","(X)","2,406","±107","2,406","(X)","1,398","±84","1,398","(X)","1,682","±118","1,682","(X)","1,911","±123","1,911","(X)","1,771","±92","1,771","(X)","1,832","±85","1,832","(X)","1,424","±87","1,424","(X)","1,116","±67","1,116","(X)","1,731","±123","1,731","(X)","1,910","±113","1,910","(X)","1,838","±125","1,838","(X)","1,515","±118","1,515","(X)","1,723","±110","1,723","(X)","1,990","±101","1,990","(X)","935","±77","935","(X)","1,610","±112","1,610","(X)","1,733","±151","1,733","(X)","1,913","±142","1,913","(X)","1,241","±82","1,241","(X)"
"        With a computer","90","±28","90.0%","±17.2","0","±12","-","**","1,896","±94","78.8%","±2.2","1,121","±105","80.2%","±5.3","1,376","±101","81.8%","±4.1","1,667","±127","87.2%","±2.9","1,465","±97","82.7%","±3.9","1,200","±93","65.5%","±4.7","1,150","±81","80.8%","±3.4","942","±62","84.4%","±4.4","1,416","±114","81.8%","±3.8","1,704","±127","89.2%","±3.1","1,614","±129","87.8%","±4.2","1,276","±112","84.2%","±5.5","1,516","±109","88.0%","±3.0","1,510","±96","75.9%","±4.4","798","±86","85.3%","±7.1","1,395","±118","86.6%","±5.3","1,441","±164","83.2%","±6.7","1,640","±159","85.7%","±6.3","976","±77","78.6%","±4.4"
"        With a broadband Internet subscription","76","±29","76.0%","±22.3","0","±12","-","**","1,590","±85","66.1%","±2.4","944","±120","67.5%","±7.2","1,262","±100","75.0%","±4.6","1,414","±118","74.0%","±3.6","1,228","±93","69.3%","±5.0","1,058","±73","57.8%","±3.7","911","±70","64.0%","±4.3","860","±64","77.1%","±4.7","1,143","±96","66.0%","±5.1","1,485","±111","77.7%","±4.6","1,518","±128","82.6%","±4.3","1,143","±106","75.4%","±6.4","1,334","±111","77.4%","±4.2","1,298","±90","65.2%","±4.1","749","±83","80.1%","±7.7","1,162","±139","72.2%","±7.9","1,281","±156","73.9%","±7.1","1,509","±170","78.9%","±7.0","817","±67","65.8%","±4.3"