"Label","Census Tract 1001, Clinton County, New York!!Estimate","Census Tract 1001, Clinton County, New York!!Margin of Error","Census Tract 1001, Clinton County, New York!!Percent","Census Tract 1001, Clinton County, New York!!Percent Margin of Error","Census Tract 1002, Clinton County, New York!!Estimate","Census Tract 1002, Clinton County, New York!!Margin of Error","Census Tract 1002, Clinton County, New York!!Percent","Census Tract 1002, Clinton County, New York!!Percent Margin of Error","Census Tract 1003, Clinton County, New York!!Estimate","Census Tract 1003, Clinton County, New York!!Margin of Error","Census Tract 1003, Clinton County, New York!!Percent","Census Tract 1003, Clinton County, New York!!Percent Margin of Error","Census Tract 1004, Clinton County, New York!!Estimate","Census Tract 1004, Clinton County, New York!!Margin of Error","Census Tract 1004, Clinton County, New York!!Percent","Census Tract 1004, Clinton County, New York!!Percent Margin of Error","Census Tract 1006, Clinton County, New York!!Estimate","Census Tract 1006, Clinton County, New York!!Margin of Error","Census Tract 1006, Clinton County, New York!!Percent","Census Tract 1006, Clinton County, New York!!Percent Margin of Error","Census Tract 1007, Clinton County, New York!!Estimate","Census Tract 1007, Clinton County, New York!!Margin of Error","Census Tract 1007, Clinton County, New York!!Percent","Census Tract 1007, Clinton County, New York!!Percent Margin of Error","Census Tract 1008, Clinton County, New York!!Estimate","Census Tract 1008, Clinton County, New York!!Margin of Error","Census Tract 1008, Clinton County, New York!!Percent","Census Tract 1008, Clinton County, New York!!Percent Margin of Error","Census Tract 1009, Clinton County, New York!!Estimate","Census Tract 1009, Clinton County, New York!!Margin of Error","Census Tract 1009, Clinton County, New York!!Percent","Census Tract 1009, Clinton County, New York!!Percent Margin of Error","Census Tract 1010, Clinton County, New York!!Estimate","Census Tract 1010, Clinton County, New York!!Margin of Error","Census Tract 1010, Clinton County, New York!!Percent","Census Tract 1010, Clinton County, New York!!Percent Margin of Error","Census Tract 1011, Clinton County, New York!!Estimate","Census Tract 1011, Clinton County, New York!!Margin of Error","Census Tract 1011, Clinton County, New York!!Percent","Census Tract 1011, Clinton County, New York!!Percent Margin of Error","Census Tract 1013, Clinton County, New York!!Estimate","Census Tract 1013, Clinton County, New York!!Margin of Error","Census Tract 1013, Clinton County, New York!!Percent","Census Tract 1013, Clinton County, New York!!Percent Margin of Error","Census Tract 1014, Clinton County, New York!!Estimate","Census Tract 1014, Clinton County, New York!!Margin of Error","Census Tract 1014, Clinton County, New York!!Percent","Census Tract 1014, Clinton County, New York!!Percent Margin of Error","Census Tract 1016, Clinton County, New York!!Estimate","Census Tract 1016, Clinton County, New York!!Margin of Error","Census Tract 1016, Clinton County, New York!!Percent","Census Tract 1016, Clinton County, New York!!Percent Margin of Error","Census Tract 1017, Clinton County, New York!!Estimate","Census Tract 1017, Clinton County, New York!!Margin of Error","Census Tract 1017, Clinton County, New York!!Percent","Census Tract 1017, Clinton County, New York!!Percent Margin of Error","Census Tract 1018, Clinton County, New York!!Estimate","Census Tract 1018, Clinton County, New York!!Margin of Error","Census Tract 1018, Clinton County, New York!!Percent","Census Tract 1018, Clinton County, New York!!Percent Margin of Error","Census Tract 1019, Clinton County, New York!!Estimate","Census Tract 1019, Clinton County, New York!!Margin of Error","Census Tract 1019, Clinton County, New York!!Percent","Census Tract 1019, Clinton County, New York!!Percent Margin of Error","Census Tract 1020, Clinton County, New York!!Estimate","Census Tract 1020, Clinton County, New York!!Margin of Error","Census Tract 1020, Clinton County, New York!!Percent","Census Tract 1020, Clinton County, New York!!Percent Margin of Error","Census Tract 1021, Clinton County, New York!!Estimate","Census Tract 1021, Clinton County, New York!!Margin of Error","Census Tract 1021, Clinton County, New York!!Percent","Census Tract 1021, Clinton County, New York!!Percent Margin of Error","Census Tract 1022, Clinton County, New York!!Estimate","Census Tract 1022, Clinton County, New York!!Margin of Error","Census Tract 1022, Clinton County, New York!!Percent","Census Tract 1022, Clinton County, New York!!Percent Margin of Error"
"HOUSEHOLDS BY TYPE","","","","","","","","","","","","","","","","","","","","","","","","","","","","","","","","","","","","","","","","","","","","","","","","","","","","","","","","","","","","","","","","","","","","","","","","","","","",""
"    Total households","2,416","±141","2,416","(X)","1,581","±118","1,581","(X)","2,464","±163","2,464","(X)","1,633","±163","1,633","(X)","2,336","±143","2,336","(X)","1,557","±100","1,557","(X)","1,791","±123","1,791","(X)","2,489","±233","2,489","(X)","1,670","±104","1,670","(X)","0","±12","0","(X)","1,237","±147","1,237","(X)","1,156","±87","1,156","(X)","684","±63","684","(X)","2,226","±193","2,226","(X)","2,268","±133","2,268","(X)","2,563","±187","2,563","(X)","1,192","±98","1,192","(X)","754","±67","754","(X)","1,284","±122","1,284","(X)"
"        Married-couple family","1,033","±100","42.8%","±4.6","807","±106","51.0%","±6.8","1,330","±166","54.0%","±7.1","817","±97","50.0%","±5.5","1,287","±186","55.1%","±8.6","831","±137","53.4%","±7.8","908","±110","50.7%","±6.3","580","±162","23.3%","±6.3","789","±115","47.2%","±6.0","0","±12","-","**","278","±90","22.5%","±7.6","285","±56","24.7%","±5.0","242","±55","35.4%","±8.3","1,071","±137","48.1%","±7.7","1,142","±139","50.4%","±6.5","1,432","±159","55.9%","±6.1","545","±73","45.7%","±7.7","377","±66","50.0%","±8.9","303","±83","23.6%","±6.7"
"            With own children of the householder under 18 years","349","±70","14.4%","±3.1","283","±78","17.9%","±5.2","409","±85","16.6%","±3.9","214","±57","13.1%","±3.4","519","±122","22.2%","±5.2","291","±90","18.7%","±5.5","193","±74","10.8%","±4.1","210","±101","8.4%","±4.2","197","±54","11.8%","±3.3","0","±12","-","**","90","±76","7.3%","±6.2","58","±37","5.0%","±3.2","108","±30","15.8%","±4.6","293","±125","13.2%","±6.1","281","±82","12.4%","±3.6","631","±134","24.6%","±5.2","192","±67","16.1%","±6.0","106","±38","14.1%","±5.3","119","±54","9.3%","±4.2"
"        Cohabiting couple household","195","±64","8.1%","±2.6","196","±108","12.4%","±6.7","197","±105","8.0%","±4.2","165","±56","10.1%","±3.3","177","±101","7.6%","±4.4","160","±64","10.3%","±4.2","178","±69","9.9%","±3.8","341","±156","13.7%","±6.0","248","±82","14.9%","±4.9","0","±12","-","**","117","±81","9.5%","±6.4","139","±67","12.0%","±5.7","96","±55","14.0%","±7.9","278","±145","12.5%","±6.2","255","±98","11.2%","±4.4","192","±151","7.5%","±5.9","92","±47","7.7%","±4.0","57","±38","7.6%","±5.1","112","±69","8.7%","±5.2"
"            With own children of the householder under 18 years","35","±29","1.4%","±1.2","106","±77","6.7%","±4.9","60","±48","2.4%","±1.9","112","±52","6.9%","±3.1","76","±62","3.3%","±2.7","23","±25","1.5%","±1.6","36","±26","2.0%","±1.5","107","±106","4.3%","±4.3","30","±33","1.8%","±2.0","0","±12","-","**","41","±50","3.3%","±4.0","17","±20","1.5%","±1.8","45","±32","6.6%","±4.6","156","±126","7.0%","±5.5","53","±41","2.3%","±1.8","159","±134","6.2%","±5.2","66","±41","5.5%","±3.5","11","±12","1.5%","±1.6","25","±25","1.9%","±2.0"
"        Male householder, no spouse/partner present","517","±117","21.4%","±4.1","255","±101","16.1%","±5.9","434","±140","17.6%","±5.3","316","±74","19.4%","±4.0","310","±105","13.3%","±4.1","225","±94","14.5%","±5.9","305","±96","17.0%","±5.0","769","±208","30.9%","±7.0","188","±81","11.3%","±4.8","0","±12","-","**","423","±136","34.2%","±9.5","245","±67","21.2%","±5.9","139","±54","20.3%","±7.3","388","±153","17.4%","±6.7","469","±150","20.7%","±6.1","428","±146","16.7%","±5.4","216","±86","18.1%","±6.5","105","±54","13.9%","±6.9","284","±89","22.1%","±6.2"
"            With own children of the householder under 18 years","30","±22","1.2%","±0.9","19","±22","1.2%","±1.4","12","±14","0.5%","±0.6","29","±23","1.8%","±1.4","16","±23","0.7%","±1.0","13","±17","0.8%","±1.1","21","±24","1.2%","±1.3","98","±82","3.9%","±3.3","7","±13","0.4%","±0.7","0","±12","-","**","0","±12","0.0%","±2.6","20","±22","1.7%","±1.9","6","±9","0.9%","±1.3","31","±37","1.4%","±1.7","66","±88","2.9%","±3.8","0","±17","0.0%","±1.3","2","±10","0.2%","±0.8","43","±57","5.7%","±7.3","42","±45","3.3%","±3.5"
"            Householder living alone","398","±105","16.5%","±3.9","148","±81","9.4%","±4.8","284","±120","11.5%","±4.6","236","±63","14.5%","±3.4","226","±97","9.7%","±3.9","163","±81","10.5%","±5.0","239","±91","13.3%","±4.9","536","±169","21.5%","±6.3","146","±72","8.7%","±4.3","0","±12","-","**","234","±89","18.9%","±6.9","208","±63","18.0%","±5.4","118","±50","17.3%","±6.9","290","±145","13.0%","±6.1","338","±123","14.9%","±5.0","257","±110","10.0%","±3.9","194","±83","16.3%","±6.2","47","±25","6.2%","±3.5","145","±65","11.3%","±4.7"
"                65 years and over","98","±42","4.1%","±1.7","8","±14","0.5%","±0.8","56","±44","2.3%","±1.7","29","±14","1.8%","±0.9","84","±48","3.6%","±2.0","30","±28","1.9%","±1.8","93","±65","5.2%","±3.5","145","±82","5.8%","±3.3","33","±27","2.0%","±1.6","0","±12","-","**","25","±20","2.0%","±1.6","47","±35","4.1%","±3.0","15","±15","2.2%","±2.1","148","±101","6.6%","±4.4","186","±92","8.2%","±3.9","160","±91","6.2%","±3.4","41","±43","3.4%","±3.5","24","±19","3.2%","±2.5","19","±22","1.5%","±1.7"
"        Female householder, no spouse/partner present","671","±109","27.8%","±4.2","323","±88","20.4%","±5.3","503","±161","20.4%","±6.1","335","±95","20.5%","±4.7","562","±188","24.1%","±7.2","341","±91","21.9%","±5.6","400","±112","22.3%","±5.7","799","±179","32.1%","±7.6","445","±95","26.6%","±5.5","0","±12","-","**","419","±114","33.9%","±8.1","487","±105","42.1%","±7.7","207","±54","30.3%","±7.3","489","±171","22.0%","±6.7","402","±120","17.7%","±4.9","511","±157","19.9%","±5.6","339","±103","28.4%","±7.5","215","±73","28.5%","±8.8","585","±112","45.6%","±7.8"
"            With own children of the householder under 18 years","193","±79","8.0%","±3.3","36","±32","2.3%","±2.0","88","±89","3.6%","±3.5","31","±24","1.9%","±1.4","33","±51","1.4%","±2.2","25","±23","1.6%","±1.5","58","±41","3.2%","±2.2","115","±82","4.6%","±3.3","64","±50","3.8%","±3.0","0","±12","-","**","40","±43","3.2%","±3.3","49","±38","4.2%","±3.3","14","±16","2.0%","±2.3","61","±81","2.7%","±3.6","72","±64","3.2%","±2.8","84","±73","3.3%","±2.9","97","±74","8.1%","±6.0","43","±38","5.7%","±4.9","181","±67","14.1%","±5.2"
"            Householder living alone","409","±80","16.9%","±2.9","148","±66","9.4%","±3.9","307","±114","12.5%","±4.3","247","±82","15.1%","±4.3","396","±164","17.0%","±6.4","265","±86","17.0%","±5.1","190","±72","10.6%","±3.9","512","±141","20.6%","±5.7","334","±91","20.0%","±5.3","0","±12","-","**","193","±63","15.6%","±4.8","362","±90","31.3%","±6.9","149","±45","21.8%","±6.2","347","±155","15.6%","±6.3","274","±101","12.1%","±4.1","275","±132","10.7%","±4.8","179","±70","15.0%","±5.5","65","±38","8.6%","±5.0","340","±94","26.5%","±6.6"
"                65 years and over","222","±59","9.2%","±2.5","49","±31","3.1%","±1.9","178","±78","7.2%","±3.0","140","±41","8.6%","±2.3","225","±119","9.6%","±4.8","188","±81","12.1%","±4.8","91","±52","5.1%","±2.9","207","±85","8.3%","±3.4","173","±63","10.4%","±3.7","0","±12","-","**","42","±28","3.4%","±2.3","149","±57","12.9%","±4.9","48","±30","7.0%","±4.4","182","±115","8.2%","±5.0","93","±56","4.1%","±2.4","226","±115","8.8%","±4.3","125","±62","10.5%","±4.9","34","±29","4.5%","±3.9","172","±77","13.4%","±5.9"
"        Households with one or more people under 18 years","688","±106","28.5%","±5.1","480","±94","30.4%","±6.8","811","±138","32.9%","±6.1","436","±66","26.7%","±3.4","658","±92","28.2%","±4.2","420","±80","27.0%","±5.2","350","±81","19.5%","±4.4","541","±128","21.7%","±5.5","327","±75","19.6%","±4.4","0","±12","-","**","185","±91","15.0%","±7.3","154","±63","13.3%","±5.4","220","±56","32.2%","±7.5","606","±126","27.2%","±6.4","560","±113","24.7%","±5.0","957","±126","37.3%","±5.6","444","±73","37.2%","±6.7","233","±76","30.9%","±9.0","426","±70","33.2%","±5.4"
"        Households with one or more people 65 years and over","725","±96","30.0%","±3.5","411","±76","26.0%","±4.5","710","±172","28.8%","±6.3","481","±77","29.5%","±4.1","679","±99","29.1%","±3.6","557","±90","35.8%","±4.9","582","±78","32.5%","±4.1","571","±135","22.9%","±5.5","668","±89","40.0%","±5.2","0","±12","-","**","154","±47","12.4%","±4.0","361","±44","31.2%","±3.9","152","±24","22.2%","±3.6","738","±124","33.2%","±5.4","721","±111","31.8%","±4.5","843","±144","32.9%","±4.2","362","±94","30.4%","±6.7","232","±36","30.8%","±5.1","339","±74","26.4%","±5.0"
"        Average household size","2.33","±0.14","(X)","(X)","2.60","±0.19","(X)","(X)","2.42","±0.15","(X)","(X)","2.31","±0.12","(X)","(X)","2.34","±0.14","(X)","(X)","2.30","±0.16","(X)","(X)","2.46","±0.17","(X)","(X)","2.04","±0.15","(X)","(X)","2.21","±0.14","(X)","(X)","-","**","(X)","(X)","2.09","±0.20","(X)","(X)","1.76","±0.13","(X)","(X)","2.16","±0.19","(X)","(X)","2.29","±0.20","(X)","(X)","2.35","±0.13","(X)","(X)","2.66","±0.20","(X)","(X)","2.54","±0.21","(X)","(X)","2.47","±0.19","(X)","(X)","2.24","±0.17","(X)","(X)"
"        Average family size","3.02","±0.18","(X)","(X)","2.83","±0.16","(X)","(X)","2.85","±0.19","(X)","(X)","2.78","±0.13","(X)","(X)","2.76","±0.15","(X)","(X)","2.82","±0.17","(X)","(X)","2.92","±0.21","(X)","(X)","2.84","±0.25","(X)","(X)","2.74","±0.18","(X)","(X)","-","**","(X)","(X)","2.45","±0.18","(X)","(X)","2.53","±0.20","(X)","(X)","2.79","±0.29","(X)","(X)","2.82","±0.28","(X)","(X)","2.74","±0.15","(X)","(X)","2.95","±0.21","(X)","(X)","3.12","±0.27","(X)","(X)","2.67","±0.27","(X)","(X)","2.89","±0.26","(X)","(X)"
"RELATIONSHIP","","","","","","","","","","","","","","","","","","","","","","","","","","","","","","","","","","","","","","","","","","","","","","","","","","","","","","","","","","","","","","","","","","","","","","","","","","","",""
"    Population in households","5,626","±27","5,626","(X)","4,112","±28","4,112","(X)","5,961","±108","5,961","(X)","3,779","±333","3,779","(X)","5,475","±21","5,475","(X)","3,585","±217","3,585","(X)","4,407","±262","4,407","(X)","5,066","±419","5,066","(X)","3,691","±313","3,691","(X)","0","±12","0","(X)","2,586","±366","2,586","(X)","2,040","±178","2,040","(X)","1,479","±129","1,479","(X)","5,095","±15","5,095","(X)","5,339","±190","5,339","(X)","6,805","±162","6,805","(X)","3,031","±31","3,031","(X)","1,861","±207","1,861","(X)","2,874","±272","2,874","(X)"
"        Householder","2,416","±141","42.9%","±2.5","1,581","±118","38.4%","±2.8","2,464","±163","41.3%","±2.6","1,633","±163","43.2%","±2.2","2,336","±143","42.7%","±2.6","1,557","±100","43.4%","±3.1","1,791","±123","40.6%","±2.9","2,489","±233","49.1%","±3.7","1,670","±104","45.2%","±2.9","0","±12","-","**","1,237","±147","47.8%","±4.6","1,156","±87","56.7%","±4.0","684","±63","46.2%","±4.0","2,226","±193","43.7%","±3.8","2,268","±133","42.5%","±2.4","2,563","±187","37.7%","±2.9","1,192","±98","39.3%","±3.3","754","±67","40.5%","±3.0","1,284","±122","44.7%","±3.4"
"        Spouse","1,037","±97","18.4%","±1.7","801","±105","19.5%","±2.5","1,325","±175","22.2%","±2.9","839","±102","22.2%","±2.2","1,333","±196","24.3%","±3.6","823","±126","23.0%","±3.2","930","±114","21.1%","±2.5","552","±154","10.9%","±2.8","778","±109","21.1%","±2.4","0","±12","-","**","264","±80","10.2%","±3.2","295","±60","14.5%","±2.7","232","±53","15.7%","±3.5","1,134","±141","22.3%","±2.8","1,183","±149","22.2%","±2.6","1,423","±162","20.9%","±2.3","540","±73","17.8%","±2.4","383","±66","20.6%","±3.8","292","±75","10.2%","±2.7"
"        Unmarried partner","189","±63","3.4%","±1.1","175","±81","4.3%","±2.0","172","±83","2.9%","±1.4","145","±48","3.8%","±1.2","173","±97","3.2%","±1.8","168","±70","4.7%","±2.0","193","±74","4.4%","±1.6","304","±121","6.0%","±2.3","235","±77","6.4%","±2.0","0","±12","-","**","123","±77","4.8%","±2.9","155","±80","7.6%","±3.8","85","±46","5.7%","±3.0","234","±121","4.6%","±2.4","289","±110","5.4%","±2.1","200","±153","2.9%","±2.3","90","±51","3.0%","±1.7","63","±41","3.4%","±2.3","121","±81","4.2%","±2.8"
"        Child","1,663","±173","29.6%","±3.1","1,071","±165","26.0%","±4.0","1,572","±268","26.4%","±4.4","896","±121","23.7%","±2.3","1,310","±180","23.9%","±3.3","884","±158","24.7%","±3.6","1,134","±181","25.7%","±3.5","1,105","±209","21.8%","±4.0","843","±209","22.8%","±4.3","0","±12","-","**","276","±120","10.7%","±4.3","323","±107","15.8%","±4.8","371","±71","25.1%","±3.6","1,232","±211","24.2%","±4.1","1,140","±202","21.4%","±3.7","2,037","±245","29.9%","±3.7","824","±135","27.2%","±4.5","452","±123","24.3%","±5.4","858","±158","29.9%","±5.0"
"        Other relatives","223","±120","4.0%","±2.1","284","±148","6.9%","±3.6","261","±137","4.4%","±2.3","181","±77","4.8%","±2.0","191","±152","3.5%","±2.8","83","±70","2.3%","±1.9","276","±154","6.3%","±3.4","120","±75","2.4%","±1.5","109","±68","3.0%","±1.8","0","±12","-","**","144","±108","5.6%","±4.1","22","±33","1.1%","±1.6","94","±51","6.4%","±3.3","228","±230","4.5%","±4.5","177","±79","3.3%","±1.4","259","±196","3.8%","±2.9","292","±164","9.6%","±5.4","26","±34","1.4%","±1.8","135","±69","4.7%","±2.4"
"        Other nonrelatives","98","±53","1.7%","±0.9","200","±134","4.9%","±3.3","167","±154","2.8%","±2.6","85","±44","2.2%","±1.1","132","±84","2.4%","±1.5","70","±77","2.0%","±2.1","83","±56","1.9%","±1.3","496","±237","9.8%","±4.4","56","±37","1.5%","±1.1","0","±12","-","**","542","±237","21.0%","±7.4","89","±77","4.4%","±3.6","13","±14","0.9%","±0.9","41","±46","0.8%","±0.9","282","±167","5.3%","±3.1","323","±252","4.7%","±3.7","93","±60","3.1%","±2.0","183","±116","9.8%","±5.8","184","±156","6.4%","±5.1"
"MARITAL STATUS","","","","","","","","","","","","","","","","","","","","","","","","","","","","","","","","","","","","","","","","","","","","","","","","","","","","","","","","","","","","","","","","","","","","","","","","","","","",""
"    Males 15 years and over","2,205","±159","2,205","(X)","1,683","±149","1,683","(X)","2,857","±219","2,857","(X)","4,846","±193","4,846","(X)","2,266","±163","2,266","(X)","1,472","±134","1,472","(X)","2,177","±137","2,177","(X)","2,117","±332","2,117","(X)","1,601","±158","1,601","(X)","1,041","±142","1,041","(X)","1,213","±255","1,213","(X)","827","±125","827","(X)","534","±64","534","(X)","2,244","±166","2,244","(X)","2,219","±181","2,219","(X)","2,791","±192","2,791","(X)","1,294","±131","1,294","(X)","775","±131","775","(X)","1,017","±175","1,017","(X)"
"        Never married","735","±159","33.3%","±5.9","573","±118","34.0%","±7.1","1,012","±214","35.4%","±6.0","2,719","±207","56.1%","±3.2","717","±198","31.6%","±7.8","274","±103","18.6%","±5.9","833","±116","38.3%","±4.6","1,085","±297","51.3%","±8.7","546","±116","34.1%","±5.5","1,041","±142","100.0%","±3.1","843","±269","69.5%","±9.7","337","±122","40.7%","±12.4","188","±63","35.2%","±9.2","666","±153","29.7%","±5.9","601","±143","27.1%","±6.0","965","±222","34.6%","±6.7","467","±137","36.1%","±8.3","281","±130","36.3%","±11.8","413","±117","40.6%","±8.0"
"        Now married, except separated","1,066","±95","48.3%","±5.3","882","±121","52.4%","±6.7","1,419","±170","49.7%","±7.0","1,451","±129","29.9%","±2.6","1,309","±202","57.8%","±9.0","852","±131","57.9%","±9.3","1,036","±124","47.6%","±5.3","583","±144","27.5%","±6.9","822","±110","51.3%","±5.6","0","±12","0.0%","±3.1","288","±69","23.7%","±8.2","323","±69","39.1%","±8.3","245","±47","45.9%","±9.8","1,155","±133","51.5%","±6.0","1,219","±175","54.9%","±6.9","1,377","±145","49.3%","±5.7","596","±71","46.1%","±6.7","380","±62","49.0%","±8.9","349","±81","34.3%","±7.9"
"        Separated","59","±45","2.7%","±2.0","12","±18","0.7%","±1.1","29","±29","1.0%","±1.0","145","±62","3.0%","±1.3","0","±17","0.0%","±1.4","87","±70","5.9%","±4.8","45","±36","2.1%","±1.6","37","±34","1.7%","±1.6","19","±21","1.2%","±1.3","0","±12","0.0%","±3.1","0","±12","0.0%","±2.6","67","±87","8.1%","±10.2","7","±10","1.3%","±1.9","19","±31","0.8%","±1.4","65","±55","2.9%","±2.4","7","±15","0.3%","±0.5","68","±62","5.3%","±4.8","24","±30","3.1%","±3.9","68","±40","6.7%","±3.9"
"        Widowed","67","±39","3.0%","±1.7","33","±40","2.0%","±2.3","63","±41","2.2%","±1.5","100","±50","2.1%","±1.0","87","±63","3.8%","±2.7","84","±55","5.7%","±3.7","86","±50","4.0%","±2.3","26","±29","1.2%","±1.4","51","±34","3.2%","±2.2","0","±12","0.0%","±3.1","8","±12","0.7%","±1.0","15","±17","1.8%","±2.0","28","±27","5.2%","±5.1","186","±101","8.3%","±4.4","144","±87","6.5%","±3.8","75","±64","2.7%","±2.3","70","±52","5.4%","±3.9","13","±14","1.7%","±1.8","23","±22","2.3%","±2.1"
"        Divorced","278","±93","12.6%","±4.0","183","±89","10.9%","±4.8","334","±150","11.7%","±4.9","431","±100","8.9%","±2.1","153","±78","6.8%","±3.5","175","±84","11.9%","±5.3","177","±75","8.1%","±3.3","386","±149","18.2%","±6.9","163","±65","10.2%","±4.0","0","±12","0.0%","±3.1","74","±54","6.1%","±4.4","85","±45","10.3%","±5.5","66","±32","12.4%","±5.8","218","±109","9.7%","±4.8","190","±68","8.6%","±2.9","367","±142","13.1%","±5.1","93","±52","7.2%","±4.0","77","±43","9.9%","±6.1","164","±93","16.1%","±8.4"
"    Females 15 years and over","2,339","±125","2,339","(X)","1,733","±157","1,733","(X)","2,529","±168","2,529","(X)","1,587","±164","1,587","(X)","2,402","±158","2,402","(X)","1,531","±120","1,531","(X)","1,966","±172","1,966","(X)","2,106","±219","2,106","(X)","1,874","±167","1,874","(X)","1,603","±195","1,603","(X)","1,191","±251","1,191","(X)","972","±124","972","(X)","678","±78","678","(X)","2,264","±200","2,264","(X)","2,192","±188","2,192","(X)","2,852","±205","2,852","(X)","1,258","±135","1,258","(X)","958","±131","958","(X)","1,313","±145","1,313","(X)"
"        Never married","562","±125","24.0%","±4.8","606","±183","35.0%","±8.7","573","±164","22.7%","±6.1","340","±85","21.4%","±4.3","432","±145","18.0%","±5.5","272","±98","17.8%","±6.0","410","±112","20.9%","±4.7","925","±211","43.9%","±7.8","436","±115","23.3%","±5.1","1,603","±195","100.0%","±2.0","669","±247","56.2%","±11.2","309","±102","31.8%","±8.5","197","±70","29.1%","±8.5","571","±175","25.2%","±6.7","424","±145","19.3%","±5.7","755","±188","26.5%","±6.0","301","±70","23.9%","±5.1","361","±120","37.7%","±8.7","424","±133","32.3%","±8.7"
"        Now married, except separated","1,110","±100","47.5%","±4.4","841","±112","48.5%","±7.2","1,351","±184","53.4%","±7.4","858","±105","54.1%","±5.4","1,406","±195","58.5%","±8.1","814","±133","53.2%","±7.3","1,114","±141","56.7%","±6.5","627","±163","29.8%","±7.7","859","±122","45.8%","±6.1","0","±12","0.0%","±2.0","334","±89","28.0%","±8.4","289","±54","29.7%","±6.1","262","±55","38.6%","±8.0","1,150","±128","50.8%","±8.1","1,172","±152","53.5%","±7.0","1,513","±190","53.1%","±6.7","621","±100","49.4%","±7.0","406","±68","42.4%","±8.8","382","±93","29.1%","±7.3"
"        Separated","66","±41","2.8%","±1.7","35","±43","2.0%","±2.4","59","±83","2.3%","±3.3","14","±18","0.9%","±1.1","0","±17","0.0%","±1.3","36","±29","2.4%","±1.9","26","±27","1.3%","±1.3","15","±25","0.7%","±1.2","10","±14","0.5%","±0.8","0","±12","0.0%","±2.0","19","±32","1.6%","±2.7","36","±29","3.7%","±3.0","32","±24","4.7%","±3.5","86","±72","3.8%","±3.1","58","±59","2.6%","±2.8","18","±29","0.6%","±1.0","15","±17","1.2%","±1.3","5","±9","0.5%","±0.9","90","±61","6.9%","±4.7"
"        Widowed","298","±83","12.7%","±3.5","108","±56","6.2%","±3.3","281","±91","11.1%","±3.4","187","±59","11.8%","±3.6","255","±146","10.6%","±5.9","158","±69","10.3%","±4.5","119","±58","6.1%","±3.0","194","±73","9.2%","±3.3","339","±99","18.1%","±5.2","0","±12","0.0%","±2.0","69","±37","5.8%","±3.1","126","±52","13.0%","±5.1","84","±41","12.4%","±6.1","261","±133","11.5%","±5.4","229","±88","10.4%","±3.8","344","±143","12.1%","±4.8","85","±54","6.8%","±4.1","87","±37","9.1%","±4.0","172","±61","13.1%","±4.6"
"        Divorced","303","±88","13.0%","±3.7","143","±71","8.3%","±4.1","265","±120","10.5%","±4.6","188","±59","11.8%","±3.4","309","±123","12.9%","±5.4","251","±89","16.4%","±5.7","297","±83","15.1%","±4.1","345","±130","16.4%","±6.2","230","±87","12.3%","±4.4","0","±12","0.0%","±2.0","100","±61","8.4%","±5.7","212","±80","21.8%","±7.8","103","±65","15.2%","±9.5","196","±106","8.7%","±4.4","309","±108","14.1%","±4.6","222","±135","7.8%","±4.6","236","±92","18.8%","±7.0","99","±54","10.3%","±5.3","245","±101","18.7%","±7.2"
"FERTILITY","","","","","","","","","","","","","","","","","","","","","","","","","","","","","","","","","","","","","","","","","","","","","","","","","","","","","","","","","","","","","","","","","","","","","","","","","","","",""
"    Number of women 15 to 50 years old who had a birth in the past 12 months","120","±74","120","(X)","81","±75","81","(X)","14","±17","14","(X)","13","±10","13","(X)","94","±75","94","(X)","53","±47","53","(X)","37","±35","37","(X)","0","±17","0","(X)","22","±27","22","(X)","0","±12","0","(X)","13","±21","13","(X)","0","±12","0","(X)","7","±8","7","(X)","32","±50","32","(X)","89","±90","89","(X)","16","±26","16","(X)","13","±14","13","(X)","54","±38","54","(X)","71","±71","71","(X)"
"        Unmarried women (widowed, divorced, and never married)","68","±68","56.7%","±31.9","67","±75","82.7%","±30.5","0","±17","0.0%","±79.3","2","±4","15.4%","±29.7","18","±31","19.1%","±35.5","42","±46","79.2%","±37.4","3","±6","8.1%","±20.9","0","±17","-","**","22","±27","100.0%","±63.2","0","±12","-","**","0","±12","0.0%","±82.3","0","±12","-","**","4","±8","57.1%","±57.1","0","±17","0.0%","±52.4","0","±17","0.0%","±29.7","0","±17","0.0%","±74.1","0","±12","0.0%","±82.3","26","±34","48.1%","±41.6","3","±6","4.2%","±8.3"
"            Per 1,000 unmarried women","104","±102","(X)","(X)","127","±138","(X)","(X)","0","±45","(X)","(X)","5","±10","(X)","(X)","31","±52","(X)","(X)","140","±148","(X)","(X)","6","±12","(X)","(X)","0","±30","(X)","(X)","52","±63","(X)","(X)","0","±20","(X)","(X)","0","±46","(X)","(X)","0","±106","(X)","(X)","18","±34","(X)","(X)","0","±50","(X)","(X)","0","±63","(X)","(X)","0","±41","(X)","(X)","0","±84","(X)","(X)","60","±74","(X)","(X)","8","±16","(X)","(X)"
"        Per 1,000 women 15 to 50 years old","97","±62","(X)","(X)","85","±77","(X)","(X)","11","±13","(X)","(X)","17","±13","(X)","(X)","72","±57","(X)","(X)","87","±78","(X)","(X)","41","±41","(X)","(X)","0","±23","(X)","(X)","33","±40","(X)","(X)","0","±20","(X)","(X)","15","±25","(X)","(X)","0","±79","(X)","(X)","19","±23","(X)","(X)","27","±42","(X)","(X)","93","±96","(X)","(X)","11","±18","(X)","(X)","18","±21","(X)","(X)","90","±60","(X)","(X)","111","±108","(X)","(X)"
"        Per 1,000 women 15 to 19 years old","23","±33","(X)","(X)","0","±290","(X)","(X)","0","±171","(X)","(X)","0","±338","(X)","(X)","0","±173","(X)","(X)","290","±310","(X)","(X)","0","±524","(X)","(X)","0","±184","(X)","(X)","0","±297","(X)","(X)","0","±26","(X)","(X)","0","±501","(X)","(X)","0","±894","(X)","(X)","0","±407","(X)","(X)","0","±213","(X)","(X)","0","±292","(X)","(X)","0","±136","(X)","(X)","0","±290","(X)","(X)","0","±170","(X)","(X)","0","±376","(X)","(X)"
"        Per 1,000 women 20 to 34 years old","136","±99","(X)","(X)","203","±178","(X)","(X)","33","±41","(X)","(X)","42","±33","(X)","(X)","231","±168","(X)","(X)","90","±92","(X)","(X)","90","±93","(X)","(X)","0","±41","(X)","(X)","45","±68","(X)","(X)","0","±88","(X)","(X)","18","±30","(X)","(X)","0","±135","(X)","(X)","59","±70","(X)","(X)","62","±99","(X)","(X)","170","±173","(X)","(X)","26","±43","(X)","(X)","57","±69","(X)","(X)","89","±98","(X)","(X)","197","±180","(X)","(X)"
"        Per 1,000 women 35 to 50 years old","48","±47","(X)","(X)","0","±68","(X)","(X)","0","±44","(X)","(X)","0","±80","(X)","(X)","0","±43","(X)","(X)","0","±119","(X)","(X)","0","±67","(X)","(X)","0","±69","(X)","(X)","29","±60","(X)","(X)","-","**","(X)","(X)","0","±283","(X)","(X)","0","±181","(X)","(X)","0","±158","(X)","(X)","0","±58","(X)","(X)","11","±21","(X)","(X)","0","±50","(X)","(X)","7","±14","(X)","(X)","167","±145","(X)","(X)","0","±139","(X)","(X)"
"GRANDPARENTS","","","","","","","","","","","","","","","","","","","","","","","","","","","","","","","","","","","","","","","","","","","","","","","","","","","","","","","","","","","","","","","","","","","","","","","","","","","",""
"    Number of grandparents living with own grandchildren under 18 years","143","±139","143","(X)","67","±83","67","(X)","246","±148","246","(X)","71","±33","71","(X)","29","±51","29","(X)","68","±63","68","(X)","110","±87","110","(X)","67","±69","67","(X)","23","±29","23","(X)","0","±12","0","(X)","26","±39","26","(X)","10","±16","10","(X)","70","±57","70","(X)","19","±30","19","(X)","97","±83","97","(X)","35","±45","35","(X)","44","±30","44","(X)","0","±12","0","(X)","60","±46","60","(X)"
"        Grandparents responsible for grandchildren","2","±5","1.4%","±4.1","67","±83","100.0%","±36.0","161","±116","65.4%","±24.6","44","±28","62.0%","±25.3","0","±17","0.0%","±55.1","11","±19","16.2%","±31.7","75","±73","68.2%","±31.9","40","±45","59.7%","±48.1","23","±29","100.0%","±61.8","0","±12","-","**","14","±21","53.8%","±7.6","0","±12","0.0%","±93.8","61","±55","87.1%","±21.1","0","±17","0.0%","±68.0","24","±23","24.7%","±20.2","22","±41","62.9%","±62.9","21","±31","47.7%","±51.3","0","±12","-","**","26","±27","43.3%","±26.8"
"        Years responsible for grandchildren","","","","","","","","","","","","","","","","","","","","","","","","","","","","","","","","","","","","","","","","","","","","","","","","","","","","","","","","","","","","","","","","","","","","","","","","","","","",""
"            Less than 1 year","0","±17","0.0%","±20.2","0","±12","0.0%","±36.0","47","±49","19.1%","±15.2","4","±5","5.6%","±7.8","0","±17","0.0%","±55.1","0","±12","0.0%","±35.7","12","±22","10.9%","±22.6","0","±17","0.0%","±36.0","0","±12","0.0%","±61.8","0","±12","-","**","0","±12","0.0%","±58.2","0","±12","0.0%","±93.8","0","±12","0.0%","±35.1","0","±17","0.0%","±68.0","11","±17","11.3%","±18.2","0","±17","0.0%","±50.1","0","±12","0.0%","±44.7","0","±12","-","**","0","±12","0.0%","±38.3"
"            1 or 2 years","0","±17","0.0%","±20.2","0","±12","0.0%","±36.0","20","±24","8.1%","±9.7","7","±10","9.9%","±14.3","0","±17","0.0%","±55.1","0","±12","0.0%","±35.7","0","±12","0.0%","±25.2","0","±17","0.0%","±36.0","0","±12","0.0%","±61.8","0","±12","-","**","0","±12","0.0%","±58.2","0","±12","0.0%","±93.8","0","±12","0.0%","±35.1","0","±17","0.0%","±68.0","5","±10","5.2%","±11.3","0","±17","0.0%","±50.1","2","±10","4.5%","±22.5","0","±12","-","**","9","±12","15.0%","±17.6"
"            3 or 4 years","0","±17","0.0%","±20.2","0","±12","0.0%","±36.0","9","±15","3.7%","±7.1","24","±23","33.8%","±27.4","0","±17","0.0%","±55.1","0","±12","0.0%","±35.7","0","±12","0.0%","±25.2","25","±40","37.3%","±56.4","16","±26","69.6%","±55.4","0","±12","-","**","0","±12","0.0%","±58.2","0","±12","0.0%","±93.8","0","±12","0.0%","±35.1","0","±17","0.0%","±68.0","0","±17","0.0%","±27.8","0","±17","0.0%","±50.1","0","±12","0.0%","±44.7","0","±12","-","**","0","±12","0.0%","±38.3"
"            5 or more years","2","±5","1.4%","±4.1","67","±83","100.0%","±36.0","85","±95","34.6%","±31.8","9","±8","12.7%","±11.5","0","±17","0.0%","±55.1","11","±19","16.2%","±31.7","63","±69","57.3%","±36.8","15","±24","22.4%","±33.4","7","±12","30.4%","±55.4","0","±12","-","**","14","±21","53.8%","±7.6","0","±12","0.0%","±93.8","61","±55","87.1%","±21.1","0","±17","0.0%","±68.0","8","±13","8.2%","±12.0","22","±41","62.9%","±62.9","19","±30","43.2%","±50.6","0","±12","-","**","17","±21","28.3%","±26.2"
"    Number of grandparents responsible for own grandchildren under 18 years","2","±5","2","(X)","67","±83","67","(X)","161","±116","161","(X)","44","±28","44","(X)","0","±17","0","(X)","11","±19","11","(X)","75","±73","75","(X)","40","±45","40","(X)","23","±29","23","(X)","0","±12","0","(X)","14","±21","14","(X)","0","±12","0","(X)","61","±55","61","(X)","0","±17","0","(X)","24","±23","24","(X)","22","±41","22","(X)","21","±31","21","(X)","0","±12","0","(X)","26","±27","26","(X)"
"        Who are female","1","±2","50.0%","±50.0","36","±45","53.7%","±4.8","119","±94","73.9%","±18.5","29","±24","65.9%","±22.0","0","±17","-","**","0","±12","0.0%","±89.4","41","±39","54.7%","±6.5","29","±32","72.5%","±28.0","15","±17","65.2%","±29.7","0","±12","-","**","14","±21","100.0%","±79.3","0","±12","-","**","47","±46","77.0%","±30.5","0","±17","-","**","22","±22","91.7%","±25.1","11","±20","50.0%","±27.4","10","±16","47.6%","±26.7","0","±12","-","**","26","±27","100.0%","±58.2"
"        Who are married","2","±5","100.0%","±100.0","67","±83","100.0%","±36.0","79","±71","49.1%","±37.8","20","±15","45.5%","±32.3","0","±17","-","**","0","±12","0.0%","±89.4","75","±73","100.0%","±33.5","25","±40","62.5%","±62.2","16","±26","69.6%","±55.4","0","±12","-","**","14","±21","100.0%","±79.3","0","±12","-","**","30","±47","49.2%","±50.8","0","±17","-","**","24","±23","100.0%","±60.5","22","±41","100.0%","±63.2","19","±30","90.5%","±51.2","0","±12","-","**","26","±27","100.0%","±58.2"
"SCHOOL ENROLLMENT","","","","","","","","","","","","","","","","","","","","","","","","","","","","","","","","","","","","","","","","","","","","","","","","","","","","","","","","","","","","","","","","","","","","","","","","","","","",""
"    Population 3 years and over enrolled in school","1,061","±163","1,061","(X)","910","±145","910","(X)","1,411","±196","1,411","(X)","841","±136","841","(X)","946","±188","946","(X)","665","±155","665","(X)","862","±171","862","(X)","974","±275","974","(X)","765","±209","765","(X)","2,644","±249","2,644","(X)","788","±259","788","(X)","301","±105","301","(X)","288","±72","288","(X)","918","±238","918","(X)","920","±169","920","(X)","1,593","±296","1,593","(X)","695","±102","695","(X)","567","±134","567","(X)","786","±144","786","(X)"
"        Nursery school, preschool","75","±62","7.1%","±5.9","35","±32","3.8%","±3.6","69","±41","4.9%","±3.0","29","±30","3.4%","±3.4","79","±62","8.4%","±6.3","21","±26","3.2%","±3.9","31","±32","3.6%","±3.8","80","±82","8.2%","±8.2","58","±36","7.6%","±4.6","0","±12","0.0%","±1.2","11","±18","1.4%","±2.3","0","±12","0.0%","±10.2","0","±12","0.0%","±10.7","0","±17","0.0%","±3.5","27","±29","2.9%","±3.2","34","±57","2.1%","±3.5","47","±40","6.8%","±5.3","29","±26","5.1%","±4.3","17","±19","2.2%","±2.4"
"        Kindergarten","65","±54","6.1%","±5.0","20","±24","2.2%","±2.6","75","±51","5.3%","±3.6","53","±33","6.3%","±3.8","14","±24","1.5%","±2.6","49","±40","7.4%","±6.2","10","±16","1.2%","±1.9","42","±40","4.3%","±4.0","39","±32","5.1%","±4.1","0","±12","0.0%","±1.2","20","±36","2.5%","±4.7","21","±22","7.0%","±7.9","33","±35","11.5%","±11.2","15","±25","1.6%","±2.8","68","±49","7.4%","±5.5","157","±90","9.9%","±5.0","26","±20","3.7%","±3.1","11","±15","1.9%","±2.7","37","±37","4.7%","±4.7"
"        Elementary school (grades 1-8)","524","±111","49.4%","±8.0","468","±114","51.4%","±11.0","793","±170","56.2%","±9.0","382","±78","45.4%","±6.8","385","±122","40.7%","±9.9","333","±113","50.1%","±12.4","375","±127","43.5%","±12.1","332","±120","34.1%","±10.7","363","±161","47.5%","±12.3","0","±12","0.0%","±1.2","58","±51","7.4%","±5.8","161","±83","53.5%","±15.7","199","±59","69.1%","±13.0","385","±151","41.9%","±11.1","542","±122","58.9%","±11.4","575","±162","36.1%","±10.7","323","±89","46.5%","±9.8","107","±55","18.9%","±8.6","470","±112","59.8%","±8.1"
"        High school (grades 9-12)","222","±72","20.9%","±6.2","220","±86","24.2%","±8.2","319","±110","22.6%","±7.4","167","±54","19.9%","±6.1","371","±110","39.2%","±11.1","191","±87","28.7%","±10.8","181","±112","21.0%","±11.1","195","±94","20.0%","±10.0","91","±48","11.9%","±6.1","0","±12","0.0%","±1.2","33","±27","4.2%","±3.9","41","±40","13.6%","±12.2","31","±23","10.8%","±7.9","199","±112","21.7%","±12.3","136","±75","14.8%","±6.9","426","±139","26.7%","±7.2","239","±73","34.4%","±10.3","100","±67","17.6%","±11.2","166","±74","21.1%","±8.3"
"        College or graduate school","175","±76","16.5%","±6.3","167","±81","18.4%","±7.9","155","±88","11.0%","±5.8","210","±80","25.0%","±8.2","97","±76","10.3%","±7.0","71","±54","10.7%","±7.7","265","±83","30.7%","±9.0","325","±212","33.4%","±16.8","214","±89","28.0%","±10.3","2,644","±249","100.0%","±1.2","666","±247","84.5%","±9.0","78","±44","25.9%","±13.6","25","±20","8.7%","±6.8","319","±146","34.7%","±12.5","147","±89","16.0%","±7.9","401","±181","25.2%","±8.9","60","±36","8.6%","±5.0","320","±106","56.4%","±13.3","96","±43","12.2%","±5.7"
"EDUCATIONAL ATTAINMENT","","","","","","","","","","","","","","","","","","","","","","","","","","","","","","","","","","","","","","","","","","","","","","","","","","","","","","","","","","","","","","","","","","","","","","","","","","","",""
"    Population 25 years and over","3,832","±168","3,832","(X)","2,941","±170","2,941","(X)","4,676","±207","4,676","(X)","5,624","±225","5,624","(X)","3,931","±197","3,931","(X)","2,685","±185","2,685","(X)","3,638","±220","3,638","(X)","2,970","±338","2,970","(X)","3,146","±221","3,146","(X)","7","±13","7","(X)","1,317","±148","1,317","(X)","1,481","±116","1,481","(X)","1,079","±86","1,079","(X)","3,746","±180","3,746","(X)","3,841","±210","3,841","(X)","4,862","±258","4,862","(X)","2,156","±102","2,156","(X)","1,255","±112","1,255","(X)","2,024","±187","2,024","(X)"
"        Less than 9th grade","222","±69","5.8%","±1.8","118","±69","4.0%","±2.3","361","±147","7.7%","±3.1","318","±81","5.7%","±1.5","110","±65","2.8%","±1.6","15","±16","0.6%","±0.6","189","±123","5.2%","±3.4","126","±103","4.2%","±3.5","153","±81","4.9%","±2.5","0","±12","0.0%","±100.0","0","±12","0.0%","±2.4","29","±29","2.0%","±2.0","47","±26","4.4%","±2.4","162","±120","4.3%","±3.2","122","±56","3.2%","±1.4","145","±81","3.0%","±1.7","73","±53","3.4%","±2.5","47","±26","3.7%","±2.0","47","±42","2.3%","±2.0"
"        9th to 12th grade, no diploma","344","±100","9.0%","±2.6","212","±100","7.2%","±3.4","311","±93","6.7%","±2.0","760","±130","13.5%","±2.3","208","±116","5.3%","±3.0","220","±88","8.2%","±3.2","226","±90","6.2%","±2.5","171","±97","5.8%","±3.2","127","±56","4.0%","±1.8","0","±12","0.0%","±100.0","115","±70","8.7%","±5.5","38","±30","2.6%","±2.1","130","±66","12.0%","±6.0","379","±169","10.1%","±4.5","276","±117","7.2%","±3.0","517","±215","10.6%","±4.4","131","±61","6.1%","±2.8","110","±57","8.8%","±4.4","260","±117","12.8%","±5.9"
"        High school graduate (includes equivalency)","1,285","±155","33.5%","±4.3","1,194","±216","40.6%","±6.5","2,231","±245","47.7%","±4.8","3,072","±253","54.6%","±3.5","1,303","±298","33.1%","±7.0","839","±192","31.2%","±6.7","1,333","±224","36.6%","±5.6","780","±186","26.3%","±5.5","627","±112","19.9%","±3.6","7","±13","100.0%","±100.0","470","±123","35.7%","±8.3","359","±115","24.2%","±7.4","490","±72","45.4%","±6.4","1,573","±236","42.0%","±5.9","1,567","±211","40.8%","±5.3","1,579","±312","32.5%","±6.0","896","±117","41.6%","±5.2","333","±90","26.5%","±6.3","869","±184","42.9%","±7.6"
"        Some college, no degree","889","±155","23.2%","±3.9","553","±153","18.8%","±5.0","712","±182","15.2%","±3.8","716","±123","12.7%","±2.2","717","±235","18.2%","±6.0","419","±132","15.6%","±4.7","428","±113","11.8%","±3.0","521","±166","17.5%","±5.4","387","±106","12.3%","±3.2","0","±12","0.0%","±100.0","294","±87","22.3%","±6.0","260","±77","17.6%","±4.9","194","±63","18.0%","±5.6","689","±192","18.4%","±4.9","683","±173","17.8%","±4.1","759","±189","15.6%","±3.9","481","±118","22.3%","±5.4","240","±72","19.1%","±5.5","429","±128","21.2%","±5.8"
"        Associate's degree","486","±118","12.7%","±3.0","222","±106","7.5%","±3.7","364","±136","7.8%","±2.9","312","±65","5.5%","±1.2","454","±142","11.5%","±3.6","370","±128","13.8%","±4.8","391","±105","10.7%","±2.8","295","±122","9.9%","±4.2","329","±104","10.5%","±3.2","0","±12","0.0%","±100.0","140","±70","10.6%","±5.3","213","±72","14.4%","±4.7","99","±37","9.2%","±3.3","287","±135","7.7%","±3.6","447","±122","11.6%","±3.1","581","±171","11.9%","±3.5","269","±83","12.5%","±3.6","111","±51","8.8%","±4.0","223","±91","11.0%","±4.4"
"        Bachelor's degree","326","±94","8.5%","±2.4","407","±118","13.8%","±4.0","513","±146","11.0%","±3.1","239","±64","4.2%","±1.1","523","±210","13.3%","±5.4","411","±124","15.3%","±4.6","585","±137","16.1%","±3.7","418","±185","14.1%","±5.6","614","±129","19.5%","±3.7","0","±12","0.0%","±100.0","193","±97","14.7%","±7.0","323","±79","21.8%","±5.4","77","±41","7.1%","±3.6","351","±149","9.4%","±4.0","435","±133","11.3%","±3.5","670","±195","13.8%","±3.9","180","±53","8.3%","±2.5","210","±68","16.7%","±5.5","155","±65","7.7%","±3.3"
"        Graduate or professional degree","280","±79","7.3%","±1.9","235","±78","8.0%","±2.6","184","±72","3.9%","±1.6","207","±59","3.7%","±1.0","616","±194","15.7%","±4.8","411","±148","15.3%","±5.4","486","±130","13.4%","±3.6","659","±176","22.2%","±5.3","909","±146","28.9%","±4.3","0","±12","0.0%","±100.0","105","±54","8.0%","±4.0","259","±83","17.5%","±5.5","42","±23","3.9%","±2.1","305","±183","8.1%","±4.9","311","±103","8.1%","±2.6","611","±217","12.6%","±4.5","126","±53","5.8%","±2.5","204","±66","16.3%","±5.2","41","±24","2.0%","±1.2"
"        High school graduate or higher","3,266","±187","85.2%","±2.9","2,611","±206","88.8%","±4.5","4,004","±216","85.6%","±3.4","4,546","±261","80.8%","±2.8","3,613","±270","91.9%","±3.8","2,450","±185","91.2%","±3.2","3,223","±269","88.6%","±4.9","2,673","±337","90.0%","±4.7","2,866","±212","91.1%","±2.8","7","±13","100.0%","±100.0","1,202","±165","91.3%","±5.5","1,414","±121","95.5%","±2.9","902","±94","83.6%","±5.8","3,205","±270","85.6%","±5.8","3,443","±232","89.6%","±3.2","4,200","±313","86.4%","±4.5","1,952","±119","90.5%","±3.6","1,098","±112","87.5%","±4.6","1,717","±211","84.8%","±6.1"
"        Bachelor's degree or higher","606","±135","15.8%","±3.2","642","±143","21.8%","±4.7","697","±176","14.9%","±3.7","446","±95","7.9%","±1.6","1,139","±249","29.0%","±6.2","822","±177","30.6%","±6.3","1,071","±193","29.4%","±5.3","1,077","±263","36.3%","±7.0","1,523","±181","48.4%","±4.5","0","±12","0.0%","±100.0","298","±105","22.6%","±7.4","582","±102","39.3%","±6.7","119","±46","11.0%","±4.0","656","±222","17.5%","±5.9","746","±162","19.4%","±4.1","1,281","±297","26.3%","±6.0","306","±71","14.2%","±3.4","414","±83","33.0%","±6.6","196","±73","9.7%","±3.7"
"VETERAN STATUS","","","","","","","","","","","","","","","","","","","","","","","","","","","","","","","","","","","","","","","","","","","","","","","","","","","","","","","","","","","","","","","","","","","","","","","","","","","",""
"    Civilian population 18 years and over","4,350","±152","4,350","(X)","3,241","±141","3,241","(X)","5,147","±160","5,147","(X)","6,329","±187","6,329","(X)","4,380","±158","4,380","(X)","2,898","±190","2,898","(X)","4,032","±217","4,032","(X)","4,087","±406","4,087","(X)","3,408","±245","3,408","(X)","2,615","±255","2,615","(X)","2,404","±339","2,404","(X)","1,779","±155","1,779","(X)","1,167","±93","1,167","(X)","4,343","±165","4,343","(X)","4,299","±238","4,299","(X)","5,362","±184","5,362","(X)","2,312","±103","2,312","(X)","1,650","±144","1,650","(X)","2,220","±244","2,220","(X)"
"        Civilian veterans","311","±101","7.1%","±2.2","293","±121","9.0%","±3.6","459","±174","8.9%","±3.3","317","±83","5.0%","±1.3","443","±167","10.1%","±3.7","222","±96","7.7%","±3.2","373","±108","9.3%","±2.6","402","±155","9.8%","±3.9","322","±75","9.4%","±2.2","0","±12","0.0%","±1.2","122","±56","5.1%","±2.4","213","±72","12.0%","±3.9","93","±41","8.0%","±3.5","407","±158","9.4%","±3.6","508","±133","11.8%","±3.1","608","±159","11.3%","±3.0","311","±90","13.5%","±4.0","191","±52","11.6%","±3.2","226","±65","10.2%","±2.7"
"DISABILITY STATUS OF THE CIVILIAN NONINSTITUTIONALIZED POPULATION","","","","","","","","","","","","","","","","","","","","","","","","","","","","","","","","","","","","","","","","","","","","","","","","","","","","","","","","","","","","","","","","","","","","","","","","","","","",""
"    Total Civilian Noninstitutionalized Population","5,639","±26","5,639","(X)","4,165","±22","4,165","(X)","5,970","±107","5,970","(X)","3,784","±335","3,784","(X)","5,475","±21","5,475","(X)","3,607","±218","3,607","(X)","4,421","±262","4,421","(X)","5,078","±420","5,078","(X)","3,743","±315","3,743","(X)","2,644","±249","2,644","(X)","2,602","±366","2,602","(X)","2,048","±178","2,048","(X)","1,489","±129","1,489","(X)","5,078","±39","5,078","(X)","5,339","±190","5,339","(X)","6,910","±40","6,910","(X)","3,060","±18","3,060","(X)","2,055","±215","2,055","(X)","2,891","±274","2,891","(X)"
"        With a disability","869","±175","15.4%","±3.1","552","±167","13.3%","±4.0","1,318","±298","22.1%","±5.0","532","±93","14.1%","±2.2","851","±217","15.5%","±4.0","535","±130","14.8%","±3.6","672","±152","15.2%","±3.3","768","±232","15.1%","±5.0","616","±133","16.5%","±3.3","105","±61","4.0%","±2.3","469","±142","18.0%","±5.0","315","±88","15.4%","±4.3","269","±60","18.1%","±3.9","815","±202","16.0%","±4.0","887","±167","16.6%","±3.1","1,051","±293","15.2%","±4.2","594","±169","19.4%","±5.5","270","±89","13.1%","±3.9","882","±241","30.5%","±7.4"
"    Under 18 years","1,289","±152","1,289","(X)","924","±137","924","(X)","1,326","±162","1,326","(X)","727","±111","727","(X)","1,095","±156","1,095","(X)","709","±130","709","(X)","700","±155","700","(X)","991","±213","991","(X)","622","±176","622","(X)","29","±25","29","(X)","198","±98","198","(X)","269","±105","269","(X)","322","±61","322","(X)","735","±161","735","(X)","1,040","±166","1,040","(X)","1,565","±184","1,565","(X)","748","±103","748","(X)","405","±118","405","(X)","826","±136","826","(X)"
"        With a disability","41","±26","3.2%","±2.1","14","±16","1.5%","±1.8","168","±92","12.7%","±7.2","30","±18","4.1%","±2.5","130","±81","11.9%","±6.7","23","±27","3.2%","±3.8","41","±41","5.9%","±5.7","38","±45","3.8%","±4.6","41","±36","6.6%","±5.9","0","±12","0.0%","±55.1","16","±28","8.1%","±14.0","26","±36","9.7%","±12.5","18","±20","5.6%","±6.1","36","±50","4.9%","±6.5","73","±67","7.0%","±6.8","84","±86","5.4%","±5.4","80","±60","10.7%","±7.6","52","±59","12.8%","±12.1","203","±146","24.6%","±16.0"
"    18 to 64 years","3,366","±144","3,366","(X)","2,638","±135","2,638","(X)","3,565","±282","3,565","(X)","2,381","±253","2,381","(X)","3,418","±173","3,418","(X)","2,141","±185","2,141","(X)","2,887","±212","2,887","(X)","3,374","±438","3,374","(X)","2,125","±209","2,125","(X)","2,615","±255","2,615","(X)","2,179","±340","2,179","(X)","1,334","±154","1,334","(X)","957","±89","957","(X)","3,410","±168","3,410","(X)","3,271","±250","3,271","(X)","4,201","±197","4,201","(X)","1,821","±144","1,821","(X)","1,301","±147","1,301","(X)","1,669","±205","1,669","(X)"
"        With a disability","359","±100","10.7%","±3.0","354","±146","13.4%","±5.3","648","±161","18.2%","±4.4","305","±77","12.8%","±3.0","438","±155","12.8%","±4.4","198","±95","9.2%","±4.3","385","±122","13.3%","±4.1","428","±174","12.7%","±5.3","184","±72","8.7%","±3.2","105","±61","4.0%","±2.3","354","±131","16.2%","±5.2","106","±53","7.9%","±3.9","151","±45","15.8%","±4.7","354","±156","10.4%","±4.5","435","±128","13.3%","±4.0","629","±253","15.0%","±6.0","279","±95","15.3%","±5.4","138","±63","10.6%","±4.7","458","±131","27.4%","±6.8"
"    65 years and over","984","±121","984","(X)","603","±91","603","(X)","1,079","±266","1,079","(X)","676","±111","676","(X)","962","±102","962","(X)","757","±102","757","(X)","834","±98","834","(X)","713","±176","713","(X)","996","±107","996","(X)","0","±12","0","(X)","225","±70","225","(X)","445","±49","445","(X)","210","±27","210","(X)","933","±138","933","(X)","1,028","±177","1,028","(X)","1,144","±168","1,144","(X)","491","±130","491","(X)","349","±45","349","(X)","396","±77","396","(X)"
"        With a disability","469","±127","47.7%","±9.8","184","±77","30.5%","±11.3","502","±223","46.5%","±14.0","197","±51","29.1%","±6.5","283","±126","29.4%","±12.7","314","±87","41.5%","±9.1","246","±71","29.5%","±8.3","302","±123","42.4%","±12.0","391","±112","39.3%","±9.9","0","±12","-","**","99","±57","44.0%","±19.5","183","±66","41.1%","±13.5","100","±37","47.6%","±16.4","425","±136","45.6%","±12.5","379","±127","36.9%","±9.0","338","±106","29.5%","±9.3","235","±89","47.9%","±11.7","80","±38","22.9%","±10.5","221","±74","55.8%","±14.5"
"RESIDENCE 1 YEAR AGO","","","","","","","","","","","","","","","","","","","","","","","","","","","","","","","","","","","","","","","","","","","","","","","","","","","","","","","","","","","","","","","","","","","","","","","","","","","",""
"    Population 1 year and over","5,513","±82","5,513","(X)","4,118","±49","4,118","(X)","6,457","±30","6,457","(X)","7,046","±196","7,046","(X)","5,405","±62","5,405","(X)","3,588","±221","3,588","(X)","4,707","±265","4,707","(X)","4,981","±412","4,981","(X)","4,031","±320","4,031","(X)","2,644","±249","2,644","(X)","2,602","±366","2,602","(X)","2,040","±176","2,040","(X)","1,478","±129","1,478","(X)","5,065","±51","5,065","(X)","5,287","±206","5,287","(X)","6,915","±33","6,915","(X)","3,048","±21","3,048","(X)","2,004","±208","2,004","(X)","3,010","±277","3,010","(X)"
"        Same house","4,764","±261","86.4%","±4.7","3,571","±256","86.7%","±5.7","5,565","±386","86.2%","±5.9","5,109","±258","72.5%","±2.8","5,199","±180","96.2%","±3.1","3,237","±267","90.2%","±6.0","4,166","±289","88.5%","±3.6","3,691","±518","74.1%","±9.2","3,306","±309","82.0%","±4.6","722","±205","27.3%","±7.5","1,484","±301","57.0%","±10.0","1,661","±174","81.4%","±6.3","1,281","±129","86.7%","±6.6","4,729","±280","93.4%","±5.3","4,844","±259","91.6%","±3.8","5,844","±565","84.5%","±8.1","2,720","±193","89.2%","±6.4","1,794","±220","89.5%","±3.4","2,499","±279","83.0%","±5.2"
"        Different house in the U.S.","700","±256","12.7%","±4.6","532","±233","12.9%","±5.7","886","±383","13.7%","±5.9","1,932","±197","27.4%","±2.8","206","±169","3.8%","±3.1","351","±221","9.8%","±6.0","541","±175","11.5%","±3.6","1,290","±488","25.9%","±9.2","725","±196","18.0%","±4.6","1,833","±277","69.3%","±7.6","1,118","±329","43.0%","±10.0","379","±138","18.6%","±6.3","197","±104","13.3%","±6.6","336","±268","6.6%","±5.3","443","±204","8.4%","±3.8","1,053","±558","15.2%","±8.1","291","±199","9.5%","±6.5","210","±63","10.5%","±3.4","511","±163","17.0%","±5.2"
"            Same county","538","±244","9.8%","±4.4","401","±218","9.7%","±5.3","595","±378","9.2%","±5.9","188","±85","2.7%","±1.2","188","±171","3.5%","±3.2","284","±215","7.9%","±5.9","257","±127","5.5%","±2.7","835","±308","16.8%","±5.8","610","±197","15.1%","±4.6","193","±89","7.3%","±3.3","699","±215","26.9%","±7.9","269","±121","13.2%","±5.6","131","±83","8.9%","±5.4","163","±131","3.2%","±2.6","200","±133","3.8%","±2.5","922","±546","13.3%","±7.9","220","±206","7.2%","±6.7","69","±45","3.4%","±2.3","469","±159","15.6%","±5.1"
"            Different county","162","±90","2.9%","±1.6","131","±124","3.2%","±3.0","291","±74","4.5%","±1.2","1,744","±202","24.8%","±2.9","18","±29","0.3%","±0.5","67","±59","1.9%","±1.6","284","±94","6.0%","±1.9","455","±371","9.1%","±7.3","115","±71","2.9%","±1.7","1,640","±266","62.0%","±7.6","419","±242","16.1%","±8.2","110","±75","5.4%","±3.6","66","±52","4.5%","±3.4","173","±172","3.4%","±3.4","243","±191","4.6%","±3.6","131","±126","1.9%","±1.8","71","±50","2.3%","±1.7","141","±52","7.0%","±2.7","42","±30","1.4%","±1.0"
"                Same state","36","±28","0.7%","±0.5","52","±46","1.3%","±1.1","268","±74","4.2%","±1.1","1,651","±205","23.4%","±2.9","0","±17","0.0%","±0.6","36","±39","1.0%","±1.1","222","±65","4.7%","±1.4","80","±79","1.6%","±1.6","64","±44","1.6%","±1.1","1,575","±260","59.6%","±7.6","378","±218","14.5%","±7.5","50","±55","2.5%","±2.6","66","±52","4.5%","±3.4","173","±172","3.4%","±3.4","208","±186","3.9%","±3.5","7","±14","0.1%","±0.2","36","±33","1.2%","±1.1","130","±47","6.5%","±2.4","23","±19","0.8%","±0.6"
"                Different state","126","±86","2.3%","±1.6","79","±117","1.9%","±2.8","23","±16","0.4%","±0.2","93","±47","1.3%","±0.7","18","±29","0.3%","±0.5","31","±41","0.9%","±1.2","62","±68","1.3%","±1.4","375","±367","7.5%","±7.3","51","±55","1.3%","±1.4","65","±41","2.5%","±1.5","41","±64","1.6%","±2.4","60","±50","2.9%","±2.4","0","±12","0.0%","±2.2","0","±17","0.0%","±0.6","35","±39","0.7%","±0.7","124","±127","1.8%","±1.8","35","±37","1.1%","±1.2","11","±19","0.5%","±1.0","19","±23","0.6%","±0.8"
"        Abroad","49","±50","0.9%","±0.9","15","±18","0.4%","±0.4","6","±8","0.1%","±0.1","5","±6","0.1%","±0.1","0","±17","0.0%","±0.6","0","±12","0.0%","±0.9","0","±12","0.0%","±0.7","0","±17","0.0%","±0.6","0","±12","0.0%","±0.8","89","±56","3.4%","±2.1","0","±12","0.0%","±1.2","0","±12","0.0%","±1.6","0","±12","0.0%","±2.2","0","±17","0.0%","±0.6","0","±17","0.0%","±0.6","18","±32","0.3%","±0.5","37","±41","1.2%","±1.3","0","±12","0.0%","±1.6","0","±12","0.0%","±1.1"
"PLACE OF BIRTH","","","","","","","","","","","","","","","","","","","","","","","","","","","","","","","","","","","","","","","","","","","","","","","","","","","","","","","","","","","","","","","","","","","","","","","","","","","",""
"    Total population","5,639","±26","5,639","(X)","4,165","±22","4,165","(X)","6,473","±24","6,473","(X)","7,056","±197","7,056","(X)","5,475","±21","5,475","(X)","3,607","±218","3,607","(X)","4,732","±262","4,732","(X)","5,078","±420","5,078","(X)","4,043","±322","4,043","(X)","2,644","±249","2,644","(X)","2,602","±366","2,602","(X)","2,048","±178","2,048","(X)","1,489","±129","1,489","(X)","5,101","±15","5,101","(X)","5,339","±190","5,339","(X)","6,927","±19","6,927","(X)","3,060","±18","3,060","(X)","2,055","±215","2,055","(X)","3,050","±288","3,050","(X)"
"        Native","5,295","±114","93.9%","±1.9","3,981","±116","95.6%","±2.7","6,258","±99","96.7%","±1.5","6,662","±213","94.4%","±1.1","5,361","±99","97.9%","±1.8","3,480","±216","96.5%","±2.3","4,423","±248","93.5%","±3.3","4,974","±415","98.0%","±1.1","3,798","±319","93.9%","±2.4","2,344","±237","88.7%","±3.4","2,447","±385","94.0%","±3.5","1,943","±195","94.9%","±3.0","1,481","±128","99.5%","±0.6","4,965","±109","97.3%","±2.2","5,250","±189","98.3%","±1.2","6,600","±131","95.3%","±1.9","3,041","±26","99.4%","±0.6","1,917","±222","93.3%","±2.8","2,920","±288","95.7%","±2.2"
"            Born in United States","5,200","±125","92.2%","±2.1","3,889","±126","93.4%","±2.9","6,203","±111","95.8%","±1.7","6,493","±223","92.0%","±1.4","5,270","±128","96.3%","±2.3","3,451","±218","95.7%","±2.3","4,384","±252","92.6%","±3.3","4,960","±415","97.7%","±1.2","3,751","±336","92.8%","±2.6","2,290","±232","86.6%","±3.4","2,381","±383","91.5%","±4.3","1,927","±195","94.1%","±3.2","1,476","±130","99.1%","±0.9","4,957","±113","97.2%","±2.2","5,248","±189","98.3%","±1.2","6,552","±147","94.6%","±2.1","3,028","±36","99.0%","±1.0","1,878","±219","91.4%","±3.1","2,902","±291","95.1%","±2.4"
"                State of residence","4,114","±180","73.0%","±3.2","3,400","±213","81.6%","±5.0","5,268","±290","81.4%","±4.5","5,733","±248","81.3%","±2.1","4,454","±297","81.4%","±5.3","2,821","±257","78.2%","±5.2","3,521","±234","74.4%","±4.4","3,943","±454","77.6%","±6.6","2,947","±317","72.9%","±4.6","2,033","±217","76.9%","±4.2","1,915","±393","73.6%","±7.6","1,449","±204","70.8%","±6.6","1,148","±127","77.1%","±5.5","4,206","±297","82.5%","±5.8","4,451","±261","83.4%","±4.1","5,161","±406","74.5%","±5.9","2,575","±140","84.2%","±4.6","1,569","±204","76.4%","±4.8","2,476","±263","81.2%","±4.0"
"                Different state","1,086","±214","19.3%","±3.8","489","±149","11.7%","±3.6","935","±274","14.4%","±4.2","760","±132","10.8%","±1.9","816","±254","14.9%","±4.6","630","±157","17.5%","±4.3","863","±167","18.2%","±3.2","1,017","±344","20.0%","±6.5","804","±188","19.9%","±4.4","257","±96","9.7%","±3.5","466","±168","17.9%","±6.7","478","±129","23.3%","±6.2","328","±85","22.0%","±5.3","751","±278","14.7%","±5.5","797","±206","14.9%","±3.8","1,391","±388","20.1%","±5.6","453","±139","14.8%","±4.5","309","±89","15.0%","±4.0","426","±126","14.0%","±3.8"
"            Born in Puerto Rico, U.S. Island areas, or born abroad to American parent(s)","95","±42","1.7%","±0.7","92","±58","2.2%","±1.4","55","±39","0.8%","±0.6","169","±55","2.4%","±0.8","91","±75","1.7%","±1.4","29","±29","0.8%","±0.8","39","±32","0.8%","±0.7","14","±21","0.3%","±0.4","47","±39","1.2%","±1.0","54","±38","2.0%","±1.4","66","±60","2.5%","±2.3","16","±25","0.8%","±1.2","5","±8","0.3%","±0.6","8","±14","0.2%","±0.3","2","±5","0.0%","±0.1","48","±62","0.7%","±0.9","13","±19","0.4%","±0.6","39","±29","1.9%","±1.4","18","±21","0.6%","±0.7"
"        Foreign born","344","±107","6.1%","±1.9","184","±111","4.4%","±2.7","215","±96","3.3%","±1.5","394","±77","5.6%","±1.1","114","±98","2.1%","±1.8","127","±84","3.5%","±2.3","309","±159","6.5%","±3.3","104","±57","2.0%","±1.1","245","±98","6.1%","±2.4","300","±95","11.3%","±3.4","155","±87","6.0%","±3.5","105","±58","5.1%","±3.0","8","±9","0.5%","±0.6","136","±110","2.7%","±2.2","89","±65","1.7%","±1.2","327","±132","4.7%","±1.9","19","±19","0.6%","±0.6","138","±55","6.7%","±2.8","130","±69","4.3%","±2.2"
"U.S. CITIZENSHIP STATUS","","","","","","","","","","","","","","","","","","","","","","","","","","","","","","","","","","","","","","","","","","","","","","","","","","","","","","","","","","","","","","","","","","","","","","","","","","","",""
"    Foreign-born population","344","±107","344","(X)","184","±111","184","(X)","215","±96","215","(X)","394","±77","394","(X)","114","±98","114","(X)","127","±84","127","(X)","309","±159","309","(X)","104","±57","104","(X)","245","±98","245","(X)","300","±95","300","(X)","155","±87","155","(X)","105","±58","105","(X)","8","±9","8","(X)","136","±110","136","(X)","89","±65","89","(X)","327","±132","327","(X)","19","±19","19","(X)","138","±55","138","(X)","130","±69","130","(X)"
"        Naturalized U.S. citizen","154","±55","44.8%","±13.5","115","±70","62.5%","±16.5","96","±60","44.7%","±18.9","85","±41","21.6%","±9.8","44","±51","38.6%","±25.6","103","±77","81.1%","±19.4","176","±116","57.0%","±16.2","47","±44","45.2%","±33.9","188","±88","76.7%","±16.0","80","±46","26.7%","±12.5","35","±34","22.6%","±19.1","59","±46","56.2%","±32.2","8","±9","100.0%","±100.0","84","±59","61.8%","±32.7","55","±44","61.8%","±37.4","206","±129","63.0%","±28.2","3","±5","15.8%","±31.9","92","±45","66.7%","±18.9","92","±44","70.8%","±28.4"
"        Not a U.S. citizen","190","±85","55.2%","±13.5","69","±55","37.5%","±16.5","119","±64","55.3%","±18.9","309","±73","78.4%","±9.8","70","±58","61.4%","±25.6","24","±27","18.9%","±19.4","133","±67","43.0%","±16.2","57","±46","54.8%","±33.9","57","±42","23.3%","±16.0","220","±76","73.3%","±12.5","120","±75","77.4%","±19.1","46","±43","43.8%","±32.2","0","±12","0.0%","±100.0","52","±73","38.2%","±32.7","34","±47","38.2%","±37.4","121","±96","37.0%","±28.2","16","±18","84.2%","±31.9","46","±32","33.3%","±18.9","38","±49","29.2%","±28.4"
"YEAR OF ENTRY","","","","","","","","","","","","","","","","","","","","","","","","","","","","","","","","","","","","","","","","","","","","","","","","","","","","","","","","","","","","","","","","","","","","","","","","","","","",""
"    Population born outside the United States","439","±118","439","(X)","276","±120","276","(X)","270","±107","270","(X)","563","±93","563","(X)","205","±129","205","(X)","156","±86","156","(X)","348","±161","348","(X)","118","±61","118","(X)","292","±105","292","(X)","354","±95","354","(X)","221","±108","221","(X)","121","±63","121","(X)","13","±13","13","(X)","144","±114","144","(X)","91","±65","91","(X)","375","±148","375","(X)","32","±31","32","(X)","177","±62","177","(X)","148","±72","148","(X)"
"        Native","95","±42","95","(X)","92","±58","92","(X)","55","±39","55","(X)","169","±55","169","(X)","91","±75","91","(X)","29","±29","29","(X)","39","±32","39","(X)","14","±21","14","(X)","47","±39","47","(X)","54","±38","54","(X)","66","±60","66","(X)","16","±25","16","(X)","5","±8","5","(X)","8","±14","8","(X)","2","±5","2","(X)","48","±62","48","(X)","13","±19","13","(X)","39","±29","39","(X)","18","±21","18","(X)"
"            Entered 2010 or later","13","±11","13.7%","±12.7","6","±12","6.5%","±13.3","28","±32","50.9%","±36.6","40","±32","23.7%","±16.5","0","±17","0.0%","±29.2","0","±12","0.0%","±55.1","2","±4","5.1%","±11.9","0","±17","0.0%","±79.3","0","±12","0.0%","±43.3","9","±12","16.7%","±20.6","0","±12","0.0%","±36.3","0","±12","0.0%","±74.1","0","±12","0.0%","±100.0","0","±17","0.0%","±100.0","0","±17","0.0%","±100.0","0","±17","0.0%","±42.8","5","±12","38.5%","±61.5","0","±12","0.0%","±47.5","0","±12","0.0%","±69.9"
"            Entered before 2010","82","±42","86.3%","±12.7","86","±56","93.5%","±13.3","27","±18","49.1%","±36.6","129","±47","76.3%","±16.5","91","±75","100.0%","±29.2","29","±29","100.0%","±55.1","37","±32","94.9%","±11.9","14","±21","100.0%","±79.3","47","±39","100.0%","±43.3","45","±33","83.3%","±20.6","66","±60","100.0%","±36.3","16","±25","100.0%","±74.1","5","±8","100.0%","±100.0","8","±14","100.0%","±100.0","2","±5","100.0%","±100.0","48","±62","100.0%","±42.8","8","±15","61.5%","±61.5","39","±29","100.0%","±47.5","18","±21","100.0%","±69.9"
"        Foreign born","344","±107","344","(X)","184","±111","184","(X)","215","±96","215","(X)","394","±77","394","(X)","114","±98","114","(X)","127","±84","127","(X)","309","±159","309","(X)","104","±57","104","(X)","245","±98","245","(X)","300","±95","300","(X)","155","±87","155","(X)","105","±58","105","(X)","8","±9","8","(X)","136","±110","136","(X)","89","±65","89","(X)","327","±132","327","(X)","19","±19","19","(X)","138","±55","138","(X)","130","±69","130","(X)"
"            Entered 2010 or later","53","±29","15.4%","±7.8","27","±41","14.7%","±17.7","33","±34","15.3%","±13.8","49","±34","12.4%","±8.4","51","±61","44.7%","±28.1","15","±19","11.8%","±14.3","59","±51","19.1%","±11.6","42","±39","40.4%","±32.0","7","±10","2.9%","±4.3","250","±81","83.3%","±9.7","94","±74","60.6%","±25.5","0","±12","0.0%","±26.1","0","±12","0.0%","±100.0","24","±40","17.6%","±19.9","14","±19","15.7%","±17.8","34","±37","10.4%","±11.0","6","±12","31.6%","±58.8","32","±30","23.2%","±18.8","43","±51","33.1%","±29.2"
"            Entered before 2010","291","±96","84.6%","±7.8","157","±84","85.3%","±17.7","182","±83","84.7%","±13.8","345","±77","87.6%","±8.4","63","±49","55.3%","±28.1","112","±79","88.2%","±14.3","250","±122","80.9%","±11.6","62","±50","59.6%","±32.0","238","±98","97.1%","±4.3","50","±35","16.7%","±9.7","61","±40","39.4%","±25.5","105","±58","100.0%","±26.1","8","±9","100.0%","±100.0","112","±79","82.4%","±19.9","75","±56","84.3%","±17.8","293","±126","89.6%","±11.0","13","±15","68.4%","±58.8","106","±48","76.8%","±18.8","87","±47","66.9%","±29.2"
"WORLD REGION OF BIRTH OF FOREIGN BORN","","","","","","","","","","","","","","","","","","","","","","","","","","","","","","","","","","","","","","","","","","","","","","","","","","","","","","","","","","","","","","","","","","","","","","","","","","","",""
"    Foreign-born population, excluding population born at sea","344","±107","344","(X)","184","±111","184","(X)","215","±96","215","(X)","394","±77","394","(X)","114","±98","114","(X)","127","±84","127","(X)","309","±159","309","(X)","104","±57","104","(X)","245","±98","245","(X)","300","±95","300","(X)","155","±87","155","(X)","105","±58","105","(X)","8","±9","8","(X)","136","±110","136","(X)","89","±65","89","(X)","327","±132","327","(X)","19","±19","19","(X)","138","±55","138","(X)","130","±69","130","(X)"
"        Europe","53","±39","15.4%","±10.3","26","±20","14.1%","±14.3","59","±49","27.4%","±16.8","28","±19","7.1%","±4.7","0","±17","0.0%","±24.4","38","±56","29.9%","±35.8","25","±30","8.1%","±10.3","42","±37","40.4%","±27.2","88","±50","35.9%","±18.8","60","±45","20.0%","±13.6","8","±13","5.2%","±9.1","25","±24","23.8%","±24.2","4","±7","50.0%","±50.0","38","±52","27.9%","±30.8","32","±37","36.0%","±35.5","120","±78","36.7%","±20.4","0","±12","0.0%","±68.0","53","±34","38.4%","±19.6","15","±20","11.5%","±15.3"
"        Asia","38","±23","11.0%","±6.8","12","±25","6.5%","±12.9","19","±20","8.8%","±9.1","16","±20","4.1%","±5.1","53","±52","46.5%","±53.5","48","±42","37.8%","±32.0","179","±152","57.9%","±27.8","33","±26","31.7%","±24.2","77","±56","31.4%","±15.5","203","±76","67.7%","±12.1","63","±49","40.6%","±29.7","48","±43","45.7%","±29.9","0","±12","0.0%","±100.0","19","±26","14.0%","±28.0","31","±46","34.8%","±37.8","70","±63","21.4%","±15.7","0","±12","0.0%","±68.0","21","±27","15.2%","±17.3","61","±56","46.9%","±27.2"
"        Africa","4","±6","1.2%","±1.8","0","±12","0.0%","±16.1","0","±17","0.0%","±14.0","24","±25","6.1%","±6.4","0","±17","0.0%","±24.4","5","±9","3.9%","±7.1","10","±15","3.2%","±6.1","0","±17","0.0%","±26.3","0","±12","0.0%","±12.4","0","±12","0.0%","±10.3","17","±21","11.0%","±13.0","0","±12","0.0%","±26.1","0","±12","0.0%","±100.0","17","±27","12.5%","±19.9","0","±17","0.0%","±29.7","0","±17","0.0%","±9.5","0","±12","0.0%","±68.0","6","±10","4.3%","±6.8","14","±20","10.8%","±15.7"
"        Oceania","0","±17","0.0%","±9.0","0","±12","0.0%","±16.1","0","±17","0.0%","±14.0","0","±17","0.0%","±7.9","0","±17","0.0%","±24.4","0","±12","0.0%","±22.3","5","±10","1.6%","±4.0","0","±17","0.0%","±26.3","0","±12","0.0%","±12.4","0","±12","0.0%","±10.3","0","±12","0.0%","±18.8","0","±12","0.0%","±26.1","0","±12","0.0%","±100.0","0","±17","0.0%","±21.1","14","±22","15.7%","±24.4","0","±17","0.0%","±9.5","0","±12","0.0%","±68.0","0","±12","0.0%","±20.8","0","±12","0.0%","±21.9"
"        Latin America","3","±6","0.9%","±1.7","86","±90","46.7%","±31.8","40","±29","18.6%","±13.9","280","±68","71.1%","±10.1","30","±46","26.3%","±28.0","11","±17","8.7%","±13.8","24","±23","7.8%","±8.8","0","±17","0.0%","±26.3","8","±14","3.3%","±6.2","7","±13","2.3%","±4.4","53","±67","34.2%","±35.6","0","±12","0.0%","±26.1","0","±12","0.0%","±100.0","10","±15","7.4%","±13.1","8","±13","9.0%","±14.9","86","±63","26.3%","±17.2","16","±18","84.2%","±31.9","7","±14","5.1%","±9.6","7","±12","5.4%","±9.7"
"        Northern America","246","±92","71.5%","±13.2","60","±47","32.6%","±26.1","97","±62","45.1%","±19.1","46","±29","11.7%","±6.7","31","±49","27.2%","±28.9","25","±37","19.7%","±25.2","66","±40","21.4%","±14.1","29","±33","27.9%","±26.5","72","±46","29.4%","±13.9","30","±29","10.0%","±9.6","14","±23","9.0%","±14.9","32","±42","30.5%","±34.3","4","±7","50.0%","±50.0","52","±85","38.2%","±42.6","4","±7","4.5%","±8.8","51","±72","15.6%","±21.6","3","±5","15.8%","±31.9","51","±33","37.0%","±17.6","33","±28","25.4%","±19.4"
"LANGUAGE SPOKEN AT HOME","","","","","","","","","","","","","","","","","","","","","","","","","","","","","","","","","","","","","","","","","","","","","","","","","","","","","","","","","","","","","","","","","","","","","","","","","","","",""
"    Population 5 years and over","5,166","±131","5,166","(X)","3,963","±83","3,963","(X)","6,289","±71","6,289","(X)","6,887","±196","6,887","(X)","5,097","±101","5,097","(X)","3,496","±213","3,496","(X)","4,600","±260","4,600","(X)","4,627","±431","4,627","(X)","3,900","±309","3,900","(X)","2,644","±249","2,644","(X)","2,494","±356","2,494","(X)","1,999","±173","1,999","(X)","1,453","±122","1,453","(X)","4,920","±103","4,920","(X)","5,030","±252","5,030","(X)","6,426","±180","6,426","(X)","2,905","±63","2,905","(X)","1,874","±176","1,874","(X)","2,895","±261","2,895","(X)"
"        English only","4,871","±178","94.3%","±2.0","3,804","±123","96.0%","±2.3","6,027","±126","95.8%","±1.9","6,375","±200","92.6%","±1.3","4,969","±163","97.5%","±2.3","3,262","±225","93.3%","±3.6","4,305","±246","93.6%","±3.4","4,433","±438","95.8%","±2.0","3,650","±305","93.6%","±2.7","2,103","±248","79.5%","±5.1","2,320","±367","93.0%","±3.7","1,922","±182","96.1%","±2.7","1,434","±119","98.7%","±1.1","4,714","±192","95.8%","±3.7","4,930","±258","98.0%","±1.4","5,986","±282","93.2%","±3.6","2,799","±85","96.4%","±2.0","1,710","±193","91.2%","±3.7","2,723","±271","94.1%","±3.1"
"        Language other than English","295","±102","5.7%","±2.0","159","±92","4.0%","±2.3","262","±119","4.2%","±1.9","512","±88","7.4%","±1.3","128","±119","2.5%","±2.3","234","±128","6.7%","±3.6","295","±161","6.4%","±3.4","194","±92","4.2%","±2.0","250","±109","6.4%","±2.7","541","±140","20.5%","±5.1","174","±91","7.0%","±3.7","77","±52","3.9%","±2.7","19","±17","1.3%","±1.1","206","±184","4.2%","±3.7","100","±69","2.0%","±1.4","440","±229","6.8%","±3.6","106","±57","3.6%","±2.0","164","±65","8.8%","±3.7","172","±89","5.9%","±3.1"
"            Speak English less than ""very well""","71","±44","1.4%","±0.9","49","±40","1.2%","±1.0","75","±44","1.2%","±0.7","239","±74","3.5%","±1.0","20","±33","0.4%","±0.6","11","±17","0.3%","±0.5","91","±58","2.0%","±1.2","16","±23","0.3%","±0.5","13","±16","0.3%","±0.4","51","±36","1.9%","±1.3","76","±71","3.0%","±2.9","21","±23","1.1%","±1.1","0","±12","0.0%","±2.2","106","±124","2.2%","±2.5","25","±36","0.5%","±0.7","216","±167","3.4%","±2.6","23","±27","0.8%","±0.9","24","±18","1.3%","±1.0","63","±43","2.2%","±1.5"
"        Spanish","12","±13","0.2%","±0.2","43","±43","1.1%","±1.1","88","±43","1.4%","±0.7","397","±79","5.8%","±1.1","49","±56","1.0%","±1.1","110","±102","3.1%","±2.9","67","±38","1.5%","±0.8","45","±41","1.0%","±0.9","30","±30","0.8%","±0.8","202","±71","7.6%","±2.6","80","±69","3.2%","±2.8","0","±12","0.0%","±1.6","6","±10","0.4%","±0.7","10","±15","0.2%","±0.3","0","±17","0.0%","±0.6","272","±201","4.2%","±3.1","36","±36","1.2%","±1.2","36","±32","1.9%","±1.7","55","±59","1.9%","±2.1"
"            Speak English less than ""very well""","3","±6","0.1%","±0.1","11","±15","0.3%","±0.4","38","±28","0.6%","±0.4","217","±68","3.2%","±1.0","0","±17","0.0%","±0.6","0","±12","0.0%","±0.9","30","±23","0.7%","±0.5","0","±17","0.0%","±0.7","0","±12","0.0%","±0.8","0","±12","0.0%","±1.2","47","±65","1.9%","±2.7","0","±12","0.0%","±1.6","0","±12","0.0%","±2.2","10","±15","0.2%","±0.3","0","±17","0.0%","±0.6","165","±143","2.6%","±2.2","23","±27","0.8%","±0.9","6","±10","0.3%","±0.5","4","±7","0.1%","±0.3"
"        Other Indo-European languages","243","±95","4.7%","±1.9","97","±77","2.4%","±1.9","153","±108","2.4%","±1.7","62","±26","0.9%","±0.4","59","±60","1.2%","±1.2","90","±79","2.6%","±2.2","192","±157","4.2%","±3.4","137","±82","3.0%","±1.8","190","±95","4.9%","±2.4","126","±68","4.8%","±2.5","30","±37","1.2%","±1.5","24","±30","1.2%","±1.5","13","±13","0.9%","±0.9","98","±103","2.0%","±2.1","86","±67","1.7%","±1.3","168","±115","2.6%","±1.8","63","±46","2.2%","±1.6","105","±53","5.6%","±3.0","54","±49","1.9%","±1.7"
"            Speak English less than ""very well""","54","±39","1.0%","±0.8","32","±33","0.8%","±0.8","28","±31","0.4%","±0.5","22","±19","0.3%","±0.3","0","±17","0.0%","±0.6","11","±17","0.3%","±0.5","53","±50","1.2%","±1.1","16","±23","0.3%","±0.5","13","±16","0.3%","±0.4","5","±10","0.2%","±0.4","8","±13","0.3%","±0.5","0","±12","0.0%","±1.6","0","±12","0.0%","±2.2","41","±55","0.8%","±1.1","25","±36","0.5%","±0.7","51","±72","0.8%","±1.1","0","±12","0.0%","±1.1","18","±15","1.0%","±0.8","18","±24","0.6%","±0.8"
"        Asian and Pacific Islander languages","40","±33","0.8%","±0.6","19","±22","0.5%","±0.6","21","±21","0.3%","±0.3","40","±44","0.6%","±0.6","20","±33","0.4%","±0.6","21","±27","0.6%","±0.8","18","±20","0.4%","±0.4","12","±19","0.3%","±0.4","30","±32","0.8%","±0.8","137","±72","5.2%","±2.7","47","±48","1.9%","±2.0","34","±37","1.7%","±1.9","0","±12","0.0%","±2.2","19","±26","0.4%","±0.5","0","±17","0.0%","±0.6","0","±17","0.0%","±0.5","0","±12","0.0%","±1.1","17","±26","0.9%","±1.4","29","±39","1.0%","±1.3"
"            Speak English less than ""very well""","14","±19","0.3%","±0.4","6","±13","0.2%","±0.3","9","±13","0.1%","±0.2","0","±17","0.0%","±0.5","20","±33","0.4%","±0.6","0","±12","0.0%","±0.9","8","±12","0.2%","±0.3","0","±17","0.0%","±0.7","0","±12","0.0%","±0.8","29","±28","1.1%","±1.1","21","±24","0.8%","±1.0","11","±16","0.6%","±0.8","0","±12","0.0%","±2.2","0","±17","0.0%","±0.7","0","±17","0.0%","±0.6","0","±17","0.0%","±0.5","0","±12","0.0%","±1.1","0","±12","0.0%","±1.7","29","±39","1.0%","±1.3"
"        Other languages","0","±17","0.0%","±0.6","0","±12","0.0%","±0.8","0","±17","0.0%","±0.5","13","±18","0.2%","±0.3","0","±17","0.0%","±0.6","13","±20","0.4%","±0.6","18","±28","0.4%","±0.6","0","±17","0.0%","±0.7","0","±12","0.0%","±0.8","76","±51","2.9%","±1.9","17","±21","0.7%","±0.8","19","±23","1.0%","±1.1","0","±12","0.0%","±2.2","79","±131","1.6%","±2.7","14","±17","0.3%","±0.3","0","±17","0.0%","±0.5","7","±13","0.2%","±0.5","6","±10","0.3%","±0.5","34","±34","1.2%","±1.2"
"            Speak English less than ""very well""","0","±17","0.0%","±0.6","0","±12","0.0%","±0.8","0","±17","0.0%","±0.5","0","±17","0.0%","±0.5","0","±17","0.0%","±0.6","0","±12","0.0%","±0.9","0","±12","0.0%","±0.7","0","±17","0.0%","±0.7","0","±12","0.0%","±0.8","17","±25","0.6%","±1.0","0","±12","0.0%","±1.3","10","±16","0.5%","±0.8","0","±12","0.0%","±2.2","55","±91","1.1%","±1.8","0","±17","0.0%","±0.6","0","±17","0.0%","±0.5","0","±12","0.0%","±1.1","0","±12","0.0%","±1.7","12","±18","0.4%","±0.6"
"ANCESTRY","","","","","","","","","","","","","","","","","","","","","","","","","","","","","","","","","","","","","","","","","","","","","","","","","","","","","","","","","","","","","","","","","","","","","","","","","","","",""
"    Total population","5,639","±26","5,639","(X)","4,165","±22","4,165","(X)","6,473","±24","6,473","(X)","7,056","±197","7,056","(X)","5,475","±21","5,475","(X)","3,607","±218","3,607","(X)","4,732","±262","4,732","(X)","5,078","±420","5,078","(X)","4,043","±322","4,043","(X)","2,644","±249","2,644","(X)","2,602","±366","2,602","(X)","2,048","±178","2,048","(X)","1,489","±129","1,489","(X)","5,101","±15","5,101","(X)","5,339","±190","5,339","(X)","6,927","±19","6,927","(X)","3,060","±18","3,060","(X)","2,055","±215","2,055","(X)","3,050","±288","3,050","(X)"
"        American","317","±103","5.6%","±1.8","253","±132","6.1%","±3.2","682","±248","10.5%","±3.8","177","±59","2.5%","±0.8","302","±154","5.5%","±2.8","308","±144","8.5%","±4.1","454","±269","9.6%","±5.5","339","±163","6.7%","±3.3","221","±91","5.5%","±2.3","0","±12","0.0%","±1.2","64","±41","2.5%","±1.6","106","±58","5.2%","±2.9","92","±67","6.2%","±4.4","657","±322","12.9%","±6.3","381","±160","7.1%","±2.9","265","±168","3.8%","±2.4","177","±90","5.8%","±2.9","67","±59","3.3%","±2.8","117","±67","3.8%","±2.2"
"        Arab","4","±6","0.1%","±0.1","0","±12","0.0%","±0.8","0","±17","0.0%","±0.5","0","±17","0.0%","±0.5","0","±17","0.0%","±0.6","29","±27","0.8%","±0.7","17","±28","0.4%","±0.6","26","±42","0.5%","±0.8","10","±15","0.2%","±0.4","17","±25","0.6%","±1.0","42","±57","1.6%","±2.2","9","±16","0.4%","±0.8","0","±12","0.0%","±2.2","0","±17","0.0%","±0.6","0","±17","0.0%","±0.6","0","±17","0.0%","±0.5","0","±12","0.0%","±1.1","6","±10","0.3%","±0.5","12","±18","0.4%","±0.6"
"        Czech","0","±17","0.0%","±0.6","0","±12","0.0%","±0.8","62","±93","1.0%","±1.4","4","±5","0.1%","±0.1","0","±17","0.0%","±0.6","0","±12","0.0%","±0.9","0","±12","0.0%","±0.7","12","±20","0.2%","±0.4","0","±12","0.0%","±0.8","15","±23","0.6%","±0.9","0","±12","0.0%","±1.2","10","±15","0.5%","±0.7","0","±12","0.0%","±2.2","216","±220","4.2%","±4.3","13","±20","0.2%","±0.4","0","±17","0.0%","±0.5","4","±6","0.1%","±0.2","0","±12","0.0%","±1.6","0","±12","0.0%","±1.1"
"        Danish","0","±17","0.0%","±0.6","0","±12","0.0%","±0.8","4","±7","0.1%","±0.1","7","±8","0.1%","±0.1","0","±17","0.0%","±0.6","0","±12","0.0%","±0.9","7","±14","0.1%","±0.3","14","±23","0.3%","±0.5","0","±12","0.0%","±0.8","12","±17","0.5%","±0.6","0","±12","0.0%","±1.2","5","±10","0.2%","±0.5","5","±8","0.3%","±0.5","0","±17","0.0%","±0.6","3","±5","0.1%","±0.1","10","±17","0.1%","±0.2","0","±12","0.0%","±1.1","0","±12","0.0%","±1.6","0","±12","0.0%","±1.1"
"        Dutch","20","±21","0.4%","±0.4","93","±95","2.2%","±2.3","60","±51","0.9%","±0.8","138","±77","2.0%","±1.1","0","±17","0.0%","±0.6","33","±32","0.9%","±0.9","88","±95","1.9%","±2.0","55","±46","1.1%","±0.9","44","±32","1.1%","±0.8","0","±12","0.0%","±1.2","0","±12","0.0%","±1.2","8","±14","0.4%","±0.7","65","±73","4.4%","±4.9","12","±20","0.2%","±0.4","65","±56","1.2%","±1.0","78","±66","1.1%","±1.0","67","±52","2.2%","±1.7","23","±22","1.1%","±1.1","115","±94","3.8%","±3.1"
"        English","486","±177","8.6%","±3.2","148","±58","3.6%","±1.4","585","±267","9.0%","±4.1","322","±90","4.6%","±1.3","409","±163","7.5%","±3.0","329","±124","9.1%","±3.5","495","±172","10.5%","±3.7","412","±173","8.1%","±3.3","482","±174","11.9%","±4.2","66","±49","2.5%","±1.8","220","±156","8.5%","±6.1","282","±105","13.8%","±4.9","92","±41","6.2%","±2.8","223","±132","4.4%","±2.6","317","±85","5.9%","±1.6","285","±132","4.1%","±1.9","411","±220","13.4%","±7.2","206","±100","10.0%","±5.0","152","±91","5.0%","±3.0"
"        French (except Basque)","929","±193","16.5%","±3.4","917","±256","22.0%","±6.1","1,163","±314","18.0%","±4.9","1,005","±178","14.2%","±2.5","1,136","±307","20.7%","±5.6","1,022","±272","28.3%","±7.2","938","±218","19.8%","±4.4","943","±330","18.6%","±6.1","526","±165","13.0%","±3.9","34","±33","1.3%","±1.3","356","±136","13.7%","±5.0","335","±119","16.4%","±5.6","317","±100","21.3%","±6.4","799","±294","15.7%","±5.8","1,431","±293","26.8%","±5.4","1,225","±412","17.7%","±5.9","804","±265","26.3%","±8.7","456","±152","22.2%","±6.4","615","±201","20.2%","±6.5"
"        French Canadian","944","±240","16.7%","±4.3","345","±123","8.3%","±2.9","794","±267","12.3%","±4.1","402","±103","5.7%","±1.5","662","±285","12.1%","±5.2","368","±171","10.2%","±4.6","376","±122","7.9%","±2.6","416","±196","8.2%","±4.0","282","±96","7.0%","±2.3","43","±37","1.6%","±1.4","99","±53","3.8%","±1.9","259","±123","12.6%","±5.9","120","±70","8.1%","±4.5","341","±150","6.7%","±2.9","458","±230","8.6%","±4.3","576","±213","8.3%","±3.1","233","±110","7.6%","±3.6","133","±55","6.5%","±2.8","288","±122","9.4%","±4.0"
"        German","326","±129","5.8%","±2.3","251","±126","6.0%","±3.0","431","±156","6.7%","±2.4","316","±104","4.5%","±1.5","409","±199","7.5%","±3.6","255","±122","7.1%","±3.5","323","±119","6.8%","±2.5","489","±268","9.6%","±5.5","476","±143","11.8%","±3.5","183","±81","6.9%","±2.9","254","±116","9.8%","±4.3","217","±96","10.6%","±4.6","123","±69","8.3%","±4.7","535","±279","10.5%","±5.5","352","±135","6.6%","±2.5","565","±277","8.2%","±4.0","204","±103","6.7%","±3.3","172","±74","8.4%","±3.6","480","±203","15.7%","±6.0"
"        Greek","27","±30","0.5%","±0.5","22","±33","0.5%","±0.8","0","±17","0.0%","±0.5","0","±17","0.0%","±0.5","0","±17","0.0%","±0.6","11","±17","0.3%","±0.5","15","±18","0.3%","±0.4","54","±67","1.1%","±1.3","26","±29","0.6%","±0.7","0","±12","0.0%","±1.2","44","±36","1.7%","±1.4","0","±12","0.0%","±1.6","0","±12","0.0%","±2.2","0","±17","0.0%","±0.6","0","±17","0.0%","±0.6","62","±110","0.9%","±1.6","3","±5","0.1%","±0.2","0","±12","0.0%","±1.6","0","±12","0.0%","±1.1"
"        Hungarian","15","±17","0.3%","±0.3","0","±12","0.0%","±0.8","0","±17","0.0%","±0.5","6","±10","0.1%","±0.1","0","±17","0.0%","±0.6","12","±18","0.3%","±0.5","0","±12","0.0%","±0.7","0","±17","0.0%","±0.6","15","±18","0.4%","±0.4","0","±12","0.0%","±1.2","116","±133","4.5%","±5.2","17","±18","0.8%","±0.9","0","±12","0.0%","±2.2","16","±29","0.3%","±0.6","13","±17","0.2%","±0.3","20","±25","0.3%","±0.4","0","±12","0.0%","±1.1","0","±12","0.0%","±1.6","0","±12","0.0%","±1.1"
"        Irish","720","±210","12.8%","±3.7","613","±164","14.7%","±3.9","911","±359","14.1%","±5.5","851","±162","12.1%","±2.2","891","±261","16.3%","±4.8","397","±108","11.0%","±3.1","819","±220","17.3%","±4.4","987","±295","19.4%","±5.8","803","±187","19.9%","±4.3","369","±113","14.0%","±3.9","344","±158","13.2%","±6.0","342","±98","16.7%","±4.7","264","±118","17.7%","±7.6","931","±391","18.3%","±7.7","762","±242","14.3%","±4.3","884","±313","12.8%","±4.5","639","±200","20.9%","±6.5","342","±96","16.6%","±4.8","314","±137","10.3%","±4.5"
"        Italian","228","±89","4.0%","±1.6","192","±112","4.6%","±2.7","212","±96","3.3%","±1.5","259","±98","3.7%","±1.4","495","±250","9.0%","±4.6","329","±187","9.1%","±5.1","257","±123","5.4%","±2.6","427","±162","8.4%","±3.2","334","±194","8.3%","±4.5","311","±104","11.8%","±3.9","155","±80","6.0%","±2.9","159","±81","7.8%","±3.9","48","±48","3.2%","±3.2","258","±145","5.1%","±2.8","228","±102","4.3%","±1.9","645","±301","9.3%","±4.4","242","±154","7.9%","±5.1","130","±66","6.3%","±3.2","228","±126","7.5%","±4.0"
"        Lithuanian","3","±4","0.1%","±0.1","0","±12","0.0%","±0.8","0","±17","0.0%","±0.5","10","±15","0.1%","±0.2","0","±17","0.0%","±0.6","8","±11","0.2%","±0.3","0","±12","0.0%","±0.7","12","±19","0.2%","±0.4","6","±10","0.1%","±0.2","0","±12","0.0%","±1.2","0","±12","0.0%","±1.2","0","±12","0.0%","±1.6","0","±12","0.0%","±2.2","0","±17","0.0%","±0.6","28","±28","0.5%","±0.5","22","±36","0.3%","±0.5","0","±12","0.0%","±1.1","27","±42","1.3%","±2.0","11","±16","0.4%","±0.5"
"        Norwegian","13","±12","0.2%","±0.2","25","±39","0.6%","±0.9","19","±28","0.3%","±0.4","19","±18","0.3%","±0.3","84","±97","1.5%","±1.8","7","±10","0.2%","±0.3","18","±22","0.4%","±0.5","14","±24","0.3%","±0.5","29","±22","0.7%","±0.5","26","±26","1.0%","±1.0","14","±24","0.5%","±0.9","9","±13","0.4%","±0.7","0","±12","0.0%","±2.2","25","±30","0.5%","±0.6","0","±17","0.0%","±0.6","232","±195","3.3%","±2.8","0","±12","0.0%","±1.1","13","±20","0.6%","±1.0","0","±12","0.0%","±1.1"
"        Polish","111","±89","2.0%","±1.6","39","±42","0.9%","±1.0","40","±35","0.6%","±0.5","102","±43","1.4%","±0.6","39","±44","0.7%","±0.8","86","±64","2.4%","±1.8","119","±81","2.5%","±1.7","219","±140","4.3%","±2.8","141","±70","3.5%","±1.7","60","±43","2.3%","±1.6","63","±64","2.4%","±2.4","71","±58","3.5%","±2.8","8","±13","0.5%","±0.9","58","±55","1.1%","±1.1","212","±128","4.0%","±2.4","116","±97","1.7%","±1.4","88","±56","2.9%","±1.8","50","±38","2.4%","±1.9","50","±45","1.6%","±1.5"
"        Portuguese","0","±17","0.0%","±0.6","27","±41","0.6%","±1.0","0","±17","0.0%","±0.5","32","±48","0.5%","±0.7","9","±14","0.2%","±0.3","0","±12","0.0%","±0.9","25","±42","0.5%","±0.9","247","±250","4.9%","±5.0","0","±12","0.0%","±0.8","13","±19","0.5%","±0.7","15","±24","0.6%","±0.9","0","±12","0.0%","±1.6","0","±12","0.0%","±2.2","0","±17","0.0%","±0.6","0","±17","0.0%","±0.6","0","±17","0.0%","±0.5","0","±12","0.0%","±1.1","26","±30","1.3%","±1.5","0","±12","0.0%","±1.1"
"        Russian","20","±19","0.4%","±0.3","9","±13","0.2%","±0.3","10","±11","0.2%","±0.2","15","±17","0.2%","±0.2","0","±17","0.0%","±0.6","0","±12","0.0%","±0.9","0","±12","0.0%","±0.7","0","±17","0.0%","±0.6","45","±51","1.1%","±1.2","94","±44","3.6%","±1.6","65","±59","2.5%","±2.2","10","±16","0.5%","±0.8","0","±12","0.0%","±2.2","12","±17","0.2%","±0.3","0","±17","0.0%","±0.6","13","±21","0.2%","±0.3","0","±12","0.0%","±1.1","28","±29","1.4%","±1.4","21","±35","0.7%","±1.2"
"        Scotch-Irish","0","±17","0.0%","±0.6","22","±34","0.5%","±0.8","62","±91","1.0%","±1.4","20","±15","0.3%","±0.2","9","±17","0.2%","±0.3","36","±42","1.0%","±1.1","33","±32","0.7%","±0.7","102","±77","2.0%","±1.5","58","±39","1.4%","±1.0","0","±12","0.0%","±1.2","17","±19","0.7%","±0.7","19","±19","0.9%","±0.9","17","±23","1.1%","±1.6","0","±17","0.0%","±0.6","47","±38","0.9%","±0.7","15","±24","0.2%","±0.3","0","±12","0.0%","±1.1","0","±12","0.0%","±1.6","9","±14","0.3%","±0.5"
"        Scottish","131","±65","2.3%","±1.2","56","±46","1.3%","±1.1","83","±55","1.3%","±0.9","58","±37","0.8%","±0.5","102","±107","1.9%","±1.9","122","±84","3.4%","±2.3","48","±36","1.0%","±0.8","94","±83","1.9%","±1.6","95","±50","2.3%","±1.2","23","±23","0.9%","±0.9","105","±91","4.0%","±3.6","24","±23","1.2%","±1.1","42","±27","2.8%","±1.8","30","±34","0.6%","±0.7","70","±43","1.3%","±0.8","296","±147","4.3%","±2.1","27","±21","0.9%","±0.7","59","±42","2.9%","±2.0","103","±131","3.4%","±4.2"
"        Slovak","0","±17","0.0%","±0.6","0","±12","0.0%","±0.8","0","±17","0.0%","±0.5","3","±5","0.0%","±0.1","0","±17","0.0%","±0.6","0","±12","0.0%","±0.9","0","±12","0.0%","±0.7","0","±17","0.0%","±0.6","0","±12","0.0%","±0.8","17","±26","0.6%","±1.0","0","±12","0.0%","±1.2","0","±12","0.0%","±1.6","0","±12","0.0%","±2.2","0","±17","0.0%","±0.6","35","±54","0.7%","±1.0","0","±17","0.0%","±0.5","0","±12","0.0%","±1.1","7","±14","0.3%","±0.7","0","±12","0.0%","±1.1"
"        Subsaharan African","7","±11","0.1%","±0.2","41","±60","1.0%","±1.4","0","±17","0.0%","±0.5","32","±26","0.5%","±0.4","0","±17","0.0%","±0.6","0","±12","0.0%","±0.9","4","±7","0.1%","±0.2","0","±17","0.0%","±0.6","2","±5","0.0%","±0.1","6","±12","0.2%","±0.5","31","±33","1.2%","±1.3","0","±12","0.0%","±1.6","0","±12","0.0%","±2.2","0","±17","0.0%","±0.6","0","±17","0.0%","±0.6","0","±17","0.0%","±0.5","0","±12","0.0%","±1.1","0","±12","0.0%","±1.6","2","±5","0.1%","±0.2"
"        Swedish","37","±25","0.7%","±0.4","0","±12","0.0%","±0.8","0","±17","0.0%","±0.5","3","±5","0.0%","±0.1","56","±84","1.0%","±1.5","49","±44","1.4%","±1.2","0","±12","0.0%","±0.7","28","±31","0.6%","±0.6","59","±45","1.5%","±1.1","6","±12","0.2%","±0.4","14","±24","0.5%","±0.9","9","±13","0.4%","±0.7","15","±15","1.0%","±1.0","69","±97","1.4%","±1.9","0","±17","0.0%","±0.6","105","±94","1.5%","±1.4","11","±20","0.4%","±0.7","7","±10","0.3%","±0.5","10","±16","0.3%","±0.5"
"        Swiss","16","±20","0.3%","±0.4","0","±12","0.0%","±0.8","0","±17","0.0%","±0.5","12","±12","0.2%","±0.2","10","±19","0.2%","±0.3","0","±12","0.0%","±0.9","0","±12","0.0%","±0.7","0","±17","0.0%","±0.6","10","±16","0.2%","±0.4","0","±12","0.0%","±1.2","8","±13","0.3%","±0.5","0","±12","0.0%","±1.6","0","±12","0.0%","±2.2","18","±28","0.4%","±0.6","3","±5","0.1%","±0.1","45","±71","0.6%","±1.0","0","±12","0.0%","±1.1","0","±12","0.0%","±1.6","0","±12","0.0%","±1.1"
"        Ukrainian","0","±17","0.0%","±0.6","0","±12","0.0%","±0.8","0","±17","0.0%","±0.5","0","±17","0.0%","±0.5","0","±17","0.0%","±0.6","0","±12","0.0%","±0.9","34","±51","0.7%","±1.1","12","±19","0.2%","±0.4","0","±12","0.0%","±0.8","22","±27","0.8%","±1.0","0","±12","0.0%","±1.2","0","±12","0.0%","±1.6","5","±7","0.3%","±0.5","13","±31","0.3%","±0.6","51","±60","1.0%","±1.1","68","±91","1.0%","±1.3","4","±6","0.1%","±0.2","7","±11","0.3%","±0.5","0","±12","0.0%","±1.1"
"        Welsh","12","±19","0.2%","±0.3","23","±30","0.6%","±0.7","16","±24","0.2%","±0.4","12","±10","0.2%","±0.1","81","±87","1.5%","±1.6","27","±31","0.7%","±0.9","77","±95","1.6%","±2.0","29","±33","0.6%","±0.7","55","±44","1.4%","±1.1","0","±12","0.0%","±1.2","37","±33","1.4%","±1.2","0","±12","0.0%","±1.6","0","±12","0.0%","±2.2","0","±17","0.0%","±0.6","42","±49","0.8%","±0.9","16","±24","0.2%","±0.3","130","±101","4.2%","±3.3","8","±12","0.4%","±0.6","0","±12","0.0%","±1.1"
"        West Indian (excluding Hispanic origin groups)","2","±4","0.0%","±0.1","76","±114","1.8%","±2.7","18","±20","0.3%","±0.3","43","±24","0.6%","±0.3","0","±17","0.0%","±0.6","0","±12","0.0%","±0.9","0","±12","0.0%","±0.7","0","±17","0.0%","±0.6","16","±19","0.4%","±0.5","56","±35","2.1%","±1.3","8","±15","0.3%","±0.6","0","±12","0.0%","±1.6","6","±13","0.4%","±0.8","0","±17","0.0%","±0.6","0","±17","0.0%","±0.6","14","±27","0.2%","±0.4","0","±12","0.0%","±1.1","15","±15","0.7%","±0.7","25","±33","0.8%","±1.1"
"COMPUTERS AND INTERNET USE","","","","","","","","","","","","","","","","","","","","","","","","","","","","","","","","","","","","","","","","","","","","","","","","","","","","","","","","","","","","","","","","","","","","","","","","","","","",""
"    Total households","2,416","±141","2,416","(X)","1,581","±118","1,581","(X)","2,464","±163","2,464","(X)","1,633","±163","1,633","(X)","2,336","±143","2,336","(X)","1,557","±100","1,557","(X)","1,791","±123","1,791","(X)","2,489","±233","2,489","(X)","1,670","±104","1,670","(X)","0","±12","0","(X)","1,237","±147","1,237","(X)","1,156","±87","1,156","(X)","684","±63","684","(X)","2,226","±193","2,226","(X)","2,268","±133","2,268","(X)","2,563","±187","2,563","(X)","1,192","±98","1,192","(X)","754","±67","754","(X)","1,284","±122","1,284","(X)"
"        With a computer","2,134","±138","88.3%","±2.6","1,470","±124","93.0%","±3.5","1,927","±197","78.2%","±7.4","1,378","±153","84.4%","±3.5","2,148","±176","92.0%","±4.3","1,300","±110","83.5%","±6.3","1,631","±132","91.1%","±3.8","2,210","±251","88.8%","±5.3","1,526","±109","91.4%","±3.4","0","±12","-","**","1,187","±152","96.0%","±2.7","1,006","±104","87.0%","±5.5","602","±64","88.0%","±6.0","2,038","±193","91.6%","±4.9","1,912","±140","84.3%","±4.7","2,328","±179","90.8%","±3.2","996","±91","83.6%","±6.3","643","±65","85.3%","±6.5","1,081","±125","84.2%","±5.9"
"        With a broadband Internet subscription","1,896","±135","78.5%","±3.6","1,405","±136","88.9%","±5.1","1,753","±193","71.1%","±7.7","1,225","±154","75.0%","±4.6","1,916","±184","82.0%","±5.9","1,214","±112","78.0%","±6.2","1,516","±131","84.6%","±4.4","1,799","±259","72.3%","±8.3","1,454","±103","87.1%","±3.9","0","±12","-","**","1,059","±155","85.6%","±5.9","988","±107","85.5%","±5.5","511","±69","74.7%","±8.4","1,834","±217","82.4%","±6.5","1,710","±149","75.4%","±5.4","2,140","±228","83.5%","±5.1","886","±104","74.3%","±7.6","619","±68","82.1%","±6.8","1,057","±128","82.3%","±5.3"