"Label","Census Tract 9701, Delaware County, New York!!Estimate","Census Tract 9701, Delaware County, New York!!Margin of Error","Census Tract 9701, Delaware County, New York!!Percent","Census Tract 9701, Delaware County, New York!!Percent Margin of Error","Census Tract 9702, Delaware County, New York!!Estimate","Census Tract 9702, Delaware County, New York!!Margin of Error","Census Tract 9702, Delaware County, New York!!Percent","Census Tract 9702, Delaware County, New York!!Percent Margin of Error","Census Tract 9703, Delaware County, New York!!Estimate","Census Tract 9703, Delaware County, New York!!Margin of Error","Census Tract 9703, Delaware County, New York!!Percent","Census Tract 9703, Delaware County, New York!!Percent Margin of Error","Census Tract 9704, Delaware County, New York!!Estimate","Census Tract 9704, Delaware County, New York!!Margin of Error","Census Tract 9704, Delaware County, New York!!Percent","Census Tract 9704, Delaware County, New York!!Percent Margin of Error","Census Tract 9705, Delaware County, New York!!Estimate","Census Tract 9705, Delaware County, New York!!Margin of Error","Census Tract 9705, Delaware County, New York!!Percent","Census Tract 9705, Delaware County, New York!!Percent Margin of Error","Census Tract 9706, Delaware County, New York!!Estimate","Census Tract 9706, Delaware County, New York!!Margin of Error","Census Tract 9706, Delaware County, New York!!Percent","Census Tract 9706, Delaware County, New York!!Percent Margin of Error","Census Tract 9707, Delaware County, New York!!Estimate","Census Tract 9707, Delaware County, New York!!Margin of Error","Census Tract 9707, Delaware County, New York!!Percent","Census Tract 9707, Delaware County, New York!!Percent Margin of Error","Census Tract 9708, Delaware County, New York!!Estimate","Census Tract 9708, Delaware County, New York!!Margin of Error","Census Tract 9708, Delaware County, New York!!Percent","Census Tract 9708, Delaware County, New York!!Percent Margin of Error","Census Tract 9709, Delaware County, New York!!Estimate","Census Tract 9709, Delaware County, New York!!Margin of Error","Census Tract 9709, Delaware County, New York!!Percent","Census Tract 9709, Delaware County, New York!!Percent Margin of Error","Census Tract 9710, Delaware County, New York!!Estimate","Census Tract 9710, Delaware County, New York!!Margin of Error","Census Tract 9710, Delaware County, New York!!Percent","Census Tract 9710, Delaware County, New York!!Percent Margin of Error","Census Tract 9711, Delaware County, New York!!Estimate","Census Tract 9711, Delaware County, New York!!Margin of Error","Census Tract 9711, Delaware County, New York!!Percent","Census Tract 9711, Delaware County, New York!!Percent Margin of Error","Census Tract 9712, Delaware County, New York!!Estimate","Census Tract 9712, Delaware County, New York!!Margin of Error","Census Tract 9712, Delaware County, New York!!Percent","Census Tract 9712, Delaware County, New York!!Percent Margin of Error","Census Tract 9713, Delaware County, New York!!Estimate","Census Tract 9713, Delaware County, New York!!Margin of Error","Census Tract 9713, Delaware County, New York!!Percent","Census Tract 9713, Delaware County, New York!!Percent Margin of Error","Census Tract 9714, Delaware County, New York!!Estimate","Census Tract 9714, Delaware County, New York!!Margin of Error","Census Tract 9714, Delaware County, New York!!Percent","Census Tract 9714, Delaware County, New York!!Percent Margin of Error"
"HOUSEHOLDS BY TYPE","","","","","","","","","","","","","","","","","","","","","","","","","","","","","","","","","","","","","","","","","","","","","","","","","","","","","","","",""
"    Total households","1,778","±116","1,778","(X)","1,340","±80","1,340","(X)","1,024","±90","1,024","(X)","2,229","±194","2,229","(X)","1,660","±88","1,660","(X)","2,359","±189","2,359","(X)","1,022","±76","1,022","(X)","1,488","±135","1,488","(X)","0","±12","0","(X)","1,237","±82","1,237","(X)","975","±121","975","(X)","1,661","±177","1,661","(X)","818","±100","818","(X)","1,377","±122","1,377","(X)"
"        Married-couple family","778","±114","43.8%","±6.3","614","±69","45.8%","±4.5","633","±81","61.8%","±6.6","1,011","±157","45.4%","±6.3","781","±61","47.0%","±4.0","985","±233","41.8%","±9.5","482","±66","47.2%","±5.2","609","±75","40.9%","±5.2","0","±12","-","**","580","±64","46.9%","±4.5","450","±89","46.2%","±7.2","695","±122","41.8%","±9.0","424","±73","51.8%","±8.3","667","±75","48.4%","±7.0"
"            With own children of the householder under 18 years","221","±59","12.4%","±3.3","143","±49","10.7%","±3.6","136","±47","13.3%","±4.4","292","±84","13.1%","±3.7","197","±46","11.9%","±2.9","205","±147","8.7%","±6.2","80","±32","7.8%","±2.9","156","±54","10.5%","±3.8","0","±12","-","**","151","±30","12.2%","±2.5","125","±58","12.8%","±5.8","181","±69","10.9%","±4.5","113","±43","13.8%","±5.6","174","±49","12.6%","±4.2"
"        Cohabiting couple household","115","±45","6.5%","±2.5","179","±51","13.4%","±3.6","75","±37","7.3%","±3.5","212","±87","9.5%","±4.1","192","±49","11.6%","±2.9","154","±85","6.5%","±3.7","88","±32","8.6%","±3.0","104","±43","7.0%","±2.9","0","±12","-","**","115","±41","9.3%","±3.2","76","±40","7.8%","±4.4","76","±42","4.6%","±2.5","89","±41","10.9%","±5.0","122","±56","8.9%","±4.0"
"            With own children of the householder under 18 years","21","±18","1.2%","±1.0","75","±41","5.6%","±3.0","17","±19","1.7%","±1.8","146","±88","6.6%","±4.1","72","±34","4.3%","±2.1","46","±52","1.9%","±2.2","27","±20","2.6%","±2.0","37","±31","2.5%","±2.1","0","±12","-","**","56","±28","4.5%","±2.2","40","±34","4.1%","±3.6","16","±19","1.0%","±1.1","9","±13","1.1%","±1.6","31","±25","2.3%","±1.8"
"        Male householder, no spouse/partner present","366","±91","20.6%","±4.8","252","±52","18.8%","±3.7","124","±49","12.1%","±4.6","438","±133","19.7%","±5.4","268","±56","16.1%","±3.1","697","±224","29.5%","±8.2","166","±41","16.2%","±3.9","277","±70","18.6%","±4.1","0","±12","-","**","257","±56","20.8%","±4.2","235","±89","24.1%","±8.1","348","±107","21.0%","±5.6","185","±69","22.6%","±7.4","294","±86","21.4%","±5.0"
"            With own children of the householder under 18 years","0","±12","0.0%","±1.8","26","±24","1.9%","±1.8","26","±33","2.5%","±3.2","67","±75","3.0%","±3.3","6","±9","0.4%","±0.5","100","±88","4.2%","±3.7","10","±9","1.0%","±0.8","10","±10","0.7%","±0.7","0","±12","-","**","9","±8","0.7%","±0.6","14","±13","1.4%","±1.4","46","±43","2.8%","±2.5","26","±29","3.2%","±3.6","0","±12","0.0%","±2.3"
"            Householder living alone","256","±68","14.4%","±3.4","168","±41","12.5%","±2.9","82","±37","8.0%","±3.7","266","±114","11.9%","±4.6","251","±56","15.1%","±3.1","461","±199","19.5%","±7.5","141","±41","13.8%","±3.9","233","±63","15.7%","±3.7","0","±12","-","**","196","±46","15.8%","±3.5","178","±73","18.3%","±7.0","277","±98","16.7%","±5.2","126","±56","15.4%","±6.0","264","±87","19.2%","±5.1"
"                65 years and over","58","±27","3.3%","±1.5","54","±21","4.0%","±1.6","11","±12","1.1%","±1.2","98","±59","4.4%","±2.5","111","±40","6.7%","±2.3","245","±158","10.4%","±6.3","59","±22","5.8%","±2.2","64","±33","4.3%","±2.2","0","±12","-","**","67","±20","5.4%","±1.6","63","±39","6.5%","±4.0","186","±93","11.2%","±5.3","26","±18","3.2%","±2.3","102","±40","7.4%","±2.7"
"        Female householder, no spouse/partner present","519","±105","29.2%","±5.4","295","±54","22.0%","±3.8","192","±58","18.8%","±5.5","568","±159","25.5%","±6.4","419","±64","25.2%","±3.4","523","±156","22.2%","±6.8","286","±53","28.0%","±4.9","498","±91","33.5%","±4.5","0","±12","-","**","285","±47","23.0%","±3.4","214","±74","21.9%","±7.1","542","±173","32.6%","±8.3","120","±50","14.7%","±5.5","294","±73","21.4%","±4.5"
"            With own children of the householder under 18 years","36","±36","2.0%","±2.0","13","±15","1.0%","±1.2","27","±20","2.6%","±2.0","102","±71","4.6%","±3.2","80","±33","4.8%","±2.0","151","±107","6.4%","±4.7","37","±24","3.6%","±2.3","38","±19","2.6%","±1.3","0","±12","-","**","29","±17","2.3%","±1.4","24","±22","2.5%","±2.3","55","±43","3.3%","±2.6","15","±20","1.8%","±2.4","29","±23","2.1%","±1.7"
"            Householder living alone","328","±77","18.4%","±4.1","222","±48","16.6%","±3.4","141","±57","13.8%","±5.2","385","±139","17.3%","±5.5","268","±55","16.1%","±3.1","327","±129","13.9%","±5.4","189","±46","18.5%","±4.1","394","±82","26.5%","±4.5","0","±12","-","**","196","±39","15.8%","±2.8","165","±67","16.9%","±6.6","453","±164","27.3%","±8.0","76","±38","9.3%","±4.2","217","±63","15.8%","±3.9"
"                65 years and over","159","±51","8.9%","±2.8","140","±38","10.4%","±2.8","99","±50","9.7%","±4.7","254","±100","11.4%","±4.1","184","±37","11.1%","±2.1","190","±89","8.1%","±3.7","145","±43","14.2%","±4.0","241","±52","16.2%","±3.1","0","±12","-","**","84","±27","6.8%","±2.0","96","±51","9.8%","±5.1","284","±126","17.1%","±6.5","45","±32","5.5%","±3.7","106","±41","7.7%","±2.8"
"        Households with one or more people under 18 years","319","±65","17.9%","±3.5","298","±69","22.2%","±4.9","252","±62","24.6%","±5.5","607","±119","27.2%","±5.9","395","±54","23.8%","±3.2","565","±143","24.0%","±6.6","183","±43","17.9%","±3.9","289","±50","19.4%","±3.6","0","±12","-","**","275","±44","22.2%","±3.5","203","±72","20.8%","±7.2","333","±67","20.0%","±5.2","206","±55","25.2%","±6.7","266","±52","19.3%","±4.6"
"        Households with one or more people 65 years and over","643","±82","36.2%","±4.2","539","±62","40.2%","±4.2","435","±57","42.5%","±5.1","861","±155","38.6%","±5.7","648","±59","39.0%","±2.7","792","±184","33.6%","±6.8","526","±64","51.5%","±5.3","548","±71","36.8%","±3.7","0","±12","-","**","460","±54","37.2%","±3.5","417","±86","42.8%","±7.3","811","±156","48.8%","±7.0","309","±66","37.8%","±7.0","548","±79","39.8%","±4.8"
"        Average household size","2.23","±0.15","(X)","(X)","2.38","±0.14","(X)","(X)","2.42","±0.16","(X)","(X)","2.41","±0.20","(X)","(X)","2.36","±0.13","(X)","(X)","2.18","±0.18","(X)","(X)","2.13","±0.12","(X)","(X)","2.08","±0.13","(X)","(X)","-","**","(X)","(X)","2.27","±0.13","(X)","(X)","2.23","±0.27","(X)","(X)","2.05","±0.22","(X)","(X)","2.38","±0.22","(X)","(X)","2.21","±0.19","(X)","(X)"
"        Average family size","2.84","±0.20","(X)","(X)","2.84","±0.21","(X)","(X)","2.82","±0.19","(X)","(X)","2.92","±0.23","(X)","(X)","2.92","±0.18","(X)","(X)","2.66","±0.19","(X)","(X)","2.64","±0.14","(X)","(X)","2.80","±0.17","(X)","(X)","-","**","(X)","(X)","2.79","±0.18","(X)","(X)","2.78","±0.36","(X)","(X)","2.88","±0.32","(X)","(X)","2.83","±0.25","(X)","(X)","2.89","±0.24","(X)","(X)"
"RELATIONSHIP","","","","","","","","","","","","","","","","","","","","","","","","","","","","","","","","","","","","","","","","","","","","","","","","","","","","","","","",""
"    Population in households","3,965","±202","3,965","(X)","3,192","±237","3,192","(X)","2,475","±182","2,475","(X)","5,375","±70","5,375","(X)","3,921","±230","3,921","(X)","5,149","±49","5,149","(X)","2,176","±173","2,176","(X)","3,096","±229","3,096","(X)","0","±12","0","(X)","2,810","±208","2,810","(X)","2,170","±312","2,170","(X)","3,405","±47","3,405","(X)","1,944","±251","1,944","(X)","3,040","±40","3,040","(X)"
"        Householder","1,778","±116","44.8%","±3.0","1,340","±80","42.0%","±2.5","1,024","±90","41.4%","±2.6","2,229","±194","41.5%","±3.5","1,660","±88","42.3%","±2.4","2,359","±189","45.8%","±3.7","1,022","±76","47.0%","±2.6","1,488","±135","48.1%","±3.0","0","±12","-","**","1,237","±82","44.0%","±2.6","975","±121","44.9%","±5.3","1,661","±177","48.8%","±5.2","818","±100","42.1%","±3.9","1,377","±122","45.3%","±3.9"
"        Spouse","809","±119","20.4%","±3.0","628","±68","19.7%","±2.2","641","±82","25.9%","±2.9","997","±150","18.5%","±2.8","782","±65","19.9%","±1.7","955","±226","18.5%","±4.4","472","±67","21.7%","±2.8","610","±71","19.7%","±2.1","0","±12","-","**","583","±62","20.7%","±1.8","452","±85","20.8%","±2.9","705","±122","20.7%","±3.5","430","±81","22.1%","±3.4","657","±77","21.6%","±2.6"
"        Unmarried partner","112","±43","2.8%","±1.1","193","±57","6.0%","±1.7","71","±34","2.9%","±1.3","219","±90","4.1%","±1.7","181","±48","4.6%","±1.1","138","±91","2.7%","±1.8","88","±33","4.0%","±1.5","99","±44","3.2%","±1.4","0","±12","-","**","114","±42","4.1%","±1.5","68","±36","3.1%","±1.7","85","±48","2.5%","±1.4","89","±41","4.6%","±2.0","114","±54","3.8%","±1.8"
"        Child","844","±141","21.3%","±3.2","682","±125","21.4%","±2.9","602","±95","24.3%","±3.2","1,715","±257","31.9%","±4.8","1,026","±169","26.2%","±3.5","1,150","±198","22.3%","±3.8","436","±94","20.0%","±3.6","659","±121","21.3%","±3.4","0","±12","-","**","632","±112","22.5%","±3.1","528","±185","24.3%","±6.4","675","±119","19.8%","±3.5","441","±124","22.7%","±5.0","711","±146","23.4%","±4.8"
"        Other relatives","258","±114","6.5%","±2.8","174","±60","5.5%","±1.7","109","±68","4.4%","±2.7","164","±87","3.1%","±1.6","120","±45","3.1%","±1.1","203","±163","3.9%","±3.2","101","±41","4.6%","±1.8","142","±72","4.6%","±2.3","0","±12","-","**","124","±48","4.4%","±1.7","53","±40","2.4%","±1.8","240","±193","7.0%","±5.7","96","±72","4.9%","±3.5","127","±63","4.2%","±2.1"
"        Other nonrelatives","164","±82","4.1%","±2.0","175","±68","5.5%","±2.0","28","±23","1.1%","±0.9","51","±60","0.9%","±1.1","152","±95","3.9%","±2.4","344","±259","6.7%","±5.0","57","±35","2.6%","±1.5","98","±49","3.2%","±1.5","0","±12","-","**","120","±60","4.3%","±2.0","94","±89","4.3%","±3.9","39","±45","1.1%","±1.3","70","±49","3.6%","±2.5","54","±42","1.8%","±1.4"
"MARITAL STATUS","","","","","","","","","","","","","","","","","","","","","","","","","","","","","","","","","","","","","","","","","","","","","","","","","","","","","","","",""
"    Males 15 years and over","1,759","±153","1,759","(X)","1,410","±121","1,410","(X)","1,134","±111","1,134","(X)","2,266","±186","2,266","(X)","1,586","±125","1,586","(X)","2,253","±176","2,253","(X)","929","±102","929","(X)","1,321","±125","1,321","(X)","885","±176","885","(X)","1,301","±181","1,301","(X)","1,018","±196","1,018","(X)","1,433","±136","1,433","(X)","886","±110","886","(X)","1,372","±108","1,372","(X)"
"        Never married","473","±126","26.9%","±6.1","444","±93","31.5%","±5.0","358","±93","31.6%","±6.8","834","±205","36.8%","±8.0","512","±101","32.3%","±4.7","846","±275","37.5%","±11.3","267","±59","28.7%","±4.9","373","±88","28.2%","±5.7","873","±178","98.6%","±1.9","499","±170","38.4%","±8.7","347","±134","34.1%","±9.2","395","±121","27.6%","±7.3","252","±73","28.4%","±6.7","449","±109","32.7%","±6.4"
"        Now married, except separated","883","±123","50.2%","±7.2","653","±70","46.3%","±5.2","667","±85","58.8%","±6.5","1,049","±171","46.3%","±7.7","820","±68","51.7%","±4.2","1,005","±212","44.6%","±9.4","531","±74","57.2%","±6.0","683","±89","51.7%","±5.8","0","±12","0.0%","±3.6","632","±70","48.6%","±8.1","525","±117","51.6%","±8.9","769","±118","53.7%","±8.0","439","±76","49.5%","±7.3","715","±74","52.1%","±6.0"
"        Separated","54","±47","3.1%","±2.6","45","±24","3.2%","±1.7","22","±24","1.9%","±2.1","13","±23","0.6%","±1.0","51","±34","3.2%","±2.1","99","±85","4.4%","±3.8","7","±8","0.8%","±0.8","18","±13","1.4%","±0.9","0","±12","0.0%","±3.6","32","±26","2.5%","±1.9","12","±13","1.2%","±1.3","27","±29","1.9%","±2.0","10","±14","1.1%","±1.5","35","±23","2.6%","±1.6"
"        Widowed","119","±56","6.8%","±3.1","56","±34","4.0%","±2.4","16","±12","1.4%","±1.1","147","±80","6.5%","±3.5","65","±27","4.1%","±1.7","73","±67","3.2%","±2.9","19","±10","2.0%","±1.1","41","±30","3.1%","±2.3","12","±17","1.4%","±1.9","33","±17","2.5%","±1.3","25","±23","2.5%","±2.2","72","±56","5.0%","±3.8","47","±29","5.3%","±3.3","62","±32","4.5%","±2.4"
"        Divorced","230","±67","13.1%","±3.5","212","±59","15.0%","±4.1","71","±36","6.3%","±3.2","223","±96","9.8%","±4.0","138","±45","8.7%","±2.8","230","±132","10.2%","±5.9","105","±38","11.3%","±3.9","206","±73","15.6%","±5.0","0","±12","0.0%","±3.6","105","±30","8.1%","±2.4","109","±47","10.7%","±4.8","170","±75","11.9%","±5.1","138","±57","15.6%","±6.0","111","±47","8.1%","±3.3"
"    Females 15 years and over","1,872","±142","1,872","(X)","1,506","±110","1,506","(X)","1,027","±105","1,027","(X)","2,073","±192","2,073","(X)","1,750","±118","1,750","(X)","1,996","±205","1,996","(X)","1,014","±104","1,014","(X)","1,541","±139","1,541","(X)","616","±136","616","(X)","1,257","±117","1,257","(X)","904","±127","904","(X)","1,650","±126","1,650","(X)","855","±134","855","(X)","1,244","±97","1,244","(X)"
"        Never married","504","±128","26.9%","±5.8","478","±100","31.7%","±5.1","130","±55","12.7%","±4.7","414","±118","20.0%","±5.7","446","±100","25.5%","±4.8","414","±158","20.7%","±7.0","231","±70","22.8%","±5.6","442","±94","28.7%","±4.9","616","±136","100.0%","±5.1","339","±76","27.0%","±4.5","191","±69","21.1%","±6.7","244","±109","14.8%","±6.2","124","±51","14.5%","±5.3","238","±79","19.1%","±5.9"
"        Now married, except separated","827","±115","44.2%","±6.7","666","±74","44.2%","±5.3","688","±79","67.0%","±6.2","1,062","±148","51.2%","±7.4","804","±73","45.9%","±5.0","1,018","±258","51.0%","±11.5","501","±69","49.4%","±6.7","641","±73","41.6%","±4.5","0","±12","0.0%","±5.1","634","±66","50.4%","±4.5","472","±96","52.2%","±7.7","830","±131","50.3%","±9.9","451","±83","52.7%","±7.8","652","±79","52.4%","±6.2"
"        Separated","25","±33","1.3%","±1.7","35","±27","2.3%","±1.8","31","±25","3.0%","±2.4","48","±45","2.3%","±2.1","52","±28","3.0%","±1.5","65","±62","3.3%","±3.1","31","±23","3.1%","±2.2","35","±23","2.3%","±1.5","0","±12","0.0%","±5.1","45","±23","3.6%","±1.8","43","±37","4.8%","±4.1","71","±55","4.3%","±3.2","28","±42","3.3%","±4.7","55","±38","4.4%","±3.0"
"        Widowed","287","±90","15.3%","±4.4","180","±38","12.0%","±2.5","95","±47","9.3%","±4.5","280","±110","13.5%","±4.8","251","±51","14.3%","±2.7","204","±110","10.2%","±5.3","135","±36","13.3%","±3.5","160","±53","10.4%","±3.2","0","±12","0.0%","±5.1","121","±35","9.6%","±2.6","116","±59","12.8%","±6.2","219","±102","13.3%","±6.0","85","±40","9.9%","±4.9","175","±64","14.1%","±4.9"
"        Divorced","229","±66","12.2%","±3.5","147","±44","9.8%","±2.8","83","±42","8.1%","±4.1","269","±124","13.0%","±5.4","197","±50","11.3%","±2.6","295","±125","14.8%","±6.6","116","±44","11.4%","±3.9","263","±68","17.1%","±4.1","0","±12","0.0%","±5.1","118","±42","9.4%","±3.4","82","±35","9.1%","±4.1","286","±108","17.3%","±5.7","167","±75","19.5%","±7.7","124","±42","10.0%","±3.4"
"FERTILITY","","","","","","","","","","","","","","","","","","","","","","","","","","","","","","","","","","","","","","","","","","","","","","","","","","","","","","","",""
"    Number of women 15 to 50 years old who had a birth in the past 12 months","54","±40","54","(X)","39","±22","39","(X)","18","±21","18","(X)","44","±51","44","(X)","45","±25","45","(X)","19","±31","19","(X)","24","±19","24","(X)","31","±28","31","(X)","0","±12","0","(X)","35","±25","35","(X)","5","±7","5","(X)","13","±20","13","(X)","8","±10","8","(X)","21","±28","21","(X)"
"        Unmarried women (widowed, divorced, and never married)","7","±11","13.0%","±20.6","16","±18","41.0%","±31.3","5","±7","27.8%","±47.4","23","±29","52.3%","±48.0","26","±20","57.8%","±28.9","19","±31","100.0%","±68.0","9","±10","37.5%","±41.8","15","±23","48.4%","±50.8","0","±12","-","**","13","±18","37.1%","±42.1","0","±12","0.0%","±100.0","0","±12","0.0%","±82.3","3","±8","37.5%","±62.5","0","±12","0.0%","±64.7"
"            Per 1,000 unmarried women","14","±22","(X)","(X)","35","±39","(X)","(X)","43","±65","(X)","(X)","65","±81","(X)","(X)","51","±40","(X)","(X)","35","±60","(X)","(X)","42","±53","(X)","(X)","34","±51","(X)","(X)","0","±51","(X)","(X)","37","±53","(X)","(X)","0","±169","(X)","(X)","0","±158","(X)","(X)","19","±47","(X)","(X)","0","±131","(X)","(X)"
"        Per 1,000 women 15 to 50 years old","62","±45","(X)","(X)","54","±30","(X)","(X)","50","±58","(X)","(X)","52","±60","(X)","(X)","57","±33","(X)","(X)","17","±29","(X)","(X)","62","±53","(X)","(X)","46","±42","(X)","(X)","0","±51","(X)","(X)","58","±39","(X)","(X)","13","±18","(X)","(X)","22","±36","(X)","(X)","24","±30","(X)","(X)","44","±60","(X)","(X)"
"        Per 1,000 women 15 to 19 years old","0","±294","(X)","(X)","0","±376","(X)","(X)","0","±533","(X)","(X)","0","±294","(X)","(X)","0","±180","(X)","(X)","0","±244","(X)","(X)","0","±407","(X)","(X)","0","±158","(X)","(X)","0","±75","(X)","(X)","0","±233","(X)","(X)","0","±411","(X)","(X)","0","±324","(X)","(X)","0","±593","(X)","(X)","0","±370","(X)","(X)"
"        Per 1,000 women 20 to 34 years old","29","±31","(X)","(X)","62","±51","(X)","(X)","148","±167","(X)","(X)","128","±147","(X)","(X)","157","±90","(X)","(X)","0","±116","(X)","(X)","148","±140","(X)","(X)","113","±98","(X)","(X)","0","±148","(X)","(X)","121","±94","(X)","(X)","27","±39","(X)","(X)","68","±110","(X)","(X)","37","±57","(X)","(X)","124","±163","(X)","(X)"
"        Per 1,000 women 35 to 50 years old","135","±118","(X)","(X)","57","±45","(X)","(X)","0","±146","(X)","(X)","0","±75","(X)","(X)","0","±93","(X)","(X)","26","±45","(X)","(X)","24","±41","(X)","(X)","0","±141","(X)","(X)","-","**","(X)","(X)","31","±50","(X)","(X)","0","±198","(X)","(X)","0","±99","(X)","(X)","17","±42","(X)","(X)","0","±125","(X)","(X)"
"GRANDPARENTS","","","","","","","","","","","","","","","","","","","","","","","","","","","","","","","","","","","","","","","","","","","","","","","","","","","","","","","",""
"    Number of grandparents living with own grandchildren under 18 years","60","±32","60","(X)","31","±20","31","(X)","45","±41","45","(X)","0","±17","0","(X)","37","±28","37","(X)","46","±55","46","(X)","33","±16","33","(X)","45","±46","45","(X)","0","±12","0","(X)","35","±22","35","(X)","9","±14","9","(X)","86","±86","86","(X)","45","±33","45","(X)","35","±21","35","(X)"
"        Grandparents responsible for grandchildren","42","±28","70.0%","±31.6","0","±12","0.0%","±53.3","24","±26","53.3%","±46.3","0","±17","-","**","24","±26","64.9%","±29.0","23","±36","50.0%","±50.0","8","±7","24.2%","±23.6","30","±27","66.7%","±22.0","0","±12","-","**","17","±15","48.6%","±32.4","0","±12","0.0%","±98.9","65","±84","75.6%","±41.9","0","±12","0.0%","±44.2","16","±16","45.7%","±41.4"
"        Years responsible for grandchildren","","","","","","","","","","","","","","","","","","","","","","","","","","","","","","","","","","","","","","","","","","","","","","","","","","","","","","","",""
"            Less than 1 year","0","±12","0.0%","±38.3","0","±12","0.0%","±53.3","0","±12","0.0%","±44.2","0","±17","-","**","3","±5","8.1%","±11.7","0","±17","0.0%","±43.7","0","±12","0.0%","±51.6","0","±12","0.0%","±44.2","0","±12","-","**","0","±12","0.0%","±50.1","0","±12","0.0%","±98.9","0","±12","0.0%","±30.5","0","±12","0.0%","±44.2","16","±16","45.7%","±41.4"
"            1 or 2 years","7","±10","11.7%","±16.9","0","±12","0.0%","±53.3","0","±12","0.0%","±44.2","0","±17","-","**","3","±5","8.1%","±12.5","23","±36","50.0%","±50.0","0","±12","0.0%","±51.6","16","±23","35.6%","±23.1","0","±12","-","**","7","±11","20.0%","±28.6","0","±12","0.0%","±98.9","9","±16","10.5%","±23.3","0","±12","0.0%","±44.2","0","±12","0.0%","±50.1"
"            3 or 4 years","0","±12","0.0%","±38.3","0","±12","0.0%","±53.3","7","±12","15.6%","±27.8","0","±17","-","**","7","±7","18.9%","±19.6","0","±17","0.0%","±43.7","0","±12","0.0%","±51.6","0","±12","0.0%","±44.2","0","±12","-","**","0","±12","0.0%","±50.1","0","±12","0.0%","±98.9","0","±12","0.0%","±30.5","0","±12","0.0%","±44.2","0","±12","0.0%","±50.1"
"            5 or more years","35","±26","58.3%","±31.2","0","±12","0.0%","±53.3","17","±22","37.8%","±41.1","0","±17","-","**","11","±19","29.7%","±36.5","0","±17","0.0%","±43.7","8","±7","24.2%","±23.6","14","±15","31.1%","±44.5","0","±12","-","**","10","±11","28.6%","±29.6","0","±12","0.0%","±98.9","56","±84","65.1%","±52.9","0","±12","0.0%","±44.2","0","±12","0.0%","±50.1"
"    Number of grandparents responsible for own grandchildren under 18 years","42","±28","42","(X)","0","±12","0","(X)","24","±26","24","(X)","0","±17","0","(X)","24","±26","24","(X)","23","±36","23","(X)","8","±7","8","(X)","30","±27","30","(X)","0","±12","0","(X)","17","±15","17","(X)","0","±12","0","(X)","65","±84","65","(X)","0","±12","0","(X)","16","±16","16","(X)"
"        Who are female","24","±18","57.1%","±30.6","0","±12","-","**","13","±13","54.2%","±12.1","0","±17","-","**","21","±24","87.5%","±18.9","23","±36","100.0%","±61.8","8","±7","100.0%","±100.0","9","±9","30.0%","±32.6","0","±12","-","**","17","±15","100.0%","±71.9","0","±12","-","**","33","±42","50.8%","±5.5","0","±12","-","**","4","±7","25.0%","±33.1"
"        Who are married","21","±30","50.0%","±50.0","0","±12","-","**","22","±25","91.7%","±16.9","0","±17","-","**","6","±10","25.0%","±35.6","0","±17","0.0%","±61.8","0","±12","0.0%","±100.0","26","±26","86.7%","±25.8","0","±12","-","**","0","±12","0.0%","±71.9","0","±12","-","**","65","±84","100.0%","±36.7","0","±12","-","**","8","±12","50.0%","±50.0"
"SCHOOL ENROLLMENT","","","","","","","","","","","","","","","","","","","","","","","","","","","","","","","","","","","","","","","","","","","","","","","","","","","","","","","",""
"    Population 3 years and over enrolled in school","509","±90","509","(X)","549","±129","549","(X)","377","±90","377","(X)","1,193","±210","1,193","(X)","832","±124","832","(X)","1,201","±308","1,201","(X)","333","±73","333","(X)","681","±124","681","(X)","1,501","±220","1,501","(X)","517","±91","517","(X)","383","±162","383","(X)","558","±133","558","(X)","317","±118","317","(X)","546","±126","546","(X)"
"        Nursery school, preschool","70","±48","13.8%","±9.2","49","±28","8.9%","±4.6","44","±42","11.7%","±11.0","35","±43","2.9%","±3.6","44","±20","5.3%","±2.5","45","±55","3.7%","±4.6","5","±5","1.5%","±1.6","30","±23","4.4%","±3.4","0","±12","0.0%","±2.1","5","±5","1.0%","±1.1","12","±14","3.1%","±4.0","41","±46","7.3%","±8.9","7","±13","2.2%","±4.1","32","±26","5.9%","±4.8"
"        Kindergarten","14","±17","2.8%","±3.2","15","±19","2.7%","±3.0","33","±21","8.8%","±5.8","107","±67","9.0%","±5.9","43","±28","5.2%","±3.4","18","±28","1.5%","±2.4","9","±8","2.7%","±2.4","45","±28","6.6%","±3.9","0","±12","0.0%","±2.1","54","±21","10.4%","±3.9","23","±29","6.0%","±7.2","10","±10","1.8%","±1.9","44","±34","13.9%","±8.1","3","±5","0.5%","±0.9"
"        Elementary school (grades 1-8)","179","±50","35.2%","±7.7","191","±70","34.8%","±9.1","180","±72","47.7%","±16.2","633","±161","53.1%","±11.2","342","±68","41.1%","±5.7","607","±154","50.5%","±11.2","159","±39","47.7%","±11.3","218","±67","32.0%","±8.1","0","±12","0.0%","±2.1","179","±48","34.6%","±10.3","167","±90","43.6%","±12.2","283","±117","50.7%","±15.0","132","±78","41.6%","±16.3","269","±88","49.3%","±11.5"
"        High school (grades 9-12)","121","±52","23.8%","±8.8","135","±62","24.6%","±10.1","70","±42","18.6%","±9.4","231","±118","19.4%","±10.1","264","±76","31.7%","±7.2","377","±231","31.4%","±15.1","88","±28","26.4%","±6.1","134","±62","19.7%","±8.7","0","±12","0.0%","±2.1","145","±52","28.0%","±8.7","103","±54","26.9%","±12.6","119","±62","21.3%","±10.1","68","±43","21.5%","±14.0","140","±53","25.6%","±8.1"
"        College or graduate school","125","±51","24.6%","±8.9","159","±55","29.0%","±8.6","50","±30","13.3%","±6.9","187","±148","15.7%","±10.6","139","±53","16.7%","±5.3","154","±108","12.8%","±8.4","72","±45","21.6%","±10.6","254","±81","37.3%","±9.0","1,501","±220","100.0%","±2.1","134","±62","25.9%","±8.9","78","±61","20.4%","±11.3","105","±71","18.8%","±11.6","66","±46","20.8%","±14.3","102","±61","18.7%","±9.6"
"EDUCATIONAL ATTAINMENT","","","","","","","","","","","","","","","","","","","","","","","","","","","","","","","","","","","","","","","","","","","","","","","","","","","","","","","",""
"    Population 25 years and over","3,145","±204","3,145","(X)","2,569","±156","2,569","(X)","1,914","±164","1,914","(X)","3,796","±262","3,796","(X)","2,830","±146","2,830","(X)","3,617","±289","3,617","(X)","1,794","±143","1,794","(X)","2,421","±169","2,421","(X)","30","±27","30","(X)","2,179","±189","2,179","(X)","1,779","±256","1,779","(X)","2,824","±130","2,824","(X)","1,581","±175","1,581","(X)","2,308","±140","2,308","(X)"
"        Less than 9th grade","83","±48","2.6%","±1.5","70","±30","2.7%","±1.2","6","±9","0.3%","±0.4","117","±88","3.1%","±2.3","40","±28","1.4%","±1.0","129","±127","3.6%","±3.5","31","±16","1.7%","±0.9","68","±39","2.8%","±1.6","0","±12","0.0%","±54.1","95","±43","4.4%","±1.8","25","±21","1.4%","±1.2","132","±73","4.7%","±2.5","46","±29","2.9%","±1.8","46","±31","2.0%","±1.3"
"        9th to 12th grade, no diploma","306","±117","9.7%","±3.6","209","±53","8.1%","±2.0","113","±59","5.9%","±3.0","337","±145","8.9%","±3.7","250","±69","8.8%","±2.4","309","±185","8.5%","±5.1","129","±40","7.2%","±2.1","79","±38","3.3%","±1.6","0","±12","0.0%","±54.1","147","±48","6.7%","±2.0","172","±87","9.7%","±4.6","316","±116","11.2%","±4.3","166","±74","10.5%","±4.5","206","±80","8.9%","±3.5"
"        High school graduate (includes equivalency)","1,138","±161","36.2%","±4.6","770","±99","30.0%","±3.5","510","±104","26.6%","±5.1","1,706","±306","44.9%","±7.4","1,341","±160","47.4%","±4.3","1,667","±339","46.1%","±8.9","559","±83","31.2%","±4.3","607","±116","25.1%","±4.7","18","±20","60.0%","±51.5","734","±89","33.7%","±3.8","632","±124","35.5%","±6.5","925","±166","32.8%","±5.5","687","±172","43.5%","±7.7","1,025","±144","44.4%","±5.5"
"        Some college, no degree","614","±120","19.5%","±3.9","464","±84","18.1%","±2.9","538","±123","28.1%","±6.2","538","±158","14.2%","±4.0","456","±95","16.1%","±3.4","479","±180","13.2%","±4.6","317","±67","17.7%","±3.3","310","±75","12.8%","±2.9","12","±17","40.0%","±51.5","336","±69","15.4%","±2.8","334","±125","18.8%","±6.2","503","±135","17.8%","±5.0","216","±55","13.7%","±3.9","402","±88","17.4%","±3.6"
"        Associate's degree","358","±109","11.4%","±3.3","406","±89","15.8%","±3.3","255","±68","13.3%","±3.4","482","±149","12.7%","±3.8","358","±68","12.7%","±2.4","289","±129","8.0%","±3.5","199","±48","11.1%","±2.6","425","±100","17.6%","±3.8","0","±12","0.0%","±54.1","302","±61","13.9%","±2.5","176","±63","9.9%","±3.3","235","±88","8.3%","±3.1","181","±63","11.4%","±4.0","246","±72","10.7%","±3.2"
"        Bachelor's degree","389","±95","12.4%","±2.9","383","±73","14.9%","±2.8","258","±78","13.5%","±3.9","461","±146","12.1%","±3.9","242","±56","8.6%","±1.9","398","±210","11.0%","±5.6","348","±68","19.4%","±3.4","422","±97","17.4%","±3.9","0","±12","0.0%","±54.1","333","±71","15.3%","±3.0","260","±99","14.6%","±4.7","312","±111","11.0%","±3.9","145","±55","9.2%","±3.6","190","±56","8.2%","±2.4"
"        Graduate or professional degree","257","±84","8.2%","±2.6","267","±54","10.4%","±2.1","234","±79","12.2%","±3.9","155","±96","4.1%","±2.5","143","±36","5.1%","±1.3","346","±160","9.6%","±4.5","211","±57","11.8%","±3.0","510","±103","21.1%","±4.0","0","±12","0.0%","±54.1","232","±52","10.6%","±2.3","180","±73","10.1%","±4.1","401","±156","14.2%","±5.2","140","±57","8.9%","±3.6","193","±79","8.4%","±3.4"
"        High school graduate or higher","2,756","±203","87.6%","±3.8","2,290","±149","89.1%","±2.2","1,795","±158","93.8%","±3.0","3,342","±271","88.0%","±4.2","2,540","±158","89.8%","±2.6","3,179","±347","87.9%","±6.2","1,634","±134","91.1%","±2.2","2,274","±166","93.9%","±2.3","30","±27","100.0%","±54.1","1,937","±152","88.9%","±2.8","1,582","±234","88.9%","±4.9","2,376","±211","84.1%","±4.9","1,369","±163","86.6%","±4.8","2,056","±158","89.1%","±3.6"
"        Bachelor's degree or higher","646","±123","20.5%","±3.7","650","±95","25.3%","±3.6","492","±125","25.7%","±6.0","616","±192","16.2%","±5.1","385","±69","13.6%","±2.4","744","±263","20.6%","±7.1","559","±100","31.2%","±4.9","932","±135","38.5%","±4.9","0","±12","0.0%","±54.1","565","±93","25.9%","±3.8","440","±139","24.7%","±6.7","713","±199","25.2%","±6.4","285","±75","18.0%","±5.0","383","±99","16.6%","±4.1"
"VETERAN STATUS","","","","","","","","","","","","","","","","","","","","","","","","","","","","","","","","","","","","","","","","","","","","","","","","","","","","","","","",""
"    Civilian population 18 years and over","3,555","±199","3,555","(X)","2,798","±177","2,798","(X)","2,105","±161","2,105","(X)","4,133","±220","4,133","(X)","3,148","±169","3,148","(X)","4,006","±266","4,006","(X)","1,868","±149","1,868","(X)","2,762","±201","2,762","(X)","1,459","±209","1,459","(X)","2,432","±214","2,432","(X)","1,854","±255","1,854","(X)","2,990","±123","2,990","(X)","1,702","±207","1,702","(X)","2,497","±119","2,497","(X)"
"        Civilian veterans","312","±87","8.8%","±2.3","174","±42","6.2%","±1.5","223","±71","10.6%","±3.2","465","±163","11.3%","±3.8","288","±56","9.1%","±1.7","418","±156","10.4%","±3.7","181","±39","9.7%","±2.2","257","±82","9.3%","±2.8","0","±12","0.0%","±2.2","218","±43","9.0%","±1.7","201","±66","10.8%","±3.3","93","±46","3.1%","±1.5","203","±60","11.9%","±3.5","304","±84","12.2%","±3.2"
"DISABILITY STATUS OF THE CIVILIAN NONINSTITUTIONALIZED POPULATION","","","","","","","","","","","","","","","","","","","","","","","","","","","","","","","","","","","","","","","","","","","","","","","","","","","","","","","",""
"    Total Civilian Noninstitutionalized Population","4,015","±197","4,015","(X)","3,218","±237","3,218","(X)","2,481","±182","2,481","(X)","5,418","±28","5,418","(X)","3,921","±230","3,921","(X)","5,179","±20","5,179","(X)","2,181","±173","2,181","(X)","3,197","±233","3,197","(X)","1,501","±220","1,501","(X)","2,881","±232","2,881","(X)","2,170","±312","2,170","(X)","3,413","±39","3,413","(X)","1,944","±251","1,944","(X)","3,043","±27","3,043","(X)"
"        With a disability","726","±133","18.1%","±3.3","519","±98","16.1%","±2.9","274","±81","11.0%","±3.2","902","±205","16.6%","±3.8","664","±99","16.9%","±2.6","947","±300","18.3%","±5.8","354","±62","16.2%","±2.6","523","±102","16.4%","±3.1","116","±87","7.7%","±5.6","579","±121","20.1%","±3.5","455","±99","21.0%","±4.5","767","±206","22.5%","±6.0","309","±117","15.9%","±5.7","520","±118","17.1%","±3.9"
"    Under 18 years","567","±108","567","(X)","447","±116","447","(X)","376","±77","376","(X)","1,298","±217","1,298","(X)","773","±116","773","(X)","1,173","±263","1,173","(X)","313","±63","313","(X)","530","±107","530","(X)","42","±53","42","(X)","449","±69","449","(X)","316","±136","316","(X)","494","±122","494","(X)","314","±110","314","(X)","546","±117","546","(X)"
"        With a disability","6","±9","1.1%","±1.6","22","±16","4.9%","±3.0","8","±10","2.1%","±2.7","49","±56","3.8%","±4.0","63","±37","8.2%","±4.8","161","±101","13.7%","±8.0","36","±20","11.5%","±6.7","63","±37","11.9%","±5.6","0","±12","0.0%","±45.8","68","±30","15.1%","±5.8","19","±22","6.0%","±6.5","24","±25","4.9%","±4.8","22","±23","7.0%","±6.8","21","±31","3.8%","±5.6"
"    18 to 64 years","2,497","±174","2,497","(X)","1,967","±154","1,967","(X)","1,448","±137","1,448","(X)","2,999","±178","2,999","(X)","2,252","±160","2,252","(X)","2,961","±260","2,961","(X)","1,140","±143","1,140","(X)","1,937","±178","1,937","(X)","1,459","±209","1,459","(X)","1,787","±203","1,787","(X)","1,256","±208","1,256","(X)","1,813","±183","1,813","(X)","1,163","±168","1,163","(X)","1,711","±122","1,711","(X)"
"        With a disability","433","±113","17.3%","±4.6","189","±56","9.6%","±2.8","62","±26","4.3%","±1.8","427","±140","14.2%","±4.5","216","±60","9.6%","±2.5","351","±168","11.9%","±5.6","152","±48","13.3%","±4.0","224","±80","11.6%","±4.0","116","±87","8.0%","±5.8","336","±119","18.8%","±5.6","129","±47","10.3%","±3.9","313","±173","17.3%","±9.0","129","±79","11.1%","±6.7","270","±82","15.8%","±4.5"
"    65 years and over","951","±135","951","(X)","804","±94","804","(X)","657","±83","657","(X)","1,121","±172","1,121","(X)","896","±88","896","(X)","1,045","±209","1,045","(X)","728","±89","728","(X)","730","±105","730","(X)","0","±12","0","(X)","645","±79","645","(X)","598","±127","598","(X)","1,106","±176","1,106","(X)","467","±110","467","(X)","786","±129","786","(X)"
"        With a disability","287","±84","30.2%","±6.6","308","±76","38.3%","±7.3","204","±75","31.1%","±9.9","426","±155","38.0%","±12.7","385","±67","43.0%","±6.7","435","±198","41.6%","±13.8","166","±41","22.8%","±4.9","236","±62","32.3%","±7.2","0","±12","-","**","175","±37","27.1%","±5.4","307","±90","51.3%","±12.1","430","±125","38.9%","±8.4","158","±65","33.8%","±10.5","229","±86","29.1%","±8.8"
"RESIDENCE 1 YEAR AGO","","","","","","","","","","","","","","","","","","","","","","","","","","","","","","","","","","","","","","","","","","","","","","","","","","","","","","","",""
"    Population 1 year and over","4,082","±212","4,082","(X)","3,264","±234","3,264","(X)","2,456","±183","2,456","(X)","5,395","±45","5,395","(X)","3,881","±228","3,881","(X)","5,163","±35","5,163","(X)","2,156","±170","2,156","(X)","3,267","±221","3,267","(X)","1,501","±220","1,501","(X)","2,860","±226","2,860","(X)","2,166","±314","2,166","(X)","3,484","±29","3,484","(X)","2,009","±253","2,009","(X)","3,011","±40","3,011","(X)"
"        Same house","3,760","±209","92.1%","±2.7","3,002","±228","92.0%","±2.9","2,276","±169","92.7%","±2.5","4,822","±226","89.4%","±4.1","3,625","±224","93.4%","±3.3","4,390","±327","85.0%","±6.3","2,051","±168","95.1%","±2.3","2,861","±228","87.6%","±3.6","1,110","±216","74.0%","±11.8","2,492","±225","87.1%","±3.6","1,985","±294","91.6%","±5.2","3,090","±194","88.7%","±5.5","1,933","±252","96.2%","±2.4","2,754","±118","91.5%","±3.3"
"        Different house in the U.S.","322","±115","7.9%","±2.7","257","±97","7.9%","±2.9","180","±64","7.3%","±2.5","573","±221","10.6%","±4.1","252","±131","6.5%","±3.3","765","±326","14.8%","±6.3","100","±50","4.6%","±2.3","380","±121","11.6%","±3.6","391","±195","26.0%","±11.8","366","±104","12.8%","±3.6","181","±117","8.4%","±5.2","394","±193","11.3%","±5.5","76","±48","3.8%","±2.4","237","±95","7.9%","±3.2"
"            Same county","44","±34","1.1%","±0.8","116","±56","3.6%","±1.7","103","±49","4.2%","±2.0","300","±167","5.6%","±3.1","109","±73","2.8%","±1.9","662","±294","12.8%","±5.7","73","±48","3.4%","±2.2","224","±96","6.9%","±3.0","25","±34","1.7%","±2.4","236","±96","8.3%","±3.3","76","±63","3.5%","±2.9","198","±163","5.7%","±4.7","55","±37","2.7%","±1.9","205","±93","6.8%","±3.1"
"            Different county","278","±107","6.8%","±2.5","141","±74","4.3%","±2.3","77","±45","3.1%","±1.8","273","±150","5.1%","±2.8","143","±98","3.7%","±2.4","103","±88","2.0%","±1.7","27","±20","1.3%","±0.9","156","±73","4.8%","±2.2","366","±199","24.4%","±12.0","130","±48","4.5%","±1.7","105","±98","4.8%","±4.4","196","±112","5.6%","±3.2","21","±22","1.0%","±1.1","32","±24","1.1%","±0.8"
"                Same state","231","±97","5.7%","±2.3","129","±71","4.0%","±2.2","39","±25","1.6%","±1.0","189","±112","3.5%","±2.1","135","±98","3.5%","±2.5","89","±82","1.7%","±1.6","19","±19","0.9%","±0.9","99","±62","3.0%","±1.9","332","±183","22.1%","±11.2","94","±43","3.3%","±1.5","58","±58","2.7%","±2.6","130","±99","3.7%","±2.8","21","±22","1.0%","±1.1","20","±18","0.7%","±0.6"
"                Different state","47","±34","1.2%","±0.8","12","±11","0.4%","±0.3","38","±36","1.5%","±1.4","84","±105","1.6%","±1.9","8","±9","0.2%","±0.2","14","±25","0.3%","±0.5","8","±8","0.4%","±0.4","57","±33","1.7%","±1.0","34","±48","2.3%","±3.1","36","±35","1.3%","±1.2","47","±51","2.2%","±2.3","66","±59","1.9%","±1.7","0","±12","0.0%","±1.6","12","±15","0.4%","±0.5"
"        Abroad","0","±12","0.0%","±0.8","5","±7","0.2%","±0.2","0","±12","0.0%","±1.3","0","±17","0.0%","±0.6","4","±5","0.1%","±0.1","8","±18","0.2%","±0.3","5","±7","0.2%","±0.3","26","±27","0.8%","±0.8","0","±12","0.0%","±2.1","2","±3","0.1%","±0.1","0","±12","0.0%","±1.5","0","±12","0.0%","±0.9","0","±12","0.0%","±1.6","20","±29","0.7%","±1.0"
"PLACE OF BIRTH","","","","","","","","","","","","","","","","","","","","","","","","","","","","","","","","","","","","","","","","","","","","","","","","","","","","","","","",""
"    Total population","4,122","±214","4,122","(X)","3,293","±239","3,293","(X)","2,481","±182","2,481","(X)","5,431","±25","5,431","(X)","3,921","±230","3,921","(X)","5,179","±20","5,179","(X)","2,181","±173","2,181","(X)","3,292","±223","3,292","(X)","1,501","±220","1,501","(X)","2,881","±232","2,881","(X)","2,170","±312","2,170","(X)","3,484","±29","3,484","(X)","2,016","±253","2,016","(X)","3,043","±27","3,043","(X)"
"        Native","3,969","±240","96.3%","±1.9","3,109","±234","94.4%","±1.7","2,418","±183","97.5%","±1.3","5,270","±140","97.0%","±2.5","3,864","±223","98.5%","±0.8","4,979","±147","96.1%","±2.9","2,041","±170","93.6%","±2.0","3,146","±223","95.6%","±1.9","1,479","±218","98.5%","±1.6","2,717","±218","94.3%","±1.9","2,061","±294","95.0%","±2.7","3,064","±143","87.9%","±4.0","1,933","±244","95.9%","±3.5","2,961","±55","97.3%","±1.6"
"            Born in United States","3,935","±240","95.5%","±2.1","3,086","±236","93.7%","±1.7","2,418","±183","97.5%","±1.3","5,220","±143","96.1%","±2.6","3,831","±225","97.7%","±0.9","4,948","±155","95.5%","±3.0","2,023","±168","92.8%","±2.0","3,119","±222","94.7%","±2.0","1,466","±214","97.7%","±2.4","2,679","±213","93.0%","±2.1","2,061","±294","95.0%","±2.7","2,942","±160","84.4%","±4.4","1,924","±243","95.4%","±3.5","2,958","±55","97.2%","±1.6"
"                State of residence","3,378","±238","82.0%","±3.4","2,615","±227","79.4%","±2.8","1,850","±184","74.6%","±4.5","4,546","±234","83.7%","±4.3","3,232","±208","82.4%","±2.3","4,248","±261","82.0%","±5.1","1,709","±176","78.4%","±4.0","2,489","±216","75.6%","±3.7","1,415","±207","94.3%","±2.8","2,236","±202","77.6%","±3.4","1,773","±249","81.7%","±5.5","2,446","±199","70.2%","±5.6","1,661","±221","82.4%","±4.6","2,458","±121","80.8%","±4.0"
"                Different state","557","±116","13.5%","±2.7","471","±90","14.3%","±2.7","568","±114","22.9%","±4.4","674","±194","12.4%","±3.6","599","±93","15.3%","±2.2","700","±255","13.5%","±4.9","314","±74","14.4%","±3.5","630","±115","19.1%","±3.3","51","±36","3.4%","±2.3","443","±87","15.4%","±2.9","288","±107","13.3%","±4.0","496","±158","14.2%","±4.5","263","±84","13.0%","±3.9","500","±109","16.4%","±3.6"
"            Born in Puerto Rico, U.S. Island areas, or born abroad to American parent(s)","34","±29","0.8%","±0.7","23","±15","0.7%","±0.5","0","±12","0.0%","±1.3","50","±45","0.9%","±0.8","33","±23","0.8%","±0.6","31","±42","0.6%","±0.8","18","±28","0.8%","±1.3","27","±21","0.8%","±0.6","13","±27","0.9%","±1.8","38","±25","1.3%","±0.8","0","±12","0.0%","±1.5","122","±87","3.5%","±2.5","9","±9","0.4%","±0.5","3","±5","0.1%","±0.2"
"        Foreign born","153","±77","3.7%","±1.9","184","±56","5.6%","±1.7","63","±33","2.5%","±1.3","161","±138","3.0%","±2.5","57","±32","1.5%","±0.8","200","±150","3.9%","±2.9","140","±44","6.4%","±2.0","146","±63","4.4%","±1.9","22","±25","1.5%","±1.6","164","±59","5.7%","±1.9","109","±63","5.0%","±2.7","420","±138","12.1%","±4.0","83","±71","4.1%","±3.5","82","±50","2.7%","±1.6"
"U.S. CITIZENSHIP STATUS","","","","","","","","","","","","","","","","","","","","","","","","","","","","","","","","","","","","","","","","","","","","","","","","","","","","","","","",""
"    Foreign-born population","153","±77","153","(X)","184","±56","184","(X)","63","±33","63","(X)","161","±138","161","(X)","57","±32","57","(X)","200","±150","200","(X)","140","±44","140","(X)","146","±63","146","(X)","22","±25","22","(X)","164","±59","164","(X)","109","±63","109","(X)","420","±138","420","(X)","83","±71","83","(X)","82","±50","82","(X)"
"        Naturalized U.S. citizen","89","±47","58.2%","±17.9","79","±32","42.9%","±16.5","36","±26","57.1%","±27.7","59","±43","36.6%","±44.4","40","±21","70.2%","±19.2","86","±104","43.0%","±33.5","97","±36","69.3%","±14.3","93","±48","63.7%","±16.3","22","±25","100.0%","±63.2","97","±34","59.1%","±13.7","62","±49","56.9%","±30.2","195","±107","46.4%","±21.2","70","±66","84.3%","±20.5","57","±40","69.5%","±32.1"
"        Not a U.S. citizen","64","±47","41.8%","±17.9","105","±50","57.1%","±16.5","27","±21","42.9%","±27.7","102","±133","63.4%","±44.4","17","±16","29.8%","±19.2","114","±83","57.0%","±33.5","43","±23","30.7%","±14.3","53","±32","36.3%","±16.3","0","±12","0.0%","±63.2","67","±39","40.9%","±13.7","47","±41","43.1%","±30.2","225","±116","53.6%","±21.2","13","±16","15.7%","±20.5","25","±30","30.5%","±32.1"
"YEAR OF ENTRY","","","","","","","","","","","","","","","","","","","","","","","","","","","","","","","","","","","","","","","","","","","","","","","","","","","","","","","",""
"    Population born outside the United States","187","±84","187","(X)","207","±57","207","(X)","63","±33","63","(X)","211","±141","211","(X)","90","±37","90","(X)","231","±157","231","(X)","158","±44","158","(X)","173","±66","173","(X)","35","±36","35","(X)","202","±67","202","(X)","109","±63","109","(X)","542","±154","542","(X)","92","±73","92","(X)","85","±50","85","(X)"
"        Native","34","±29","34","(X)","23","±15","23","(X)","0","±12","0","(X)","50","±45","50","(X)","33","±23","33","(X)","31","±42","31","(X)","18","±28","18","(X)","27","±21","27","(X)","13","±27","13","(X)","38","±25","38","(X)","0","±12","0","(X)","122","±87","122","(X)","9","±9","9","(X)","3","±5","3","(X)"
"            Entered 2010 or later","11","±18","32.4%","±46.0","0","±12","0.0%","±61.8","0","±12","-","**","0","±17","0.0%","±41.9","10","±14","30.3%","±35.6","0","±17","0.0%","±53.3","0","±12","0.0%","±69.9","0","±12","0.0%","±57.1","0","±12","0.0%","±82.3","2","±3","5.3%","±8.0","0","±12","-","**","50","±67","41.0%","±42.0","0","±12","0.0%","±98.9","0","±12","0.0%","±100.0"
"            Entered before 2010","23","±24","67.6%","±46.0","23","±15","100.0%","±61.8","0","±12","-","**","50","±45","100.0%","±41.9","23","±19","69.7%","±35.6","31","±42","100.0%","±53.3","18","±28","100.0%","±69.9","27","±21","100.0%","±57.1","13","±27","100.0%","±82.2","36","±23","94.7%","±8.0","0","±12","-","**","72","±61","59.0%","±42.0","9","±9","100.0%","±98.9","3","±5","100.0%","±100.0"
"        Foreign born","153","±77","153","(X)","184","±56","184","(X)","63","±33","63","(X)","161","±138","161","(X)","57","±32","57","(X)","200","±150","200","(X)","140","±44","140","(X)","146","±63","146","(X)","22","±25","22","(X)","164","±59","164","(X)","109","±63","109","(X)","420","±138","420","(X)","83","±71","83","(X)","82","±50","82","(X)"
"            Entered 2010 or later","34","±36","22.2%","±18.1","15","±14","8.2%","±7.0","6","±10","9.5%","±16.1","38","±51","23.6%","±18.9","0","±12","0.0%","±39.3","90","±110","45.0%","±35.6","8","±11","5.7%","±7.7","42","±30","28.8%","±16.2","13","±19","59.1%","±59.1","8","±7","4.9%","±4.6","0","±12","0.0%","±25.3","24","±41","5.7%","±9.7","0","±12","0.0%","±31.3","20","±29","24.4%","±32.2"
"            Entered before 2010","119","±58","77.8%","±18.1","169","±49","91.8%","±7.0","57","±32","90.5%","±16.1","123","±93","76.4%","±18.9","57","±32","100.0%","±39.3","110","±86","55.0%","±35.6","132","±41","94.3%","±7.7","104","±50","71.2%","±16.2","9","±16","40.9%","±59.1","156","±58","95.1%","±4.6","109","±63","100.0%","±25.3","396","±135","94.3%","±9.7","83","±71","100.0%","±31.3","62","±42","75.6%","±32.2"
"WORLD REGION OF BIRTH OF FOREIGN BORN","","","","","","","","","","","","","","","","","","","","","","","","","","","","","","","","","","","","","","","","","","","","","","","","","","","","","","","",""
"    Foreign-born population, excluding population born at sea","153","±77","153","(X)","184","±56","184","(X)","63","±33","63","(X)","161","±138","161","(X)","57","±32","57","(X)","200","±150","200","(X)","140","±44","140","(X)","146","±63","146","(X)","22","±25","22","(X)","164","±59","164","(X)","109","±63","109","(X)","420","±138","420","(X)","83","±71","83","(X)","82","±50","82","(X)"
"        Europe","85","±51","55.6%","±25.7","79","±36","42.9%","±17.8","29","±20","46.0%","±26.9","44","±37","27.3%","±35.7","39","±28","68.4%","±22.6","110","±86","55.0%","±35.6","100","±38","71.4%","±13.7","78","±41","53.4%","±18.6","0","±12","0.0%","±63.2","73","±34","44.5%","±16.0","35","±30","32.1%","±24.7","95","±46","22.6%","±10.5","12","±17","14.5%","±26.1","62","±42","75.6%","±20.0"
"        Asia","33","±33","21.6%","±17.2","63","±41","34.2%","±19.7","14","±15","22.2%","±22.6","13","±20","8.1%","±14.4","0","±12","0.0%","±39.3","0","±17","0.0%","±15.0","25","±15","17.9%","±11.3","57","±39","39.0%","±19.3","0","±12","0.0%","±63.2","26","±23","15.9%","±12.6","5","±8","4.6%","±8.1","42","±31","10.0%","±7.6","0","±12","0.0%","±31.3","0","±12","0.0%","±31.5"
"        Africa","0","±12","0.0%","±19.0","0","±12","0.0%","±16.1","1","±3","1.6%","±5.3","0","±17","0.0%","±18.2","4","±6","7.0%","±11.5","0","±17","0.0%","±15.0","0","±12","0.0%","±20.5","1","±4","0.7%","±2.5","0","±12","0.0%","±63.2","0","±12","0.0%","±17.9","0","±12","0.0%","±25.3","23","±24","5.5%","±5.6","0","±12","0.0%","±31.3","5","±8","6.1%","±11.0"
"        Oceania","0","±12","0.0%","±19.0","12","±12","6.5%","±6.6","5","±9","7.9%","±14.1","0","±17","0.0%","±18.2","0","±12","0.0%","±39.3","0","±17","0.0%","±15.0","0","±12","0.0%","±20.5","0","±12","0.0%","±19.8","0","±12","0.0%","±63.2","0","±12","0.0%","±17.9","6","±12","5.5%","±11.1","0","±12","0.0%","±7.4","0","±12","0.0%","±31.3","10","±15","12.2%","±16.4"
"        Latin America","35","±30","22.9%","±14.0","30","±32","16.3%","±15.7","0","±12","0.0%","±37.3","104","±133","64.6%","±42.8","7","±7","12.3%","±12.3","90","±110","45.0%","±35.6","5","±5","3.6%","±3.7","10","±11","6.8%","±7.7","22","±25","100.0%","±63.2","23","±17","14.0%","±10.0","30","±44","27.5%","±34.6","260","±122","61.9%","±15.2","71","±69","85.5%","±26.1","5","±10","6.1%","±12.5"
"        Northern America","0","±12","0.0%","±19.0","0","±12","0.0%","±16.1","14","±21","22.2%","±29.2","0","±17","0.0%","±18.2","7","±7","12.3%","±12.9","0","±17","0.0%","±15.0","10","±16","7.1%","±10.8","0","±12","0.0%","±19.8","0","±12","0.0%","±63.2","42","±35","25.6%","±16.6","33","±32","30.3%","±25.5","0","±12","0.0%","±7.4","0","±12","0.0%","±31.3","0","±12","0.0%","±31.5"
"LANGUAGE SPOKEN AT HOME","","","","","","","","","","","","","","","","","","","","","","","","","","","","","","","","","","","","","","","","","","","","","","","","","","","","","","","",""
"    Population 5 years and over","3,880","±219","3,880","(X)","3,140","±222","3,140","(X)","2,388","±181","2,388","(X)","5,126","±118","5,126","(X)","3,734","±216","3,734","(X)","5,014","±77","5,014","(X)","2,135","±168","2,135","(X)","3,151","±217","3,151","(X)","1,501","±220","1,501","(X)","2,792","±216","2,792","(X)","2,120","±303","2,120","(X)","3,420","±50","3,420","(X)","1,935","±250","1,935","(X)","2,907","±54","2,907","(X)"
"        English only","3,637","±242","93.7%","±2.2","2,901","±220","92.4%","±2.4","2,325","±180","97.4%","±1.5","4,825","±271","94.1%","±4.2","3,589","±207","96.1%","±1.6","4,760","±158","94.9%","±3.0","1,944","±160","91.1%","±3.2","2,969","±216","94.2%","±2.1","1,386","±215","92.3%","±3.4","2,626","±191","94.1%","±2.8","2,048","±297","96.6%","±3.2","2,741","±198","80.1%","±5.8","1,821","±245","94.1%","±4.7","2,817","±92","96.9%","±2.3"
"        Language other than English","243","±85","6.3%","±2.2","239","±77","7.6%","±2.4","63","±36","2.6%","±1.5","301","±213","5.9%","±4.2","145","±61","3.9%","±1.6","254","±150","5.1%","±3.0","191","±71","8.9%","±3.2","182","±68","5.8%","±2.1","115","±51","7.7%","±3.4","166","±84","5.9%","±2.8","72","±69","3.4%","±3.2","679","±201","19.9%","±5.8","114","±92","5.9%","±4.7","90","±68","3.1%","±2.3"
"            Speak English less than ""very well""","53","±37","1.4%","±1.0","77","±46","2.5%","±1.5","2","±5","0.1%","±0.2","225","±211","4.4%","±4.1","40","±21","1.1%","±0.5","17","±28","0.3%","±0.6","55","±30","2.6%","±1.4","44","±25","1.4%","±0.8","42","±42","2.8%","±2.8","33","±23","1.2%","±0.8","0","±12","0.0%","±1.5","219","±114","6.4%","±3.3","47","±46","2.4%","±2.4","5","±8","0.2%","±0.3"
"        Spanish","104","±63","2.7%","±1.6","51","±38","1.6%","±1.2","26","±25","1.1%","±1.1","148","±163","2.9%","±3.2","55","±41","1.5%","±1.1","138","±118","2.8%","±2.4","16","±12","0.7%","±0.6","60","±43","1.9%","±1.4","68","±42","4.5%","±2.7","38","±40","1.4%","±1.4","19","±22","0.9%","±1.0","428","±159","12.5%","±4.6","80","±85","4.1%","±4.3","54","±60","1.9%","±2.1"
"            Speak English less than ""very well""","28","±32","0.7%","±0.8","27","±32","0.9%","±1.0","2","±5","0.1%","±0.2","120","±159","2.3%","±3.1","7","±7","0.2%","±0.2","2","±4","0.0%","±0.1","6","±6","0.3%","±0.3","14","±13","0.4%","±0.4","34","±39","2.3%","±2.6","5","±12","0.2%","±0.4","0","±12","0.0%","±1.5","168","±100","4.9%","±2.9","28","±42","1.4%","±2.1","0","±12","0.0%","±1.1"
"        Other Indo-European languages","83","±50","2.1%","±1.3","131","±67","4.2%","±2.1","37","±25","1.5%","±1.1","41","±33","0.8%","±0.7","83","±43","2.2%","±1.1","116","±103","2.3%","±2.1","169","±70","7.9%","±3.2","86","±45","2.7%","±1.4","22","±27","1.5%","±1.8","112","±67","4.0%","±2.3","53","±59","2.5%","±2.8","217","±124","6.3%","±3.6","34","±29","1.8%","±1.5","31","±25","1.1%","±0.9"
"            Speak English less than ""very well""","8","±9","0.2%","±0.2","19","±15","0.6%","±0.5","0","±12","0.0%","±1.3","11","±18","0.2%","±0.3","33","±19","0.9%","±0.5","15","±28","0.3%","±0.6","49","±30","2.3%","±1.4","17","±14","0.5%","±0.5","0","±12","0.0%","±2.1","25","±16","0.9%","±0.6","0","±12","0.0%","±1.5","22","±24","0.6%","±0.7","19","±22","1.0%","±1.1","0","±12","0.0%","±1.1"
"        Asian and Pacific Islander languages","44","±37","1.1%","±1.0","57","±40","1.8%","±1.3","0","±12","0.0%","±1.3","18","±29","0.4%","±0.6","0","±12","0.0%","±0.9","0","±17","0.0%","±0.6","0","±12","0.0%","±1.5","36","±29","1.1%","±0.9","17","±19","1.1%","±1.3","16","±19","0.6%","±0.7","0","±12","0.0%","±1.5","18","±26","0.5%","±0.8","0","±12","0.0%","±1.7","5","±8","0.2%","±0.3"
"            Speak English less than ""very well""","5","±9","0.1%","±0.2","31","±32","1.0%","±1.0","0","±12","0.0%","±1.3","0","±17","0.0%","±0.6","0","±12","0.0%","±0.9","0","±17","0.0%","±0.6","0","±12","0.0%","±1.5","13","±14","0.4%","±0.4","0","±12","0.0%","±2.1","3","±6","0.1%","±0.2","0","±12","0.0%","±1.5","18","±26","0.5%","±0.8","0","±12","0.0%","±1.7","5","±8","0.2%","±0.3"
"        Other languages","12","±16","0.3%","±0.4","0","±12","0.0%","±1.0","0","±12","0.0%","±1.3","94","±149","1.8%","±2.9","7","±8","0.2%","±0.2","0","±17","0.0%","±0.6","6","±8","0.3%","±0.4","0","±12","0.0%","±1.0","8","±16","0.5%","±1.1","0","±12","0.0%","±1.2","0","±12","0.0%","±1.5","16","±23","0.5%","±0.7","0","±12","0.0%","±1.7","0","±12","0.0%","±1.1"
"            Speak English less than ""very well""","12","±16","0.3%","±0.4","0","±12","0.0%","±1.0","0","±12","0.0%","±1.3","94","±149","1.8%","±2.9","0","±12","0.0%","±0.9","0","±17","0.0%","±0.6","0","±12","0.0%","±1.5","0","±12","0.0%","±1.0","8","±16","0.5%","±1.1","0","±12","0.0%","±1.2","0","±12","0.0%","±1.5","11","±16","0.3%","±0.5","0","±12","0.0%","±1.7","0","±12","0.0%","±1.1"
"ANCESTRY","","","","","","","","","","","","","","","","","","","","","","","","","","","","","","","","","","","","","","","","","","","","","","","","","","","","","","","",""
"    Total population","4,122","±214","4,122","(X)","3,293","±239","3,293","(X)","2,481","±182","2,481","(X)","5,431","±25","5,431","(X)","3,921","±230","3,921","(X)","5,179","±20","5,179","(X)","2,181","±173","2,181","(X)","3,292","±223","3,292","(X)","1,501","±220","1,501","(X)","2,881","±232","2,881","(X)","2,170","±312","2,170","(X)","3,484","±29","3,484","(X)","2,016","±253","2,016","(X)","3,043","±27","3,043","(X)"
"        American","150","±77","3.6%","±1.8","249","±76","7.6%","±2.3","110","±73","4.4%","±2.9","370","±170","6.8%","±3.1","144","±44","3.7%","±1.2","218","±119","4.2%","±2.3","95","±36","4.4%","±1.7","136","±104","4.1%","±3.1","23","±24","1.5%","±1.6","109","±39","3.8%","±1.4","35","±27","1.6%","±1.2","107","±88","3.1%","±2.5","63","±45","3.1%","±2.3","176","±82","5.8%","±2.7"
"        Arab","0","±12","0.0%","±0.8","15","±17","0.5%","±0.5","0","±12","0.0%","±1.3","0","±17","0.0%","±0.6","14","±12","0.4%","±0.3","0","±17","0.0%","±0.6","0","±12","0.0%","±1.5","5","±8","0.2%","±0.2","0","±12","0.0%","±2.1","10","±13","0.3%","±0.5","0","±12","0.0%","±1.5","44","±55","1.3%","±1.6","0","±12","0.0%","±1.6","0","±12","0.0%","±1.1"
"        Czech","17","±16","0.4%","±0.4","19","±14","0.6%","±0.4","17","±26","0.7%","±1.1","0","±17","0.0%","±0.6","0","±12","0.0%","±0.8","29","±46","0.6%","±0.9","9","±7","0.4%","±0.3","13","±11","0.4%","±0.3","0","±12","0.0%","±2.1","6","±7","0.2%","±0.3","0","±12","0.0%","±1.5","27","±24","0.8%","±0.7","24","±27","1.2%","±1.4","0","±12","0.0%","±1.1"
"        Danish","3","±5","0.1%","±0.1","11","±10","0.3%","±0.3","23","±22","0.9%","±0.9","11","±18","0.2%","±0.3","33","±20","0.8%","±0.5","28","±54","0.5%","±1.0","0","±12","0.0%","±1.5","32","±25","1.0%","±0.8","0","±12","0.0%","±2.1","5","±6","0.2%","±0.2","9","±12","0.4%","±0.6","0","±12","0.0%","±0.9","24","±25","1.2%","±1.3","6","±8","0.2%","±0.3"
"        Dutch","170","±76","4.1%","±1.8","176","±81","5.3%","±2.3","93","±43","3.7%","±1.7","250","±139","4.6%","±2.6","146","±67","3.7%","±1.7","244","±141","4.7%","±2.7","134","±68","6.1%","±3.0","44","±30","1.3%","±0.9","11","±14","0.7%","±0.9","210","±61","7.3%","±2.2","218","±141","10.0%","±5.9","216","±98","6.2%","±2.8","66","±61","3.3%","±3.0","101","±49","3.3%","±1.6"
"        English","581","±130","14.1%","±3.3","330","±70","10.0%","±2.2","437","±107","17.6%","±4.5","699","±244","12.9%","±4.5","536","±113","13.7%","±2.9","859","±363","16.6%","±7.0","216","±54","9.9%","±2.6","499","±129","15.2%","±3.6","29","±28","1.9%","±1.8","312","±60","10.8%","±2.1","281","±83","12.9%","±3.8","312","±144","9.0%","±4.1","140","±70","6.9%","±3.4","308","±100","10.1%","±3.3"
"        French (except Basque)","148","±65","3.6%","±1.5","122","±64","3.7%","±1.9","145","±77","5.8%","±3.0","188","±152","3.5%","±2.8","201","±83","5.1%","±2.1","137","±80","2.6%","±1.5","45","±24","2.1%","±1.1","88","±45","2.7%","±1.4","5","±9","0.3%","±0.6","127","±60","4.4%","±2.1","93","±98","4.3%","±4.4","38","±44","1.1%","±1.3","8","±12","0.4%","±0.6","111","±114","3.6%","±3.7"
"        French Canadian","31","±30","0.8%","±0.7","13","±14","0.4%","±0.4","23","±19","0.9%","±0.8","0","±17","0.0%","±0.6","14","±15","0.4%","±0.4","62","±96","1.2%","±1.9","26","±19","1.2%","±0.9","28","±20","0.9%","±0.6","20","±23","1.3%","±1.5","55","±32","1.9%","±1.1","45","±37","2.1%","±1.8","52","±48","1.5%","±1.4","17","±23","0.8%","±1.1","8","±11","0.3%","±0.4"
"        German","982","±180","23.8%","±4.4","680","±161","20.6%","±4.3","610","±146","24.6%","±5.8","1,345","±352","24.8%","±6.5","813","±128","20.7%","±3.3","863","±337","16.7%","±6.5","592","±134","27.1%","±5.2","742","±128","22.5%","±3.8","86","±50","5.7%","±3.1","586","±110","20.3%","±3.9","573","±175","26.4%","±7.7","730","±186","21.0%","±5.3","816","±211","40.5%","±7.5","819","±203","26.9%","±6.7"
"        Greek","3","±5","0.1%","±0.1","34","±22","1.0%","±0.7","4","±7","0.2%","±0.3","91","±88","1.7%","±1.6","29","±20","0.7%","±0.5","194","±238","3.7%","±4.6","40","±48","1.8%","±2.2","27","±28","0.8%","±0.9","8","±16","0.5%","±1.1","12","±13","0.4%","±0.5","26","±34","1.2%","±1.5","8","±12","0.2%","±0.4","19","±25","0.9%","±1.2","3","±6","0.1%","±0.2"
"        Hungarian","38","±32","0.9%","±0.8","26","±20","0.8%","±0.6","16","±17","0.6%","±0.7","78","±85","1.4%","±1.6","20","±20","0.5%","±0.5","195","±240","3.8%","±4.6","6","±6","0.3%","±0.3","33","±21","1.0%","±0.6","4","±9","0.3%","±0.6","9","±9","0.3%","±0.3","33","±43","1.5%","±2.0","0","±12","0.0%","±0.9","11","±14","0.5%","±0.7","9","±15","0.3%","±0.5"
"        Irish","1,044","±236","25.3%","±5.5","507","±105","15.4%","±2.9","503","±137","20.3%","±5.1","1,412","±399","26.0%","±7.4","639","±133","16.3%","±3.2","797","±280","15.4%","±5.4","358","±86","16.4%","±3.8","586","±127","17.8%","±3.9","122","±67","8.1%","±4.2","490","±100","17.0%","±3.1","356","±108","16.4%","±4.8","625","±201","17.9%","±5.8","388","±108","19.2%","±5.6","597","±168","19.6%","±5.5"
"        Italian","601","±174","14.6%","±4.0","361","±96","11.0%","±2.8","288","±125","11.6%","±4.8","681","±239","12.5%","±4.4","402","±102","10.3%","±2.6","659","±245","12.7%","±4.7","274","±75","12.6%","±3.1","363","±94","11.0%","±2.9","103","±49","6.9%","±3.1","332","±86","11.5%","±2.9","259","±94","11.9%","±4.0","597","±241","17.1%","±6.9","338","±149","16.8%","±6.7","363","±110","11.9%","±3.6"
"        Lithuanian","26","±28","0.6%","±0.7","9","±7","0.3%","±0.2","2","±3","0.1%","±0.1","11","±19","0.2%","±0.3","0","±12","0.0%","±0.8","60","±83","1.2%","±1.6","3","±4","0.1%","±0.2","29","±21","0.9%","±0.6","0","±12","0.0%","±2.1","6","±7","0.2%","±0.2","0","±12","0.0%","±1.5","15","±21","0.4%","±0.6","0","±12","0.0%","±1.6","0","±12","0.0%","±1.1"
"        Norwegian","67","±60","1.6%","±1.5","41","±25","1.2%","±0.8","16","±24","0.6%","±1.0","146","±154","2.7%","±2.8","15","±11","0.4%","±0.3","17","±26","0.3%","±0.5","25","±11","1.1%","±0.5","52","±32","1.6%","±1.0","5","±10","0.3%","±0.6","26","±15","0.9%","±0.5","6","±9","0.3%","±0.4","22","±17","0.6%","±0.5","0","±12","0.0%","±1.6","36","±28","1.2%","±0.9"
"        Polish","104","±42","2.5%","±1.0","203","±65","6.2%","±2.0","59","±32","2.4%","±1.3","129","±81","2.4%","±1.5","178","±70","4.5%","±1.8","67","±84","1.3%","±1.6","105","±44","4.8%","±2.0","83","±39","2.5%","±1.2","36","±32","2.4%","±2.1","101","±43","3.5%","±1.4","41","±33","1.9%","±1.5","50","±48","1.4%","±1.4","42","±29","2.1%","±1.4","183","±87","6.0%","±2.9"
"        Portuguese","4","±6","0.1%","±0.1","3","±4","0.1%","±0.1","0","±12","0.0%","±1.3","0","±17","0.0%","±0.6","0","±12","0.0%","±0.8","0","±17","0.0%","±0.6","7","±7","0.3%","±0.3","6","±6","0.2%","±0.2","0","±12","0.0%","±2.1","2","±3","0.1%","±0.1","0","±12","0.0%","±1.5","0","±12","0.0%","±0.9","0","±12","0.0%","±1.6","0","±12","0.0%","±1.1"
"        Russian","32","±26","0.8%","±0.6","43","±34","1.3%","±1.1","26","±25","1.0%","±1.0","21","±25","0.4%","±0.5","47","±59","1.2%","±1.5","0","±17","0.0%","±0.6","20","±15","0.9%","±0.7","37","±28","1.1%","±0.8","9","±10","0.6%","±0.7","16","±12","0.6%","±0.4","49","±54","2.3%","±2.5","202","±172","5.8%","±4.9","24","±19","1.2%","±1.0","11","±18","0.4%","±0.6"
"        Scotch-Irish","13","±13","0.3%","±0.3","55","±22","1.7%","±0.7","16","±17","0.6%","±0.7","25","±29","0.5%","±0.5","31","±19","0.8%","±0.5","66","±81","1.3%","±1.6","40","±21","1.8%","±1.0","81","±64","2.5%","±2.0","0","±12","0.0%","±2.1","60","±29","2.1%","±1.0","34","±31","1.6%","±1.4","45","±45","1.3%","±1.3","33","±36","1.6%","±1.8","13","±14","0.4%","±0.5"
"        Scottish","150","±67","3.6%","±1.6","151","±64","4.6%","±2.0","95","±39","3.8%","±1.5","112","±63","2.1%","±1.2","88","±34","2.2%","±0.9","110","±97","2.1%","±1.9","194","±73","8.9%","±3.4","202","±72","6.1%","±2.2","5","±11","0.3%","±0.7","120","±32","4.2%","±1.1","103","±57","4.7%","±2.6","93","±50","2.7%","±1.4","82","±51","4.1%","±2.4","22","±21","0.7%","±0.7"
"        Slovak","0","±12","0.0%","±0.8","25","±19","0.8%","±0.6","37","±60","1.5%","±2.4","0","±17","0.0%","±0.6","3","±4","0.1%","±0.1","0","±17","0.0%","±0.6","7","±10","0.3%","±0.4","13","±18","0.4%","±0.5","0","±12","0.0%","±2.1","4","±4","0.1%","±0.1","0","±12","0.0%","±1.5","11","±17","0.3%","±0.5","15","±23","0.7%","±1.2","3","±5","0.1%","±0.2"
"        Subsaharan African","0","±12","0.0%","±0.8","6","±13","0.2%","±0.4","0","±12","0.0%","±1.3","33","±40","0.6%","±0.7","0","±12","0.0%","±0.8","0","±17","0.0%","±0.6","0","±12","0.0%","±1.5","10","±14","0.3%","±0.4","28","±37","1.9%","±2.5","14","±18","0.5%","±0.6","0","±12","0.0%","±1.5","12","±18","0.3%","±0.5","0","±12","0.0%","±1.6","0","±12","0.0%","±1.1"
"        Swedish","44","±29","1.1%","±0.7","26","±19","0.8%","±0.6","6","±8","0.2%","±0.3","18","±29","0.3%","±0.5","31","±24","0.8%","±0.6","81","±85","1.6%","±1.6","17","±16","0.8%","±0.7","30","±19","0.9%","±0.6","9","±9","0.6%","±0.6","10","±9","0.3%","±0.3","37","±31","1.7%","±1.4","74","±59","2.1%","±1.7","34","±32","1.7%","±1.6","48","±34","1.6%","±1.1"
"        Swiss","0","±12","0.0%","±0.8","24","±20","0.7%","±0.6","0","±12","0.0%","±1.3","41","±62","0.8%","±1.1","44","±27","1.1%","±0.7","0","±17","0.0%","±0.6","19","±16","0.9%","±0.8","0","±12","0.0%","±1.0","0","±12","0.0%","±2.1","16","±12","0.6%","±0.4","0","±12","0.0%","±1.5","41","±49","1.2%","±1.4","12","±19","0.6%","±0.9","16","±26","0.5%","±0.9"
"        Ukrainian","34","±34","0.8%","±0.8","16","±17","0.5%","±0.5","4","±8","0.2%","±0.3","0","±17","0.0%","±0.6","18","±13","0.5%","±0.3","112","±166","2.2%","±3.2","10","±14","0.5%","±0.7","23","±20","0.7%","±0.6","0","±12","0.0%","±2.1","32","±30","1.1%","±1.0","0","±12","0.0%","±1.5","0","±12","0.0%","±0.9","4","±6","0.2%","±0.3","0","±12","0.0%","±1.1"
"        Welsh","87","±90","2.1%","±2.2","29","±34","0.9%","±1.0","31","±24","1.2%","±1.0","174","±131","3.2%","±2.4","44","±20","1.1%","±0.5","81","±103","1.6%","±2.0","26","±19","1.2%","±0.8","31","±29","0.9%","±0.9","11","±17","0.7%","±1.1","14","±10","0.5%","±0.4","12","±12","0.6%","±0.6","46","±38","1.3%","±1.1","10","±14","0.5%","±0.7","65","±64","2.1%","±2.1"
"        West Indian (excluding Hispanic origin groups)","8","±12","0.2%","±0.3","26","±33","0.8%","±1.0","0","±12","0.0%","±1.3","5","±9","0.1%","±0.2","32","±52","0.8%","±1.3","0","±17","0.0%","±0.6","0","±12","0.0%","±1.5","12","±17","0.4%","±0.5","65","±51","4.3%","±3.2","4","±5","0.1%","±0.2","30","±44","1.4%","±2.0","18","±29","0.5%","±0.8","22","±30","1.1%","±1.5","18","±29","0.6%","±1.0"
"COMPUTERS AND INTERNET USE","","","","","","","","","","","","","","","","","","","","","","","","","","","","","","","","","","","","","","","","","","","","","","","","","","","","","","","",""
"    Total households","1,778","±116","1,778","(X)","1,340","±80","1,340","(X)","1,024","±90","1,024","(X)","2,229","±194","2,229","(X)","1,660","±88","1,660","(X)","2,359","±189","2,359","(X)","1,022","±76","1,022","(X)","1,488","±135","1,488","(X)","0","±12","0","(X)","1,237","±82","1,237","(X)","975","±121","975","(X)","1,661","±177","1,661","(X)","818","±100","818","(X)","1,377","±122","1,377","(X)"
"        With a computer","1,521","±119","85.5%","±4.7","1,187","±89","88.6%","±3.3","944","±100","92.2%","±4.2","1,770","±166","79.4%","±5.1","1,402","±89","84.5%","±3.5","2,079","±218","88.1%","±6.1","855","±84","83.7%","±5.0","1,275","±121","85.7%","±3.9","0","±12","-","**","1,082","±87","87.5%","±3.3","804","±127","82.5%","±6.6","1,320","±173","79.5%","±6.6","674","±93","82.4%","±6.8","1,125","±109","81.7%","±5.2"
"        With a broadband Internet subscription","1,298","±128","73.0%","±6.1","1,043","±92","77.8%","±4.4","841","±84","82.1%","±5.6","1,539","±189","69.0%","±7.1","1,287","±92","77.5%","±4.0","1,855","±228","78.6%","±7.3","789","±80","77.2%","±4.8","1,226","±120","82.4%","±4.3","0","±12","-","**","952","±85","77.0%","±4.5","741","±116","76.0%","±7.2","1,184","±161","71.3%","±6.9","649","±94","79.3%","±6.9","1,021","±103","74.1%","±6.4"