"Label","Census Tract 801, Greene County, New York!!Estimate","Census Tract 801, Greene County, New York!!Margin of Error","Census Tract 801, Greene County, New York!!Percent","Census Tract 801, Greene County, New York!!Percent Margin of Error","Census Tract 802.01, Greene County, New York!!Estimate","Census Tract 802.01, Greene County, New York!!Margin of Error","Census Tract 802.01, Greene County, New York!!Percent","Census Tract 802.01, Greene County, New York!!Percent Margin of Error","Census Tract 802.02, Greene County, New York!!Estimate","Census Tract 802.02, Greene County, New York!!Margin of Error","Census Tract 802.02, Greene County, New York!!Percent","Census Tract 802.02, Greene County, New York!!Percent Margin of Error","Census Tract 803, Greene County, New York!!Estimate","Census Tract 803, Greene County, New York!!Margin of Error","Census Tract 803, Greene County, New York!!Percent","Census Tract 803, Greene County, New York!!Percent Margin of Error","Census Tract 804.01, Greene County, New York!!Estimate","Census Tract 804.01, Greene County, New York!!Margin of Error","Census Tract 804.01, Greene County, New York!!Percent","Census Tract 804.01, Greene County, New York!!Percent Margin of Error","Census Tract 804.02, Greene County, New York!!Estimate","Census Tract 804.02, Greene County, New York!!Margin of Error","Census Tract 804.02, Greene County, New York!!Percent","Census Tract 804.02, Greene County, New York!!Percent Margin of Error","Census Tract 805.01, Greene County, New York!!Estimate","Census Tract 805.01, Greene County, New York!!Margin of Error","Census Tract 805.01, Greene County, New York!!Percent","Census Tract 805.01, Greene County, New York!!Percent Margin of Error","Census Tract 805.02, Greene County, New York!!Estimate","Census Tract 805.02, Greene County, New York!!Margin of Error","Census Tract 805.02, Greene County, New York!!Percent","Census Tract 805.02, Greene County, New York!!Percent Margin of Error","Census Tract 806, Greene County, New York!!Estimate","Census Tract 806, Greene County, New York!!Margin of Error","Census Tract 806, Greene County, New York!!Percent","Census Tract 806, Greene County, New York!!Percent Margin of Error","Census Tract 807, Greene County, New York!!Estimate","Census Tract 807, Greene County, New York!!Margin of Error","Census Tract 807, Greene County, New York!!Percent","Census Tract 807, Greene County, New York!!Percent Margin of Error","Census Tract 808, Greene County, New York!!Estimate","Census Tract 808, Greene County, New York!!Margin of Error","Census Tract 808, Greene County, New York!!Percent","Census Tract 808, Greene County, New York!!Percent Margin of Error","Census Tract 809, Greene County, New York!!Estimate","Census Tract 809, Greene County, New York!!Margin of Error","Census Tract 809, Greene County, New York!!Percent","Census Tract 809, Greene County, New York!!Percent Margin of Error","Census Tract 810, Greene County, New York!!Estimate","Census Tract 810, Greene County, New York!!Margin of Error","Census Tract 810, Greene County, New York!!Percent","Census Tract 810, Greene County, New York!!Percent Margin of Error","Census Tract 811.01, Greene County, New York!!Estimate","Census Tract 811.01, Greene County, New York!!Margin of Error","Census Tract 811.01, Greene County, New York!!Percent","Census Tract 811.01, Greene County, New York!!Percent Margin of Error","Census Tract 811.02, Greene County, New York!!Estimate","Census Tract 811.02, Greene County, New York!!Margin of Error","Census Tract 811.02, Greene County, New York!!Percent","Census Tract 811.02, Greene County, New York!!Percent Margin of Error"
"HOUSEHOLDS BY TYPE","","","","","","","","","","","","","","","","","","","","","","","","","","","","","","","","","","","","","","","","","","","","","","","","","","","","","","","","","","","",""
"    Total households","1,148","±139","1,148","(X)","1,253","±131","1,253","(X)","912","±112","912","(X)","1,153","±87","1,153","(X)","1,135","±195","1,135","(X)","887","±92","887","(X)","939","±127","939","(X)","1,310","±147","1,310","(X)","1,056","±158","1,056","(X)","1,164","±112","1,164","(X)","0","±12","0","(X)","1,585","±131","1,585","(X)","1,736","±269","1,736","(X)","1,829","±155","1,829","(X)","993","±136","993","(X)"
"        Married-couple family","751","±149","65.4%","±9.0","701","±89","55.9%","±7.2","407","±71","44.6%","±7.8","626","±63","54.3%","±5.2","458","±107","40.4%","±10.8","460","±85","51.9%","±8.4","430","±123","45.8%","±11.5","608","±127","46.4%","±9.3","602","±169","57.0%","±11.1","463","±89","39.8%","±7.8","0","±12","-","**","856","±106","54.0%","±6.6","375","±129","21.6%","±7.3","855","±163","46.7%","±8.5","452","±90","45.5%","±9.1"
"            With own children of the householder under 18 years","243","±75","21.2%","±6.1","221","±69","17.6%","±6.0","117","±46","12.8%","±5.6","119","±40","10.3%","±3.7","135","±48","11.9%","±5.2","115","±49","13.0%","±5.1","75","±48","8.0%","±5.2","173","±77","13.2%","±5.7","192","±97","18.2%","±8.9","192","±60","16.5%","±5.3","0","±12","-","**","196","±66","12.4%","±4.4","104","±74","6.0%","±4.5","349","±120","19.1%","±6.4","174","±48","17.5%","±5.3"
"        Cohabiting couple household","53","±39","4.6%","±3.4","34","±27","2.7%","±2.0","90","±46","9.9%","±5.2","62","±28","5.4%","±2.4","25","±20","2.2%","±1.7","63","±36","7.1%","±4.1","103","±60","11.0%","±6.1","92","±49","7.0%","±4.0","14","±17","1.3%","±1.6","137","±74","11.8%","±6.4","0","±12","-","**","61","±32","3.8%","±2.0","70","±55","4.0%","±3.1","132","±87","7.2%","±4.6","38","±44","3.8%","±4.3"
"            With own children of the householder under 18 years","24","±30","2.1%","±2.7","13","±15","1.0%","±1.2","62","±42","6.8%","±4.7","8","±8","0.7%","±0.7","5","±7","0.4%","±0.6","8","±9","0.9%","±1.0","16","±17","1.7%","±1.8","25","±36","1.9%","±2.8","9","±15","0.9%","±1.4","10","±14","0.9%","±1.2","0","±12","-","**","3","±4","0.2%","±0.3","17","±35","1.0%","±2.0","53","±65","2.9%","±3.5","31","±43","3.1%","±4.3"
"        Male householder, no spouse/partner present","190","±86","16.6%","±7.8","186","±82","14.8%","±6.0","195","±72","21.4%","±6.6","189","±57","16.4%","±4.6","298","±113","26.3%","±8.8","148","±57","16.7%","±5.8","133","±62","14.2%","±6.7","242","±108","18.5%","±7.5","235","±98","22.3%","±8.8","218","±89","18.7%","±6.9","0","±12","-","**","306","±88","19.3%","±5.1","347","±154","20.0%","±7.4","384","±139","21.0%","±7.0","110","±58","11.1%","±5.5"
"            With own children of the householder under 18 years","14","±22","1.2%","±2.0","13","±21","1.0%","±1.7","37","±32","4.1%","±3.6","0","±12","0.0%","±2.8","27","±30","2.4%","±2.5","0","±12","0.0%","±3.6","32","±33","3.4%","±3.5","0","±12","0.0%","±2.4","48","±49","4.5%","±4.6","38","±44","3.3%","±3.7","0","±12","-","**","30","±47","1.9%","±3.1","0","±12","0.0%","±1.9","0","±12","0.0%","±1.8","0","±12","0.0%","±3.2"
"            Householder living alone","146","±76","12.7%","±6.3","133","±71","10.6%","±5.2","120","±61","13.2%","±5.8","153","±54","13.3%","±4.4","221","±94","19.5%","±7.4","129","±53","14.5%","±5.3","85","±50","9.1%","±5.2","212","±100","16.2%","±6.9","131","±79","12.4%","±7.2","168","±79","14.4%","±6.2","0","±12","-","**","216","±80","13.6%","±4.4","310","±154","17.9%","±7.5","345","±129","18.9%","±6.5","89","±50","9.0%","±4.8"
"                65 years and over","70","±70","6.1%","±5.9","82","±56","6.5%","±4.2","76","±50","8.3%","±5.1","88","±40","7.6%","±3.4","161","±89","14.2%","±7.4","87","±46","9.8%","±4.9","48","±31","5.1%","±3.2","68","±47","5.2%","±3.6","49","±45","4.6%","±4.2","93","±63","8.0%","±5.1","0","±12","-","**","113","±60","7.1%","±3.5","126","±119","7.3%","±6.5","120","±63","6.6%","±3.3","52","±32","5.2%","±3.2"
"        Female householder, no spouse/partner present","154","±71","13.4%","±5.6","332","±100","26.5%","±6.9","220","±80","24.1%","±7.7","276","±64","23.9%","±4.9","354","±169","31.2%","±12.0","216","±56","24.4%","±5.6","273","±96","29.1%","±9.7","368","±100","28.1%","±6.4","205","±80","19.4%","±8.1","346","±103","29.7%","±7.9","0","±12","-","**","362","±94","22.8%","±5.2","944","±201","54.4%","±8.4","458","±130","25.0%","±7.0","393","±119","39.6%","±9.6"
"            With own children of the householder under 18 years","0","±12","0.0%","±2.8","70","±54","5.6%","±4.2","33","±26","3.6%","±2.9","19","±12","1.6%","±1.0","0","±12","0.0%","±2.8","24","±25","2.7%","±2.9","7","±12","0.7%","±1.3","53","±42","4.0%","±3.2","24","±25","2.3%","±2.4","45","±39","3.9%","±3.3","0","±12","-","**","49","±49","3.1%","±3.1","69","±58","4.0%","±3.3","45","±62","2.5%","±3.4","22","±25","2.2%","±2.5"
"            Householder living alone","111","±66","9.7%","±5.3","222","±85","17.7%","±5.9","155","±73","17.0%","±7.2","190","±58","16.5%","±4.5","335","±166","29.5%","±11.8","149","±49","16.8%","±4.8","119","±63","12.7%","±6.2","238","±97","18.2%","±7.0","91","±59","8.6%","±5.3","272","±98","23.4%","±7.7","0","±12","-","**","270","±74","17.0%","±4.0","601","±186","34.6%","±8.0","350","±111","19.1%","±6.0","326","±119","32.8%","±10.3"
"                65 years and over","55","±51","4.8%","±4.2","157","±72","12.5%","±5.1","93","±44","10.2%","±4.4","139","±53","12.1%","±4.2","170","±111","15.0%","±8.7","110","±44","12.4%","±4.4","72","±41","7.7%","±4.3","142","±85","10.8%","±6.2","81","±55","7.7%","±4.9","192","±86","16.5%","±7.0","0","±12","-","**","156","±57","9.8%","±3.4","284","±145","16.4%","±7.6","201","±98","11.0%","±5.5","205","±79","20.6%","±7.5"
"        Households with one or more people under 18 years","304","±70","26.5%","±6.6","348","±87","27.8%","±7.8","278","±56","30.5%","±7.5","192","±46","16.7%","±4.2","167","±57","14.7%","±5.9","204","±48","23.0%","±5.0","170","±75","18.1%","±8.3","311","±76","23.7%","±5.9","375","±111","35.5%","±8.4","344","±61","29.6%","±6.1","0","±12","-","**","315","±60","19.9%","±4.5","222","±106","12.8%","±6.4","512","±134","28.0%","±6.9","244","±56","24.6%","±5.7"
"        Households with one or more people 65 years and over","460","±107","40.1%","±8.3","489","±104","39.0%","±5.4","333","±71","36.5%","±5.6","584","±84","50.7%","±5.3","552","±165","48.6%","±11.4","452","±76","51.0%","±6.2","307","±83","32.7%","±8.3","490","±108","37.4%","±7.3","391","±86","37.0%","±8.3","504","±106","43.3%","±7.4","0","±12","-","**","655","±94","41.3%","±4.3","640","±202","36.9%","±9.2","617","±107","33.7%","±5.6","444","±91","44.7%","±7.1"
"        Average household size","2.84","±0.34","(X)","(X)","2.83","±0.29","(X)","(X)","2.93","±0.35","(X)","(X)","2.64","±0.21","(X)","(X)","2.10","±0.30","(X)","(X)","2.28","±0.19","(X)","(X)","2.82","±0.40","(X)","(X)","2.83","±0.35","(X)","(X)","2.97","±0.35","(X)","(X)","2.36","±0.21","(X)","(X)","-","**","(X)","(X)","2.48","±0.21","(X)","(X)","2.38","±0.33","(X)","(X)","2.45","±0.22","(X)","(X)","2.44","±0.34","(X)","(X)"
"        Average family size","3.29","±0.45","(X)","(X)","3.33","±0.33","(X)","(X)","3.67","±0.43","(X)","(X)","3.22","±0.29","(X)","(X)","3.14","±0.49","(X)","(X)","2.83","±0.25","(X)","(X)","3.26","±0.51","(X)","(X)","3.77","±0.43","(X)","(X)","3.45","±0.48","(X)","(X)","3.08","±0.35","(X)","(X)","-","**","(X)","(X)","3.14","±0.25","(X)","(X)","3.58","±0.51","(X)","(X)","3.27","±0.30","(X)","(X)","3.15","±0.31","(X)","(X)"
"RELATIONSHIP","","","","","","","","","","","","","","","","","","","","","","","","","","","","","","","","","","","","","","","","","","","","","","","","","","","","","","","","","","","",""
"    Population in households","3,263","±19","3,263","(X)","3,550","±50","3,550","(X)","2,672","±40","2,672","(X)","3,042","±178","3,042","(X)","2,385","±233","2,385","(X)","2,021","±178","2,021","(X)","2,649","±332","2,649","(X)","3,712","±330","3,712","(X)","3,137","±288","3,137","(X)","2,743","±92","2,743","(X)","0","±12","0","(X)","3,928","±27","3,928","(X)","4,137","±247","4,137","(X)","4,473","±362","4,473","(X)","2,419","±395","2,419","(X)"
"        Householder","1,148","±139","35.2%","±4.3","1,253","±131","35.3%","±3.6","912","±112","34.1%","±4.0","1,153","±87","37.9%","±3.0","1,135","±195","47.6%","±6.7","887","±92","43.9%","±3.7","939","±127","35.4%","±5.1","1,310","±147","35.3%","±4.3","1,056","±158","33.7%","±4.1","1,164","±112","42.4%","±3.9","0","±12","-","**","1,585","±131","40.4%","±3.3","1,736","±269","42.0%","±5.9","1,829","±155","40.9%","±3.6","993","±136","41.1%","±5.8"
"        Spouse","749","±150","23.0%","±4.6","721","±96","20.3%","±2.7","402","±72","15.0%","±2.7","626","±66","20.6%","±2.4","463","±111","19.4%","±4.2","453","±77","22.4%","±3.4","412","±112","15.6%","±4.4","639","±134","17.2%","±3.3","539","±134","17.2%","±3.9","458","±91","16.7%","±3.3","0","±12","-","**","900","±115","22.9%","±2.9","409","±166","9.9%","±3.9","817","±147","18.3%","±2.9","464","±103","19.2%","±5.2"
"        Unmarried partner","58","±36","1.8%","±1.1","34","±29","1.0%","±0.8","76","±40","2.8%","±1.5","55","±24","1.8%","±0.8","25","±19","1.0%","±0.8","67","±38","3.3%","±1.9","119","±76","4.5%","±2.9","71","±41","1.9%","±1.1","19","±23","0.6%","±0.7","145","±77","5.3%","±2.8","0","±12","-","**","63","±33","1.6%","±0.8","72","±57","1.7%","±1.4","119","±67","2.7%","±1.5","47","±62","1.9%","±2.5"
"        Child","882","±135","27.0%","±4.2","1,128","±189","31.8%","±5.2","979","±141","36.6%","±5.4","768","±154","25.2%","±4.3","539","±147","22.6%","±5.8","388","±104","19.2%","±4.8","577","±182","21.8%","±5.8","1,225","±257","33.0%","±5.3","1,077","±246","34.3%","±6.6","666","±138","24.3%","±4.9","0","±12","-","**","987","±163","25.1%","±4.2","1,205","±310","29.1%","±7.5","1,378","±301","30.8%","±5.4","685","±198","28.3%","±7.0"
"        Other relatives","291","±287","8.9%","±8.8","122","±120","3.4%","±3.4","133","±91","5.0%","±3.4","232","±85","7.6%","±2.7","155","±113","6.5%","±4.7","170","±93","8.4%","±4.3","289","±210","10.9%","±7.7","292","±159","7.9%","±4.2","352","±124","11.2%","±4.0","120","±87","4.4%","±3.2","0","±12","-","**","299","±102","7.6%","±2.6","309","±217","7.5%","±5.3","203","±123","4.5%","±2.7","58","±56","2.4%","±2.3"
"        Other nonrelatives","135","±104","4.1%","±3.2","292","±246","8.2%","±6.9","170","±70","6.4%","±2.6","208","±99","6.8%","±3.2","68","±64","2.9%","±2.7","56","±40","2.8%","±1.9","313","±209","11.8%","±7.6","175","±147","4.7%","±3.9","94","±123","3.0%","±4.0","190","±158","6.9%","±5.7","0","±12","-","**","94","±105","2.4%","±2.7","406","±318","9.8%","±7.5","127","±118","2.8%","±2.6","172","±318","7.1%","±12.5"
"MARITAL STATUS","","","","","","","","","","","","","","","","","","","","","","","","","","","","","","","","","","","","","","","","","","","","","","","","","","","","","","","","","","","",""
"    Males 15 years and over","1,453","±123","1,453","(X)","1,338","±186","1,338","(X)","1,040","±143","1,040","(X)","1,363","±119","1,363","(X)","1,167","±127","1,167","(X)","847","±113","847","(X)","1,133","±176","1,133","(X)","1,424","±213","1,424","(X)","1,376","±201","1,376","(X)","1,209","±144","1,209","(X)","2,595","±275","2,595","(X)","1,711","±132","1,711","(X)","1,963","±249","1,963","(X)","1,697","±261","1,697","(X)","1,129","±262","1,129","(X)"
"        Never married","352","±134","24.2%","±7.9","398","±135","29.7%","±8.0","432","±127","41.5%","±9.3","450","±101","33.0%","±5.3","331","±120","28.4%","±9.6","177","±78","20.9%","±8.1","427","±184","37.7%","±13.8","506","±181","35.5%","±8.7","525","±189","38.2%","±10.6","503","±144","41.6%","±10.0","1,983","±241","76.4%","±4.0","503","±145","29.4%","±7.1","1,117","±323","56.9%","±13.2","682","±238","40.2%","±9.7","460","±217","40.7%","±11.8"
"        Now married, except separated","912","±111","62.8%","±8.8","776","±122","58.0%","±8.7","463","±93","44.5%","±8.4","664","±70","48.7%","±6.1","561","±107","48.1%","±9.8","547","±90","64.6%","±9.5","484","±133","42.7%","±13.6","672","±140","47.2%","±10.2","702","±140","51.0%","±11.5","442","±86","36.6%","±7.8","330","±94","12.7%","±3.3","898","±108","52.5%","±7.5","471","±166","24.0%","±9.4","842","±158","49.6%","±9.6","488","±81","43.2%","±10.4"
"        Separated","31","±50","2.1%","±3.4","0","±12","0.0%","±2.4","31","±28","3.0%","±2.6","9","±9","0.7%","±0.7","0","±12","0.0%","±2.7","4","±5","0.5%","±0.6","24","±31","2.1%","±2.8","34","±34","2.4%","±2.4","17","±22","1.2%","±1.6","20","±32","1.7%","±2.6","64","±32","2.5%","±1.2","78","±65","4.6%","±3.9","19","±26","1.0%","±1.4","18","±27","1.1%","±1.7","11","±16","1.0%","±1.5"
"        Widowed","54","±52","3.7%","±3.5","94","±59","7.0%","±4.3","33","±38","3.2%","±3.6","19","±14","1.4%","±1.0","41","±31","3.5%","±2.7","30","±23","3.5%","±2.6","32","±28","2.8%","±2.4","67","±55","4.7%","±3.9","57","±55","4.1%","±3.8","74","±48","6.1%","±4.1","18","±18","0.7%","±0.7","86","±54","5.0%","±3.2","109","±129","5.6%","±6.4","43","±37","2.5%","±2.1","65","±45","5.8%","±4.0"
"        Divorced","104","±62","7.2%","±4.2","70","±58","5.2%","±4.1","81","±39","7.8%","±3.9","221","±63","16.2%","±4.3","234","±130","20.1%","±10.5","89","±42","10.5%","±4.4","166","±109","14.7%","±8.8","145","±106","10.2%","±7.4","75","±61","5.5%","±4.2","170","±106","14.1%","±8.2","200","±59","7.7%","±2.2","146","±69","8.5%","±3.9","247","±132","12.6%","±6.5","112","±51","6.6%","±3.1","105","±80","9.3%","±6.5"
"    Females 15 years and over","1,447","±134","1,447","(X)","1,422","±152","1,422","(X)","1,212","±105","1,212","(X)","1,391","±127","1,391","(X)","1,150","±156","1,150","(X)","969","±119","969","(X)","1,227","±222","1,227","(X)","1,733","±236","1,733","(X)","1,235","±174","1,235","(X)","1,095","±123","1,095","(X)","0","±12","0","(X)","1,732","±109","1,732","(X)","1,908","±218","1,908","(X)","1,859","±215","1,859","(X)","1,185","±176","1,185","(X)"
"        Never married","381","±141","26.3%","±8.0","282","±91","19.8%","±5.7","534","±122","44.1%","±8.6","313","±95","22.5%","±5.7","241","±104","21.0%","±8.7","142","±65","14.7%","±6.4","402","±163","32.8%","±10.5","544","±204","31.4%","±9.4","294","±113","23.8%","±7.8","259","±116","23.7%","±9.6","0","±12","-","**","422","±106","24.4%","±5.7","930","±252","48.7%","±11.3","635","±221","34.2%","±9.7","267","±136","22.5%","±10.0"
"        Now married, except separated","822","±114","56.8%","±9.3","706","±92","49.6%","±7.5","465","±86","38.4%","±7.8","680","±74","48.9%","±7.2","477","±99","41.5%","±9.9","495","±90","51.1%","±9.4","609","±166","49.6%","±10.8","873","±172","50.4%","±8.3","759","±133","61.5%","±8.5","489","±101","44.7%","±8.9","0","±12","-","**","939","±117","54.2%","±6.1","451","±151","23.6%","±8.2","924","±168","49.7%","±9.8","532","±126","44.9%","±11.5"
"        Separated","0","±12","0.0%","±2.2","8","±13","0.6%","±0.9","14","±19","1.2%","±1.6","43","±26","3.1%","±1.9","22","±33","1.9%","±2.8","10","±14","1.0%","±1.4","0","±12","0.0%","±2.6","47","±45","2.7%","±2.6","8","±12","0.6%","±1.0","10","±16","0.9%","±1.4","0","±12","-","**","68","±42","3.9%","±2.4","55","±55","2.9%","±2.8","18","±22","1.0%","±1.2","31","±43","2.6%","±3.6"
"        Widowed","162","±128","11.2%","±8.8","123","±70","8.6%","±4.6","91","±43","7.5%","±3.4","165","±59","11.9%","±3.9","158","±115","13.7%","±9.5","197","±91","20.3%","±8.1","104","±64","8.5%","±4.9","147","±83","8.5%","±4.9","123","±65","10.0%","±5.1","198","±77","18.1%","±6.9","0","±12","-","**","108","±49","6.2%","±2.8","222","±122","11.6%","±6.1","194","±109","10.4%","±5.6","248","±102","20.9%","±7.9"
"        Divorced","82","±61","5.7%","±4.2","303","±122","21.3%","±7.5","108","±54","8.9%","±4.3","190","±75","13.7%","±4.8","252","±153","21.9%","±12.1","125","±51","12.9%","±5.0","112","±79","9.1%","±6.8","122","±59","7.0%","±3.6","51","±34","4.1%","±2.7","139","±65","12.7%","±5.6","0","±12","-","**","195","±115","11.3%","±6.7","250","±122","13.1%","±6.4","88","±52","4.7%","±2.8","107","±61","9.0%","±5.0"
"FERTILITY","","","","","","","","","","","","","","","","","","","","","","","","","","","","","","","","","","","","","","","","","","","","","","","","","","","","","","","","","","","",""
"    Number of women 15 to 50 years old who had a birth in the past 12 months","23","±30","23","(X)","28","±22","28","(X)","28","±25","28","(X)","10","±8","10","(X)","15","±18","15","(X)","37","±26","37","(X)","0","±12","0","(X)","21","±31","21","(X)","29","±28","29","(X)","22","±25","22","(X)","0","±12","0","(X)","2","±5","2","(X)","4","±10","4","(X)","41","±47","41","(X)","25","±37","25","(X)"
"        Unmarried women (widowed, divorced, and never married)","0","±12","0.0%","±61.8","0","±12","0.0%","±56.0","12","±18","42.9%","±49.6","0","±12","0.0%","±93.8","0","±12","0.0%","±76.6","5","±6","13.5%","±18.5","0","±12","-","**","0","±12","0.0%","±64.7","11","±16","37.9%","±49.7","11","±19","50.0%","±50.0","0","±12","-","**","0","±12","0.0%","±100.0","0","±12","0.0%","±100.0","0","±12","0.0%","±46.3","0","±12","0.0%","±59.3"
"            Per 1,000 unmarried women","0","±79","(X)","(X)","0","±81","(X)","(X)","21","±33","(X)","(X)","0","±87","(X)","(X)","0","±157","(X)","(X)","30","±42","(X)","(X)","0","±67","(X)","(X)","0","±66","(X)","(X)","38","±57","(X)","(X)","42","±75","(X)","(X)","-","**","(X)","(X)","0","±70","(X)","(X)","0","±40","(X)","(X)","0","±64","(X)","(X)","0","±236","(X)","(X)"
"        Per 1,000 women 15 to 50 years old","31","±38","(X)","(X)","45","±37","(X)","(X)","35","±32","(X)","(X)","17","±15","(X)","(X)","39","±50","(X)","(X)","112","±79","(X)","(X)","0","±49","(X)","(X)","25","±40","(X)","(X)","52","±52","(X)","(X)","48","±54","(X)","(X)","-","**","(X)","(X)","3","±7","(X)","(X)","4","±10","(X)","(X)","44","±51","(X)","(X)","60","±90","(X)","(X)"
"        Per 1,000 women 15 to 19 years old","0","±186","(X)","(X)","0","±248","(X)","(X)","0","±208","(X)","(X)","0","±370","(X)","(X)","0","±447","(X)","(X)","0","±447","(X)","(X)","0","±463","(X)","(X)","0","±305","(X)","(X)","0","±287","(X)","(X)","0","±415","(X)","(X)","-","**","(X)","(X)","0","±327","(X)","(X)","0","±135","(X)","(X)","0","±226","(X)","(X)","0","±380","(X)","(X)"
"        Per 1,000 women 20 to 34 years old","123","±137","(X)","(X)","44","±71","(X)","(X)","71","±82","(X)","(X)","19","±24","(X)","(X)","67","±107","(X)","(X)","272","±160","(X)","(X)","0","±103","(X)","(X)","0","±94","(X)","(X)","101","±104","(X)","(X)","134","±149","(X)","(X)","-","**","(X)","(X)","5","±13","(X)","(X)","9","±24","(X)","(X)","33","±53","(X)","(X)","373","±446","(X)","(X)"
"        Per 1,000 women 35 to 50 years old","0","±77","(X)","(X)","63","±66","(X)","(X)","28","±42","(X)","(X)","20","±23","(X)","(X)","23","±34","(X)","(X)","0","±192","(X)","(X)","0","±99","(X)","(X)","48","±75","(X)","(X)","0","±165","(X)","(X)","0","±123","(X)","(X)","-","**","(X)","(X)","0","±129","(X)","(X)","0","±81","(X)","(X)","62","±90","(X)","(X)","0","±107","(X)","(X)"
"GRANDPARENTS","","","","","","","","","","","","","","","","","","","","","","","","","","","","","","","","","","","","","","","","","","","","","","","","","","","","","","","","","","","",""
"    Number of grandparents living with own grandchildren under 18 years","73","±82","73","(X)","0","±12","0","(X)","37","±34","37","(X)","54","±27","54","(X)","0","±12","0","(X)","17","±17","17","(X)","128","±108","128","(X)","60","±63","60","(X)","137","±118","137","(X)","128","±89","128","(X)","0","±12","0","(X)","85","±67","85","(X)","41","±65","41","(X)","44","±45","44","(X)","24","±39","24","(X)"
"        Grandparents responsible for grandchildren","16","±21","21.9%","±44.0","0","±12","-","**","25","±23","67.6%","±36.7","32","±19","59.3%","±24.3","0","±12","-","**","17","±17","100.0%","±71.9","0","±12","0.0%","±22.2","44","±50","73.3%","±30.4","88","±107","64.2%","±37.1","59","±64","46.1%","±44.1","0","±12","-","**","37","±33","43.5%","±40.7","0","±12","0.0%","±46.3","37","±36","84.1%","±26.8","24","±39","100.0%","±60.5"
"        Years responsible for grandchildren","","","","","","","","","","","","","","","","","","","","","","","","","","","","","","","","","","","","","","","","","","","","","","","","","","","","","","","","","","","",""
"            Less than 1 year","0","±12","0.0%","±34.1","0","±12","-","**","9","±14","24.3%","±28.4","20","±19","37.0%","±30.0","0","±12","-","**","0","±12","0.0%","±71.9","0","±12","0.0%","±22.2","0","±12","0.0%","±38.3","0","±12","0.0%","±20.9","0","±12","0.0%","±22.2","0","±12","-","**","0","±12","0.0%","±30.7","0","±12","0.0%","±46.3","18","±27","40.9%","±54.6","0","±12","0.0%","±60.5"
"            1 or 2 years","16","±21","21.9%","±44.0","0","±12","-","**","4","±6","10.8%","±17.8","12","±11","22.2%","±21.4","0","±12","-","**","0","±12","0.0%","±71.9","0","±12","0.0%","±22.2","0","±12","0.0%","±38.3","13","±20","9.5%","±19.8","34","±56","26.6%","±41.3","0","±12","-","**","18","±25","21.2%","±29.1","0","±12","0.0%","±46.3","0","±12","0.0%","±44.7","24","±39","100.0%","±60.5"
"            3 or 4 years","0","±12","0.0%","±34.1","0","±12","-","**","0","±12","0.0%","±48.8","0","±12","0.0%","±40.4","0","±12","-","**","0","±12","0.0%","±71.9","0","±12","0.0%","±22.2","0","±12","0.0%","±38.3","0","±12","0.0%","±20.9","14","±23","10.9%","±18.9","0","±12","-","**","3","±5","3.5%","±6.2","0","±12","0.0%","±46.3","12","±20","27.3%","±47.2","0","±12","0.0%","±60.5"
"            5 or more years","0","±12","0.0%","±34.1","0","±12","-","**","12","±15","32.4%","±35.1","0","±12","0.0%","±40.4","0","±12","-","**","17","±17","100.0%","±71.9","0","±12","0.0%","±22.2","44","±50","73.3%","±30.4","75","±110","54.7%","±49.4","11","±21","8.6%","±16.1","0","±12","-","**","16","±20","18.8%","±27.4","0","±12","0.0%","±46.3","7","±17","15.9%","±27.3","0","±12","0.0%","±60.5"
"    Number of grandparents responsible for own grandchildren under 18 years","16","±21","16","(X)","0","±12","0","(X)","25","±23","25","(X)","32","±19","32","(X)","0","±12","0","(X)","17","±17","17","(X)","0","±12","0","(X)","44","±50","44","(X)","88","±107","88","(X)","59","±64","59","(X)","0","±12","0","(X)","37","±33","37","(X)","0","±12","0","(X)","37","±36","37","(X)","24","±39","24","(X)"
"        Who are female","0","±12","0.0%","±74.1","0","±12","-","**","13","±11","52.0%","±8.6","23","±14","71.9%","±21.5","0","±12","-","**","17","±17","100.0%","±71.9","0","±12","-","**","14","±20","31.8%","±55.8","68","±81","77.3%","±16.1","39","±56","66.1%","±45.7","0","±12","-","**","20","±18","54.1%","±17.3","0","±12","-","**","19","±24","51.4%","±51.4","13","±21","54.2%","±8.6"
"        Who are married","0","±12","0.0%","±74.1","0","±12","-","**","25","±23","100.0%","±59.3","32","±19","100.0%","±52.4","0","±12","-","**","0","±12","0.0%","±71.9","0","±12","-","**","14","±20","31.8%","±55.8","75","±110","85.2%","±43.5","25","±32","42.4%","±53.7","0","±12","-","**","33","±32","89.2%","±22.1","0","±12","-","**","7","±17","18.9%","±40.8","24","±39","100.0%","±60.5"
"SCHOOL ENROLLMENT","","","","","","","","","","","","","","","","","","","","","","","","","","","","","","","","","","","","","","","","","","","","","","","","","","","","","","","","","","","",""
"    Population 3 years and over enrolled in school","506","±112","506","(X)","801","±257","801","(X)","558","±112","558","(X)","344","±80","344","(X)","324","±126","324","(X)","251","±70","251","(X)","301","±152","301","(X)","837","±215","837","(X)","447","±99","447","(X)","539","±125","539","(X)","0","±12","0","(X)","639","±125","639","(X)","568","±226","568","(X)","974","±286","974","(X)","416","±121","416","(X)"
"        Nursery school, preschool","66","±57","13.0%","±10.6","20","±23","2.5%","±2.9","29","±20","5.2%","±3.8","0","±12","0.0%","±9.0","67","±46","20.7%","±9.2","5","±7","2.0%","±2.6","18","±29","6.0%","±8.8","47","±47","5.6%","±5.5","0","±12","0.0%","±7.0","44","±39","8.2%","±7.4","0","±12","-","**","59","±48","9.2%","±6.5","14","±27","2.5%","±4.8","89","±105","9.1%","±11.9","9","±15","2.2%","±3.6"
"        Kindergarten","14","±14","2.8%","±2.8","56","±39","7.0%","±5.9","28","±24","5.0%","±4.5","8","±6","2.3%","±1.7","0","±12","0.0%","±9.5","0","±12","0.0%","±12.1","6","±9","2.0%","±3.2","78","±50","9.3%","±6.0","32","±28","7.2%","±6.2","9","±17","1.7%","±3.1","0","±12","-","**","55","±50","8.6%","±7.9","9","±16","1.6%","±2.9","41","±52","4.2%","±5.4","52","±42","12.5%","±10.7"
"        Elementary school (grades 1-8)","206","±81","40.7%","±12.4","376","±184","46.9%","±11.5","206","±63","36.9%","±11.0","159","±61","46.2%","±13.7","101","±49","31.2%","±9.2","126","±42","50.2%","±14.2","168","±115","55.8%","±21.8","370","±122","44.2%","±12.6","243","±76","54.4%","±11.5","255","±130","47.3%","±18.0","0","±12","-","**","310","±89","48.5%","±9.0","108","±75","19.0%","±12.5","451","±205","46.3%","±13.1","168","±90","40.4%","±19.7"
"        High school (grades 9-12)","136","±62","26.9%","±12.9","253","±121","31.6%","±11.2","233","±105","41.8%","±14.0","78","±28","22.7%","±6.7","64","±42","19.8%","±13.2","55","±35","21.9%","±11.7","45","±34","15.0%","±10.4","65","±50","7.8%","±5.4","149","±65","33.3%","±12.7","114","±63","21.2%","±12.3","0","±12","-","**","91","±38","14.2%","±6.4","336","±191","59.2%","±22.2","284","±131","29.2%","±9.7","86","±56","20.7%","±11.9"
"        College or graduate school","84","±54","16.6%","±9.1","96","±61","12.0%","±8.3","62","±38","11.1%","±6.3","99","±45","28.8%","±10.9","92","±60","28.4%","±15.7","65","±49","25.9%","±16.7","64","±69","21.3%","±20.4","277","±160","33.1%","±15.0","23","±23","5.1%","±5.0","117","±66","21.7%","±11.8","0","±12","-","**","124","±63","19.4%","±9.2","101","±88","17.8%","±15.2","109","±94","11.2%","±9.2","101","±68","24.3%","±12.7"
"EDUCATIONAL ATTAINMENT","","","","","","","","","","","","","","","","","","","","","","","","","","","","","","","","","","","","","","","","","","","","","","","","","","","","","","","","","","","",""
"    Population 25 years and over","2,453","±130","2,453","(X)","2,423","±249","2,423","(X)","1,801","±132","1,801","(X)","2,410","±156","2,410","(X)","2,087","±142","2,087","(X)","1,681","±166","1,681","(X)","2,144","±304","2,144","(X)","2,758","±292","2,758","(X)","2,265","±222","2,265","(X)","2,055","±116","2,055","(X)","1,836","±211","1,836","(X)","2,949","±145","2,949","(X)","3,261","±386","3,261","(X)","3,180","±268","3,180","(X)","2,056","±328","2,056","(X)"
"        Less than 9th grade","59","±61","2.4%","±2.5","20","±23","0.8%","±1.0","62","±73","3.4%","±4.1","101","±41","4.2%","±1.7","0","±12","0.0%","±1.5","22","±18","1.3%","±1.1","21","±27","1.0%","±1.3","116","±133","4.2%","±4.8","69","±67","3.0%","±2.9","142","±106","6.9%","±5.0","159","±65","8.7%","±3.5","93","±52","3.2%","±1.8","309","±208","9.5%","±6.2","83","±67","2.6%","±2.1","121","±96","5.9%","±4.5"
"        9th to 12th grade, no diploma","133","±73","5.4%","±2.9","110","±67","4.5%","±2.7","62","±33","3.4%","±1.9","155","±49","6.4%","±2.1","46","±33","2.2%","±1.6","44","±26","2.6%","±1.5","220","±161","10.3%","±7.1","194","±123","7.0%","±4.4","404","±165","17.8%","±7.0","137","±66","6.7%","±3.2","849","±141","46.2%","±6.2","189","±62","6.4%","±2.1","293","±201","9.0%","±6.2","360","±136","11.3%","±4.3","136","±113","6.6%","±5.4"
"        High school graduate (includes equivalency)","1,050","±160","42.8%","±6.5","909","±196","37.5%","±6.7","752","±158","41.8%","±7.6","978","±159","40.6%","±5.5","833","±181","39.9%","±7.9","597","±144","35.5%","±7.1","978","±243","45.6%","±11.0","978","±224","35.5%","±6.8","916","±222","40.4%","±9.0","767","±170","37.3%","±8.5","617","±128","33.6%","±5.5","1,108","±153","37.6%","±5.2","1,405","±346","43.1%","±7.8","1,128","±229","35.5%","±6.8","673","±225","32.7%","±8.6"
"        Some college, no degree","284","±94","11.6%","±3.8","274","±77","11.3%","±3.3","219","±77","12.2%","±4.3","434","±93","18.0%","±3.6","386","±185","18.5%","±8.5","277","±90","16.5%","±4.7","318","±109","14.8%","±5.0","452","±139","16.4%","±5.5","241","±107","10.6%","±4.9","395","±112","19.2%","±5.4","96","±50","5.2%","±2.5","619","±167","21.0%","±5.6","228","±110","7.0%","±3.3","471","±160","14.8%","±4.6","294","±108","14.3%","±4.6"
"        Associate's degree","312","±106","12.7%","±4.2","425","±108","17.5%","±4.3","295","±107","16.4%","±6.2","224","±55","9.3%","±2.2","374","±152","17.9%","±7.7","182","±60","10.8%","±3.5","328","±202","15.3%","±8.8","316","±158","11.5%","±5.8","193","±97","8.5%","±4.2","245","±97","11.9%","±4.7","86","±44","4.7%","±2.3","344","±106","11.7%","±3.5","361","±164","11.1%","±5.0","223","±105","7.0%","±3.2","261","±99","12.7%","±4.6"
"        Bachelor's degree","269","±110","11.0%","±4.4","357","±125","14.7%","±4.6","227","±64","12.6%","±3.3","294","±65","12.2%","±2.6","246","±112","11.8%","±5.2","210","±64","12.5%","±3.8","184","±109","8.6%","±4.7","489","±196","17.7%","±6.4","248","±108","10.9%","±4.8","226","±95","11.0%","±4.5","17","±14","0.9%","±0.8","316","±86","10.7%","±2.8","438","±215","13.4%","±6.8","485","±161","15.3%","±4.9","358","±141","17.4%","±6.4"
"        Graduate or professional degree","346","±117","14.1%","±4.7","328","±105","13.5%","±4.0","184","±60","10.2%","±3.2","224","±52","9.3%","±2.3","202","±80","9.7%","±4.0","349","±92","20.8%","±5.5","95","±65","4.4%","±3.1","213","±108","7.7%","±3.7","194","±98","8.6%","±4.1","143","±68","7.0%","±3.4","12","±17","0.7%","±0.9","280","±92","9.5%","±3.0","227","±111","7.0%","±3.3","430","±133","13.5%","±4.0","213","±113","10.4%","±6.0"
"        High school graduate or higher","2,261","±132","92.2%","±3.7","2,293","±240","94.6%","±2.7","1,677","±155","93.1%","±4.4","2,154","±160","89.4%","±2.9","2,041","±141","97.8%","±1.6","1,615","±168","96.1%","±1.9","1,903","±292","88.8%","±7.3","2,448","±313","88.8%","±6.6","1,792","±246","79.1%","±8.4","1,776","±116","86.4%","±5.7","828","±163","45.1%","±6.5","2,667","±157","90.4%","±2.9","2,659","±411","81.5%","±7.8","2,737","±295","86.1%","±4.8","1,799","±308","87.5%","±6.8"
"        Bachelor's degree or higher","615","±144","25.1%","±5.8","685","±178","28.3%","±6.3","411","±101","22.8%","±5.1","518","±84","21.5%","±3.6","448","±113","21.5%","±5.3","559","±121","33.3%","±7.3","279","±133","13.0%","±5.8","702","±247","25.5%","±7.8","442","±158","19.5%","±6.6","369","±128","18.0%","±6.1","29","±24","1.6%","±1.3","596","±123","20.2%","±3.9","665","±244","20.4%","±7.6","915","±222","28.8%","±6.6","571","±166","27.8%","±8.3"
"VETERAN STATUS","","","","","","","","","","","","","","","","","","","","","","","","","","","","","","","","","","","","","","","","","","","","","","","","","","","","","","","","","","","",""
"    Civilian population 18 years and over","2,742","±96","2,742","(X)","2,595","±249","2,595","(X)","2,043","±108","2,043","(X)","2,658","±165","2,658","(X)","2,287","±125","2,287","(X)","1,763","±172","1,763","(X)","2,327","±308","2,327","(X)","3,134","±322","3,134","(X)","2,468","±225","2,468","(X)","2,152","±123","2,152","(X)","2,518","±268","2,518","(X)","3,381","±107","3,381","(X)","3,827","±286","3,827","(X)","3,357","±306","3,357","(X)","2,241","±345","2,241","(X)"
"        Civilian veterans","367","±100","13.4%","±3.6","267","±82","10.3%","±2.7","110","±43","5.4%","±2.1","227","±57","8.5%","±2.2","304","±131","13.3%","±5.9","165","±51","9.4%","±2.8","196","±93","8.4%","±4.2","313","±118","10.0%","±3.6","169","±86","6.8%","±3.4","165","±87","7.7%","±4.0","29","±28","1.2%","±1.1","315","±83","9.3%","±2.4","277","±143","7.2%","±3.9","267","±121","8.0%","±3.5","154","±75","6.9%","±3.2"
"DISABILITY STATUS OF THE CIVILIAN NONINSTITUTIONALIZED POPULATION","","","","","","","","","","","","","","","","","","","","","","","","","","","","","","","","","","","","","","","","","","","","","","","","","","","","","","","","","","","",""
"    Total Civilian Noninstitutionalized Population","3,269","±22","3,269","(X)","3,562","±53","3,562","(X)","2,663","±42","2,663","(X)","3,036","±179","3,036","(X)","2,636","±14","2,636","(X)","2,026","±178","2,026","(X)","2,649","±332","2,649","(X)","3,774","±332","3,774","(X)","3,142","±286","3,142","(X)","2,741","±85","2,741","(X)","0","±12","0","(X)","3,949","±20","3,949","(X)","4,162","±243","4,162","(X)","4,473","±362","4,473","(X)","2,419","±395","2,419","(X)"
"        With a disability","300","±112","9.2%","±3.4","300","±115","8.4%","±3.2","324","±119","12.2%","±4.5","517","±91","17.0%","±2.8","373","±170","14.2%","±6.5","265","±76","13.1%","±3.6","354","±159","13.4%","±5.4","481","±164","12.7%","±4.4","310","±100","9.9%","±3.1","601","±143","21.9%","±5.1","0","±12","-","**","579","±204","14.7%","±5.2","858","±320","20.6%","±7.2","585","±178","13.1%","±4.0","340","±138","14.1%","±5.3"
"    Under 18 years","527","±95","527","(X)","967","±244","967","(X)","620","±98","620","(X)","378","±89","378","(X)","349","±126","349","(X)","263","±64","263","(X)","322","±149","322","(X)","640","±158","640","(X)","674","±154","674","(X)","589","±105","589","(X)","0","±12","0","(X)","568","±105","568","(X)","381","±182","381","(X)","1,116","±269","1,116","(X)","425","±106","425","(X)"
"        With a disability","18","±23","3.4%","±4.4","0","±12","0.0%","±3.3","41","±48","6.6%","±7.7","21","±16","5.6%","±4.3","13","±19","3.7%","±5.1","0","±12","0.0%","±11.6","0","±12","0.0%","±9.6","41","±35","6.4%","±5.0","0","±12","0.0%","±4.7","75","±53","12.7%","±8.3","0","±12","-","**","0","±12","0.0%","±5.6","10","±26","2.6%","±6.6","0","±12","0.0%","±2.9","11","±19","2.6%","±4.2"
"    18 to 64 years","1,995","±201","1,995","(X)","1,926","±198","1,926","(X)","1,633","±103","1,633","(X)","1,761","±169","1,761","(X)","1,427","±217","1,427","(X)","1,042","±152","1,042","(X)","1,882","±286","1,882","(X)","2,425","±301","2,425","(X)","1,897","±244","1,897","(X)","1,496","±166","1,496","(X)","0","±12","0","(X)","2,366","±152","2,366","(X)","2,848","±306","2,848","(X)","2,515","±276","2,515","(X)","1,447","±321","1,447","(X)"
"        With a disability","240","±109","12.0%","±5.8","131","±87","6.8%","±4.5","176","±86","10.8%","±5.2","218","±70","12.4%","±3.6","127","±117","8.9%","±8.0","39","±21","3.7%","±2.0","168","±113","8.9%","±5.7","273","±133","11.3%","±5.3","148","±70","7.8%","±3.6","357","±98","23.9%","±6.4","0","±12","-","**","356","±202","15.0%","±8.2","573","±307","20.1%","±9.9","339","±135","13.5%","±5.0","182","±100","12.6%","±6.7"
"    65 years and over","747","±184","747","(X)","669","±141","669","(X)","410","±78","410","(X)","897","±128","897","(X)","860","±231","860","(X)","721","±133","721","(X)","445","±117","445","(X)","709","±148","709","(X)","571","±136","571","(X)","656","±140","656","(X)","0","±12","0","(X)","1,015","±148","1,015","(X)","933","±264","933","(X)","842","±159","842","(X)","547","±113","547","(X)"
"        With a disability","42","±28","5.6%","±3.9","169","±82","25.3%","±10.6","107","±51","26.1%","±11.7","278","±68","31.0%","±6.4","233","±121","27.1%","±12.7","226","±72","31.3%","±7.3","186","±73","41.8%","±12.4","167","±92","23.6%","±12.2","162","±71","28.4%","±12.7","169","±81","25.8%","±12.1","0","±12","-","**","223","±77","22.0%","±7.2","275","±157","29.5%","±14.3","246","±120","29.2%","±12.4","147","±68","26.9%","±10.3"
"RESIDENCE 1 YEAR AGO","","","","","","","","","","","","","","","","","","","","","","","","","","","","","","","","","","","","","","","","","","","","","","","","","","","","","","","","","","","",""
"    Population 1 year and over","3,269","±22","3,269","(X)","3,520","±63","3,520","(X)","2,648","±44","2,648","(X)","3,031","±178","3,031","(X)","2,625","±21","2,625","(X)","1,983","±174","1,983","(X)","2,649","±332","2,649","(X)","3,756","±339","3,756","(X)","3,108","±285","3,108","(X)","2,689","±101","2,689","(X)","2,595","±275","2,595","(X)","3,946","±21","3,946","(X)","4,196","±241","4,196","(X)","4,432","±359","4,432","(X)","2,653","±375","2,653","(X)"
"        Same house","3,126","±128","95.6%","±3.9","3,475","±71","98.7%","±1.0","2,379","±155","89.8%","±5.3","2,870","±180","94.7%","±1.7","2,507","±98","95.5%","±3.6","1,836","±174","92.6%","±4.2","2,483","±343","93.7%","±4.4","3,532","±339","94.0%","±3.8","2,895","±297","93.1%","±4.5","2,506","±126","93.2%","±3.9","2,534","±258","97.6%","±1.7","3,737","±117","94.7%","±2.9","3,771","±323","89.9%","±5.1","4,151","±366","93.7%","±3.4","2,378","±318","89.6%","±8.6"
"        Different house in the U.S.","143","±129","4.4%","±3.9","45","±37","1.3%","±1.0","269","±140","10.2%","±5.3","154","±51","5.1%","±1.7","44","±39","1.7%","±1.5","147","±84","7.4%","±4.2","166","±115","6.3%","±4.4","215","±144","5.7%","±3.8","160","±126","5.1%","±4.1","183","±106","6.8%","±3.9","61","±47","2.4%","±1.7","206","±114","5.2%","±2.9","425","±215","10.1%","±5.1","253","±147","5.7%","±3.3","275","±248","10.4%","±8.6"
"            Same county","63","±85","1.9%","±2.6","9","±13","0.3%","±0.4","101","±53","3.8%","±2.0","38","±22","1.3%","±0.8","29","±34","1.1%","±1.3","93","±80","4.7%","±4.0","108","±99","4.1%","±3.8","110","±82","2.9%","±2.1","42","±49","1.4%","±1.6","148","±97","5.5%","±3.6","0","±12","0.0%","±1.2","151","±107","3.8%","±2.7","231","±184","5.5%","±4.4","139","±121","3.1%","±2.7","184","±196","6.9%","±6.9"
"            Different county","80","±105","2.4%","±3.2","36","±35","1.0%","±1.0","168","±115","6.3%","±4.4","116","±46","3.8%","±1.5","15","±22","0.6%","±0.8","54","±39","2.7%","±1.9","58","±62","2.2%","±2.3","105","±111","2.8%","±2.9","118","±106","3.8%","±3.4","35","±36","1.3%","±1.3","61","±47","2.4%","±1.7","55","±39","1.4%","±1.0","194","±119","4.6%","±2.9","114","±67","2.6%","±1.5","91","±90","3.4%","±3.3"
"                Same state","80","±105","2.4%","±3.2","21","±26","0.6%","±0.7","100","±67","3.8%","±2.6","106","±44","3.5%","±1.4","15","±22","0.6%","±0.8","48","±38","2.4%","±1.9","0","±12","0.0%","±1.2","95","±106","2.5%","±2.8","117","±106","3.8%","±3.4","29","±35","1.1%","±1.3","61","±47","2.4%","±1.7","43","±38","1.1%","±1.0","164","±101","3.9%","±2.4","50","±46","1.1%","±1.0","70","±85","2.6%","±3.1"
"                Different state","0","±12","0.0%","±1.0","15","±24","0.4%","±0.7","68","±87","2.6%","±3.3","10","±15","0.3%","±0.5","0","±12","0.0%","±1.2","6","±8","0.3%","±0.4","58","±62","2.2%","±2.3","10","±21","0.3%","±0.6","1","±4","0.0%","±0.1","6","±10","0.2%","±0.4","0","±12","0.0%","±1.2","12","±10","0.3%","±0.2","30","±34","0.7%","±0.8","64","±44","1.4%","±1.0","21","±29","0.8%","±1.1"
"        Abroad","0","±12","0.0%","±1.0","0","±12","0.0%","±0.9","0","±12","0.0%","±1.2","7","±9","0.2%","±0.3","74","±92","2.8%","±3.5","0","±12","0.0%","±1.6","0","±12","0.0%","±1.2","9","±14","0.2%","±0.4","53","±78","1.7%","±2.5","0","±12","0.0%","±1.2","0","±12","0.0%","±1.2","3","±6","0.1%","±0.1","0","±12","0.0%","±0.8","28","±44","0.6%","±1.0","0","±12","0.0%","±1.2"
"PLACE OF BIRTH","","","","","","","","","","","","","","","","","","","","","","","","","","","","","","","","","","","","","","","","","","","","","","","","","","","","","","","","","","","",""
"    Total population","3,269","±22","3,269","(X)","3,562","±53","3,562","(X)","2,672","±40","2,672","(X)","3,042","±178","3,042","(X)","2,636","±14","2,636","(X)","2,026","±178","2,026","(X)","2,649","±332","2,649","(X)","3,774","±332","3,774","(X)","3,142","±286","3,142","(X)","2,748","±92","2,748","(X)","2,595","±275","2,595","(X)","3,949","±20","3,949","(X)","4,208","±244","4,208","(X)","4,473","±362","4,473","(X)","2,679","±376","2,679","(X)"
"        Native","3,212","±44","98.3%","±1.3","3,359","±125","94.3%","±3.3","2,577","±56","96.4%","±1.5","2,858","±183","94.0%","±2.4","2,264","±204","85.9%","±7.6","1,834","±178","90.5%","±3.0","2,514","±319","94.9%","±4.4","3,565","±338","94.5%","±2.6","3,077","±281","97.9%","±1.8","2,569","±137","93.5%","±3.5","2,292","±257","88.3%","±2.8","3,583","±122","90.7%","±3.0","3,979","±280","94.6%","±3.5","4,217","±361","94.3%","±2.8","2,524","±365","94.2%","±4.3"
"            Born in United States","3,212","±44","98.3%","±1.3","3,329","±141","93.5%","±3.8","2,547","±60","95.3%","±1.9","2,828","±181","93.0%","±2.4","2,166","±240","82.2%","±9.0","1,788","±191","88.3%","±4.0","2,427","±299","91.6%","±4.8","3,505","±340","92.9%","±3.0","2,938","±319","93.5%","±5.9","2,553","±144","92.9%","±3.9","2,092","±241","80.6%","±3.3","3,578","±121","90.6%","±3.0","3,979","±280","94.6%","±3.5","4,172","±359","93.3%","±3.0","2,524","±365","94.2%","±4.3"
"                State of residence","2,905","±104","88.9%","±3.1","3,101","±158","87.1%","±4.4","2,100","±154","78.6%","±5.7","2,389","±171","78.5%","±4.2","1,892","±243","71.8%","±9.2","1,494","±182","73.7%","±5.2","2,159","±281","81.5%","±5.5","3,194","±320","84.6%","±4.3","2,650","±354","84.3%","±7.5","2,250","±160","81.9%","±5.1","1,937","±223","74.6%","±3.9","3,166","±138","80.2%","±3.5","3,447","±309","81.9%","±5.0","3,428","±376","76.6%","±5.0","2,209","±373","82.5%","±5.8"
"                Different state","307","±95","9.4%","±2.9","228","±88","6.4%","±2.4","447","±145","16.7%","±5.4","439","±125","14.4%","±3.9","274","±83","10.4%","±3.1","294","±77","14.5%","±3.6","268","±112","10.1%","±4.0","311","±159","8.2%","±4.1","288","±125","9.2%","±4.2","303","±106","11.0%","±3.8","155","±66","6.0%","±2.4","412","±92","10.4%","±2.3","532","±181","12.6%","±4.3","744","±182","16.6%","±4.0","315","±112","11.8%","±4.4"
"            Born in Puerto Rico, U.S. Island areas, or born abroad to American parent(s)","0","±12","0.0%","±1.0","30","±38","0.8%","±1.1","30","±28","1.1%","±1.1","30","±21","1.0%","±0.7","98","±80","3.7%","±3.0","46","±33","2.3%","±1.7","87","±82","3.3%","±3.0","60","±61","1.6%","±1.6","139","±185","4.4%","±5.8","16","±24","0.6%","±0.9","200","±81","7.7%","±3.0","5","±7","0.1%","±0.2","0","±12","0.0%","±0.8","45","±47","1.0%","±1.0","0","±12","0.0%","±1.2"
"        Foreign born","57","±43","1.7%","±1.3","203","±118","5.7%","±3.3","95","±41","3.6%","±1.5","184","±74","6.0%","±2.4","372","±201","14.1%","±7.6","192","±60","9.5%","±3.0","135","±121","5.1%","±4.4","209","±99","5.5%","±2.6","65","±58","2.1%","±1.8","179","±96","6.5%","±3.5","303","±77","11.7%","±2.8","366","±119","9.3%","±3.0","229","±149","5.4%","±3.5","256","±129","5.7%","±2.8","155","±119","5.8%","±4.3"
"U.S. CITIZENSHIP STATUS","","","","","","","","","","","","","","","","","","","","","","","","","","","","","","","","","","","","","","","","","","","","","","","","","","","","","","","","","","","",""
"    Foreign-born population","57","±43","57","(X)","203","±118","203","(X)","95","±41","95","(X)","184","±74","184","(X)","372","±201","372","(X)","192","±60","192","(X)","135","±121","135","(X)","209","±99","209","(X)","65","±58","65","(X)","179","±96","179","(X)","303","±77","303","(X)","366","±119","366","(X)","229","±149","229","(X)","256","±129","256","(X)","155","±119","155","(X)"
"        Naturalized U.S. citizen","41","±38","71.9%","±37.0","185","±112","91.1%","±10.0","89","±39","93.7%","±9.5","141","±54","76.6%","±14.7","332","±190","89.2%","±10.2","138","±41","71.9%","±15.2","22","±24","16.3%","±23.7","130","±70","62.2%","±24.5","53","±52","81.5%","±29.6","134","±89","74.9%","±22.4","107","±50","35.3%","±15.3","294","±109","80.3%","±15.0","223","±149","97.4%","±5.3","240","±130","93.8%","±10.7","139","±116","89.7%","±17.2"
"        Not a U.S. citizen","16","±22","28.1%","±37.0","18","±21","8.9%","±10.0","6","±9","6.3%","±9.5","43","±36","23.4%","±14.7","40","±39","10.8%","±10.2","54","±40","28.1%","±15.2","113","±119","83.7%","±23.7","79","±70","37.8%","±24.5","12","±19","18.5%","±29.6","45","±40","25.1%","±22.4","196","±74","64.7%","±15.3","72","±61","19.7%","±15.0","6","±12","2.6%","±5.3","16","±25","6.3%","±10.7","16","±26","10.3%","±17.2"
"YEAR OF ENTRY","","","","","","","","","","","","","","","","","","","","","","","","","","","","","","","","","","","","","","","","","","","","","","","","","","","","","","","","","","","",""
"    Population born outside the United States","57","±43","57","(X)","233","±135","233","(X)","125","±51","125","(X)","214","±75","214","(X)","470","±238","470","(X)","238","±78","238","(X)","222","±138","222","(X)","269","±112","269","(X)","204","±189","204","(X)","195","±106","195","(X)","503","±100","503","(X)","371","±118","371","(X)","229","±149","229","(X)","301","±139","301","(X)","155","±119","155","(X)"
"        Native","0","±12","0","(X)","30","±38","30","(X)","30","±28","30","(X)","30","±21","30","(X)","98","±80","98","(X)","46","±33","46","(X)","87","±82","87","(X)","60","±61","60","(X)","139","±185","139","(X)","16","±24","16","(X)","200","±81","200","(X)","5","±7","5","(X)","0","±12","0","(X)","45","±47","45","(X)","0","±12","0","(X)"
"            Entered 2010 or later","0","±12","-","**","0","±12","0.0%","±54.1","0","±12","0.0%","±54.1","0","±12","0.0%","±54.1","0","±12","0.0%","±27.6","3","±5","6.5%","±11.5","0","±12","0.0%","±30.2","0","±12","0.0%","±38.3","64","±79","46.0%","±20.0","0","±12","0.0%","±74.1","46","±30","23.0%","±12.2","0","±12","0.0%","±100.0","0","±12","-","**","0","±12","0.0%","±44.2","0","±12","-","**"
"            Entered before 2010","0","±12","-","**","30","±38","100.0%","±54.1","30","±28","100.0%","±54.1","30","±21","100.0%","±54.1","98","±80","100.0%","±27.6","43","±31","93.5%","±11.5","87","±82","100.0%","±30.2","60","±61","100.0%","±38.3","75","±110","54.0%","±20.0","16","±24","100.0%","±74.1","154","±67","77.0%","±12.2","5","±7","100.0%","±100.0","0","±12","-","**","45","±47","100.0%","±44.2","0","±12","-","**"
"        Foreign born","57","±43","57","(X)","203","±118","203","(X)","95","±41","95","(X)","184","±74","184","(X)","372","±201","372","(X)","192","±60","192","(X)","135","±121","135","(X)","209","±99","209","(X)","65","±58","65","(X)","179","±96","179","(X)","303","±77","303","(X)","366","±119","366","(X)","229","±149","229","(X)","256","±129","256","(X)","155","±119","155","(X)"
"            Entered 2010 or later","8","±18","14.0%","±29.6","0","±12","0.0%","±14.8","9","±13","9.5%","±13.6","0","±12","0.0%","±16.1","29","±32","7.8%","±9.0","3","±5","1.6%","±2.9","31","±39","23.0%","±34.6","6","±12","2.9%","±5.7","12","±19","18.5%","±29.6","43","±54","24.0%","±26.7","73","±36","24.1%","±10.9","30","±42","8.2%","±11.7","0","±12","0.0%","±13.2","0","±12","0.0%","±11.9","0","±12","0.0%","±18.8"
"            Entered before 2010","49","±41","86.0%","±29.6","203","±118","100.0%","±14.8","86","±40","90.5%","±13.6","184","±74","100.0%","±16.1","343","±199","92.2%","±9.0","189","±60","98.4%","±2.9","104","±120","77.0%","±34.6","203","±99","97.1%","±5.7","53","±52","81.5%","±29.6","136","±80","76.0%","±26.7","230","±72","75.9%","±10.9","336","±130","91.8%","±11.7","229","±149","100.0%","±13.2","256","±129","100.0%","±11.9","155","±119","100.0%","±18.8"
"WORLD REGION OF BIRTH OF FOREIGN BORN","","","","","","","","","","","","","","","","","","","","","","","","","","","","","","","","","","","","","","","","","","","","","","","","","","","","","","","","","","","",""
"    Foreign-born population, excluding population born at sea","57","±43","57","(X)","203","±118","203","(X)","95","±41","95","(X)","184","±74","184","(X)","372","±201","372","(X)","192","±60","192","(X)","135","±121","135","(X)","209","±99","209","(X)","65","±58","65","(X)","179","±96","179","(X)","303","±77","303","(X)","366","±119","366","(X)","229","±149","229","(X)","256","±129","256","(X)","155","±119","155","(X)"
"        Europe","49","±41","86.0%","±29.6","164","±103","80.8%","±15.6","60","±32","63.2%","±25.2","154","±69","83.7%","±12.1","311","±187","83.6%","±13.4","132","±51","68.8%","±19.9","33","±24","24.4%","±32.2","153","±76","73.2%","±15.8","15","±20","23.1%","±37.4","79","±64","44.1%","±27.3","41","±31","13.5%","±9.3","152","±79","41.5%","±19.1","178","±132","77.7%","±27.5","91","±68","35.5%","±23.2","21","±27","13.5%","±19.1"
"        Asia","0","±12","0.0%","±39.3","33","±35","16.3%","±14.7","20","±22","21.1%","±19.3","15","±19","8.2%","±9.7","16","±29","4.3%","±8.1","39","±39","20.3%","±17.7","22","±36","16.3%","±29.6","21","±31","10.0%","±13.7","12","±19","18.5%","±29.6","75","±65","41.9%","±28.6","45","±31","14.9%","±9.7","99","±64","27.0%","±15.6","0","±12","0.0%","±13.2","63","±53","24.6%","±19.7","75","±98","48.4%","±46.5"
"        Africa","8","±18","14.0%","±29.6","0","±12","0.0%","±14.8","0","±12","0.0%","±28.3","0","±12","0.0%","±16.1","4","±6","1.1%","±1.7","0","±12","0.0%","±15.5","0","±12","0.0%","±21.2","0","±12","0.0%","±14.4","0","±12","0.0%","±36.7","0","±12","0.0%","±16.5","38","±27","12.5%","±8.9","0","±12","0.0%","±8.5","0","±12","0.0%","±13.2","0","±12","0.0%","±11.9","0","±12","0.0%","±18.8"
"        Oceania","0","±12","0.0%","±39.3","0","±12","0.0%","±14.8","0","±12","0.0%","±28.3","6","±8","3.3%","±4.5","0","±12","0.0%","±8.4","6","±8","3.1%","±4.1","0","±12","0.0%","±21.2","0","±12","0.0%","±14.4","0","±12","0.0%","±36.7","0","±12","0.0%","±16.5","0","±12","0.0%","±10.2","0","±12","0.0%","±8.5","0","±12","0.0%","±13.2","0","±12","0.0%","±11.9","0","±12","0.0%","±18.8"
"        Latin America","0","±12","0.0%","±39.3","0","±12","0.0%","±14.8","15","±17","15.8%","±17.2","9","±9","4.9%","±5.2","41","±47","11.0%","±12.7","15","±14","7.8%","±7.3","73","±116","54.1%","±47.5","35","±33","16.7%","±14.0","38","±49","58.5%","±46.3","25","±32","14.0%","±16.9","162","±57","53.5%","±13.2","115","±86","31.4%","±20.0","51","±69","22.3%","±27.5","102","±101","39.8%","±29.2","40","±52","25.8%","±32.4"
"        Northern America","0","±12","0.0%","±39.3","6","±9","3.0%","±4.8","0","±12","0.0%","±28.3","0","±12","0.0%","±16.1","0","±12","0.0%","±8.4","0","±12","0.0%","±15.5","7","±13","5.2%","±10.2","0","±12","0.0%","±14.4","0","±12","0.0%","±36.7","0","±12","0.0%","±16.5","17","±23","5.6%","±7.2","0","±12","0.0%","±8.5","0","±12","0.0%","±13.2","0","±12","0.0%","±11.9","19","±38","12.3%","±21.5"
"LANGUAGE SPOKEN AT HOME","","","","","","","","","","","","","","","","","","","","","","","","","","","","","","","","","","","","","","","","","","","","","","","","","","","","","","","","","","","",""
"    Population 5 years and over","3,129","±75","3,129","(X)","3,332","±113","3,332","(X)","2,568","±71","2,568","(X)","2,938","±179","2,938","(X)","2,520","±62","2,520","(X)","1,942","±174","1,942","(X)","2,564","±322","2,564","(X)","3,615","±324","3,615","(X)","2,955","±256","2,955","(X)","2,560","±126","2,560","(X)","2,595","±275","2,595","(X)","3,859","±56","3,859","(X)","4,081","±264","4,081","(X)","4,190","±351","4,190","(X)","2,557","±364","2,557","(X)"
"        English only","3,042","±98","97.2%","±2.6","3,286","±117","98.6%","±1.4","2,488","±87","96.9%","±2.0","2,697","±194","91.8%","±2.7","2,314","±116","91.8%","±3.9","1,781","±168","91.7%","±3.1","2,238","±306","87.3%","±8.3","3,160","±400","87.4%","±7.1","2,750","±292","93.1%","±6.4","2,473","±136","96.6%","±2.5","1,993","±237","76.8%","±3.9","3,540","±140","91.7%","±3.3","3,777","±260","92.6%","±4.4","4,021","±358","96.0%","±2.9","2,284","±345","89.3%","±7.3"
"        Language other than English","87","±81","2.8%","±2.6","46","±46","1.4%","±1.4","80","±52","3.1%","±2.0","241","±78","8.2%","±2.7","206","±97","8.2%","±3.9","161","±62","8.3%","±3.1","326","±227","12.7%","±8.3","455","±255","12.6%","±7.1","205","±193","6.9%","±6.4","87","±65","3.4%","±2.5","602","±117","23.2%","±3.9","319","±127","8.3%","±3.3","304","±185","7.4%","±4.4","169","±121","4.0%","±2.9","273","±195","10.7%","±7.3"
"            Speak English less than ""very well""","44","±59","1.4%","±1.9","31","±39","0.9%","±1.2","11","±12","0.4%","±0.5","66","±57","2.2%","±1.9","119","±87","4.7%","±3.4","27","±19","1.4%","±1.0","109","±99","4.3%","±3.7","135","±87","3.7%","±2.4","69","±66","2.3%","±2.2","34","±52","1.3%","±2.0","178","±65","6.9%","±2.4","127","±108","3.3%","±2.8","48","±52","1.2%","±1.3","29","±50","0.7%","±1.2","79","±66","3.1%","±2.5"
"        Spanish","1","±2","0.0%","±0.1","0","±12","0.0%","±1.0","30","±31","1.2%","±1.2","14","±14","0.5%","±0.5","46","±44","1.8%","±1.8","25","±22","1.3%","±1.1","250","±224","9.8%","±8.2","105","±101","2.9%","±2.8","182","±189","6.2%","±6.3","18","±28","0.7%","±1.1","519","±110","20.0%","±3.7","117","±89","3.0%","±2.3","122","±129","3.0%","±3.1","84","±97","2.0%","±2.3","90","±108","3.5%","±4.2"
"            Speak English less than ""very well""","1","±2","0.0%","±0.1","0","±12","0.0%","±1.0","6","±9","0.2%","±0.4","0","±12","0.0%","±1.1","0","±12","0.0%","±1.3","0","±12","0.0%","±1.7","87","±95","3.4%","±3.5","29","±30","0.8%","±0.8","68","±65","2.3%","±2.2","0","±12","0.0%","±1.3","167","±64","6.4%","±2.4","81","±94","2.1%","±2.4","0","±12","0.0%","±0.8","0","±12","0.0%","±0.8","35","±47","1.4%","±1.8"
"        Other Indo-European languages","86","±80","2.7%","±2.6","36","±40","1.1%","±1.2","36","±32","1.4%","±1.2","217","±76","7.4%","±2.6","157","±90","6.2%","±3.5","124","±59","6.4%","±3.0","45","±63","1.8%","±2.5","329","±218","9.1%","±6.1","11","±13","0.4%","±0.5","21","±24","0.8%","±0.9","30","±23","1.2%","±0.9","143","±94","3.7%","±2.4","182","±126","4.5%","±3.1","85","±70","2.0%","±1.7","183","±158","7.2%","±6.0"
"            Speak English less than ""very well""","43","±59","1.4%","±1.9","21","±34","0.6%","±1.0","5","±7","0.2%","±0.3","61","±57","2.1%","±1.9","116","±87","4.6%","±3.4","26","±19","1.3%","±1.0","0","±12","0.0%","±1.3","106","±76","2.9%","±2.1","1","±4","0.0%","±0.1","0","±12","0.0%","±1.3","0","±12","0.0%","±1.2","46","±61","1.2%","±1.6","48","±52","1.2%","±1.3","29","±50","0.7%","±1.2","44","±48","1.7%","±1.9"
"        Asian and Pacific Islander languages","0","±12","0.0%","±1.0","10","±18","0.3%","±0.5","14","±19","0.5%","±0.8","5","±7","0.2%","±0.2","3","±7","0.1%","±0.3","1","±3","0.1%","±0.2","22","±36","0.9%","±1.4","21","±31","0.6%","±0.9","12","±19","0.4%","±0.6","48","±56","1.9%","±2.2","15","±18","0.6%","±0.7","56","±53","1.5%","±1.4","0","±12","0.0%","±0.8","0","±12","0.0%","±0.8","0","±12","0.0%","±1.3"
"            Speak English less than ""very well""","0","±12","0.0%","±1.0","10","±18","0.3%","±0.5","0","±12","0.0%","±1.3","5","±7","0.2%","±0.2","3","±7","0.1%","±0.3","1","±3","0.1%","±0.2","22","±36","0.9%","±1.4","0","±12","0.0%","±0.9","0","±12","0.0%","±1.1","34","±52","1.3%","±2.0","3","±5","0.1%","±0.2","0","±12","0.0%","±0.8","0","±12","0.0%","±0.8","0","±12","0.0%","±0.8","0","±12","0.0%","±1.3"
"        Other languages","0","±12","0.0%","±1.0","0","±12","0.0%","±1.0","0","±12","0.0%","±1.3","5","±7","0.2%","±0.2","0","±12","0.0%","±1.3","11","±20","0.6%","±1.0","9","±15","0.4%","±0.6","0","±12","0.0%","±0.9","0","±12","0.0%","±1.1","0","±12","0.0%","±1.3","38","±27","1.5%","±1.0","3","±7","0.1%","±0.2","0","±12","0.0%","±0.8","0","±12","0.0%","±0.8","0","±12","0.0%","±1.3"
"            Speak English less than ""very well""","0","±12","0.0%","±1.0","0","±12","0.0%","±1.0","0","±12","0.0%","±1.3","0","±12","0.0%","±1.1","0","±12","0.0%","±1.3","0","±12","0.0%","±1.7","0","±12","0.0%","±1.3","0","±12","0.0%","±0.9","0","±12","0.0%","±1.1","0","±12","0.0%","±1.3","8","±10","0.3%","±0.4","0","±12","0.0%","±0.8","0","±12","0.0%","±0.8","0","±12","0.0%","±0.8","0","±12","0.0%","±1.3"
"ANCESTRY","","","","","","","","","","","","","","","","","","","","","","","","","","","","","","","","","","","","","","","","","","","","","","","","","","","","","","","","","","","",""
"    Total population","3,269","±22","3,269","(X)","3,562","±53","3,562","(X)","2,672","±40","2,672","(X)","3,042","±178","3,042","(X)","2,636","±14","2,636","(X)","2,026","±178","2,026","(X)","2,649","±332","2,649","(X)","3,774","±332","3,774","(X)","3,142","±286","3,142","(X)","2,748","±92","2,748","(X)","2,595","±275","2,595","(X)","3,949","±20","3,949","(X)","4,208","±244","4,208","(X)","4,473","±362","4,473","(X)","2,679","±376","2,679","(X)"
"        American","690","±304","21.1%","±9.3","795","±339","22.3%","±9.5","480","±148","18.0%","±5.6","326","±158","10.7%","±5.0","389","±218","14.8%","±8.3","267","±132","13.2%","±6.1","529","±197","20.0%","±6.8","374","±188","9.9%","±4.8","588","±315","18.7%","±9.8","638","±237","23.2%","±8.4","0","±12","0.0%","±1.2","581","±235","14.7%","±5.9","662","±279","15.7%","±6.8","441","±195","9.9%","±4.1","204","±175","7.6%","±6.6"
"        Arab","0","±12","0.0%","±1.0","0","±12","0.0%","±0.9","0","±12","0.0%","±1.2","6","±8","0.2%","±0.2","12","±19","0.5%","±0.7","0","±12","0.0%","±1.6","0","±12","0.0%","±1.2","3","±8","0.1%","±0.2","0","±12","0.0%","±1.0","0","±12","0.0%","±1.2","12","±10","0.5%","±0.4","17","±18","0.4%","±0.5","2","±6","0.0%","±0.1","0","±12","0.0%","±0.7","0","±12","0.0%","±1.2"
"        Czech","24","±23","0.7%","±0.7","0","±12","0.0%","±0.9","5","±7","0.2%","±0.3","10","±10","0.3%","±0.3","0","±12","0.0%","±1.2","34","±34","1.7%","±1.7","0","±12","0.0%","±1.2","9","±16","0.2%","±0.4","13","±20","0.4%","±0.6","0","±12","0.0%","±1.2","0","±12","0.0%","±1.2","27","±41","0.7%","±1.0","34","±38","0.8%","±0.9","0","±12","0.0%","±0.7","13","±20","0.5%","±0.7"
"        Danish","0","±12","0.0%","±1.0","0","±12","0.0%","±0.9","0","±12","0.0%","±1.2","3","±5","0.1%","±0.1","0","±12","0.0%","±1.2","0","±12","0.0%","±1.6","1","±7","0.0%","±0.3","42","±65","1.1%","±1.7","32","±34","1.0%","±1.1","0","±12","0.0%","±1.2","0","±12","0.0%","±1.2","17","±19","0.4%","±0.5","43","±68","1.0%","±1.6","0","±12","0.0%","±0.7","0","±12","0.0%","±1.2"
"        Dutch","275","±114","8.4%","±3.5","118","±84","3.3%","±2.3","61","±31","2.3%","±1.2","168","±63","5.5%","±2.1","98","±115","3.7%","±4.4","74","±43","3.7%","±2.1","9","±15","0.3%","±0.6","133","±84","3.5%","±2.2","121","±75","3.9%","±2.5","122","±69","4.4%","±2.5","13","±16","0.5%","±0.6","183","±68","4.6%","±1.7","144","±128","3.4%","±3.1","146","±128","3.3%","±2.9","67","±52","2.5%","±1.9"
"        English","291","±120","8.9%","±3.7","411","±186","11.5%","±5.2","232","±86","8.7%","±3.2","336","±89","11.0%","±2.9","136","±90","5.2%","±3.4","209","±57","10.3%","±3.0","204","±122","7.7%","±4.4","188","±100","5.0%","±2.6","245","±133","7.8%","±4.1","207","±116","7.5%","±4.2","0","±12","0.0%","±1.2","259","±80","6.6%","±2.0","211","±141","5.0%","±3.3","276","±104","6.2%","±2.3","70","±51","2.6%","±1.9"
"        French (except Basque)","65","±57","2.0%","±1.8","77","±76","2.2%","±2.1","93","±63","3.5%","±2.4","90","±46","3.0%","±1.5","40","±37","1.5%","±1.4","41","±28","2.0%","±1.3","113","±93","4.3%","±3.3","12","±14","0.3%","±0.4","36","±28","1.1%","±0.9","62","±50","2.3%","±1.8","46","±32","1.8%","±1.2","117","±59","3.0%","±1.5","24","±21","0.6%","±0.5","68","±47","1.5%","±1.1","99","±95","3.7%","±3.6"
"        French Canadian","0","±12","0.0%","±1.0","39","±37","1.1%","±1.0","68","±75","2.5%","±2.8","20","±13","0.7%","±0.4","19","±17","0.7%","±0.7","11","±7","0.5%","±0.3","0","±12","0.0%","±1.2","22","±25","0.6%","±0.7","9","±17","0.3%","±0.5","33","±36","1.2%","±1.3","0","±12","0.0%","±1.2","57","±56","1.4%","±1.4","0","±12","0.0%","±0.8","88","±77","2.0%","±1.7","41","±57","1.5%","±2.2"
"        German","906","±231","27.7%","±7.1","673","±218","18.9%","±6.1","414","±119","15.5%","±4.4","696","±160","22.9%","±5.3","319","±128","12.1%","±4.9","333","±85","16.4%","±4.4","348","±144","13.1%","±5.3","886","±284","23.5%","±7.0","459","±173","14.6%","±5.6","434","±185","15.8%","±6.9","61","±34","2.4%","±1.3","924","±187","23.4%","±4.7","424","±237","10.1%","±5.5","847","±247","18.9%","±5.9","509","±198","19.0%","±7.4"
"        Greek","8","±13","0.2%","±0.4","0","±12","0.0%","±0.9","0","±12","0.0%","±1.2","54","±28","1.8%","±0.9","0","±12","0.0%","±1.2","32","±21","1.6%","±1.1","0","±12","0.0%","±1.2","23","±30","0.6%","±0.8","31","±49","1.0%","±1.6","10","±16","0.4%","±0.6","0","±12","0.0%","±1.2","29","±21","0.7%","±0.5","31","±51","0.7%","±1.2","12","±19","0.3%","±0.4","5","±10","0.2%","±0.4"
"        Hungarian","5","±10","0.2%","±0.3","0","±12","0.0%","±0.9","17","±19","0.6%","±0.7","4","±6","0.1%","±0.2","38","±34","1.4%","±1.3","14","±10","0.7%","±0.5","9","±15","0.3%","±0.6","48","±43","1.3%","±1.1","0","±12","0.0%","±1.0","10","±14","0.4%","±0.5","0","±12","0.0%","±1.2","14","±13","0.4%","±0.3","0","±12","0.0%","±0.8","47","±68","1.1%","±1.5","11","±17","0.4%","±0.7"
"        Irish","422","±164","12.9%","±5.0","612","±198","17.2%","±5.5","660","±137","24.7%","±5.1","521","±123","17.1%","±4.0","404","±135","15.3%","±5.1","294","±70","14.5%","±3.4","439","±185","16.6%","±7.1","696","±288","18.4%","±7.5","424","±154","13.5%","±4.8","600","±200","21.8%","±7.6","79","±38","3.0%","±1.4","550","±147","13.9%","±3.7","675","±285","16.0%","±6.6","616","±223","13.8%","±4.8","665","±177","24.8%","±7.2"
"        Italian","314","±108","9.6%","±3.3","305","±110","8.6%","±3.1","340","±179","12.7%","±6.7","471","±98","15.5%","±3.2","384","±152","14.6%","±5.8","521","±176","25.7%","±8.5","223","±97","8.4%","±3.8","865","±327","22.9%","±8.8","347","±153","11.0%","±5.0","421","±154","15.3%","±5.6","116","±53","4.5%","±2.0","726","±239","18.4%","±6.1","708","±293","16.8%","±6.9","596","±214","13.3%","±5.0","482","±169","18.0%","±6.4"
"        Lithuanian","8","±13","0.2%","±0.4","0","±12","0.0%","±0.9","0","±12","0.0%","±1.2","0","±12","0.0%","±1.1","3","±5","0.1%","±0.2","2","±3","0.1%","±0.1","0","±12","0.0%","±1.2","21","±36","0.6%","±0.9","68","±71","2.2%","±2.3","0","±12","0.0%","±1.2","13","±18","0.5%","±0.7","21","±19","0.5%","±0.5","14","±22","0.3%","±0.5","0","±12","0.0%","±0.7","0","±12","0.0%","±1.2"
"        Norwegian","6","±10","0.2%","±0.3","41","±30","1.2%","±0.8","0","±12","0.0%","±1.2","45","±27","1.5%","±0.9","110","±91","4.2%","±3.5","25","±22","1.2%","±1.1","0","±12","0.0%","±1.2","38","±31","1.0%","±0.8","25","±24","0.8%","±0.8","0","±12","0.0%","±1.2","0","±12","0.0%","±1.2","12","±13","0.3%","±0.3","0","±12","0.0%","±0.8","35","±41","0.8%","±0.9","21","±31","0.8%","±1.2"
"        Polish","66","±61","2.0%","±1.9","77","±51","2.2%","±1.4","48","±33","1.8%","±1.3","124","±59","4.1%","±1.9","126","±155","4.8%","±5.9","111","±74","5.5%","±3.6","53","±35","2.0%","±1.3","59","±47","1.6%","±1.2","217","±141","6.9%","±4.6","35","±26","1.3%","±0.9","0","±12","0.0%","±1.2","235","±106","6.0%","±2.7","59","±49","1.4%","±1.2","106","±106","2.4%","±2.3","222","±106","8.3%","±4.2"
"        Portuguese","0","±12","0.0%","±1.0","0","±12","0.0%","±0.9","0","±12","0.0%","±1.2","0","±12","0.0%","±1.1","15","±22","0.6%","±0.8","0","±12","0.0%","±1.6","0","±12","0.0%","±1.2","0","±12","0.0%","±0.9","21","±39","0.7%","±1.3","0","±12","0.0%","±1.2","3","±7","0.1%","±0.3","0","±12","0.0%","±0.8","38","±39","0.9%","±0.9","0","±12","0.0%","±0.7","0","±12","0.0%","±1.2"
"        Russian","15","±29","0.5%","±0.9","33","±30","0.9%","±0.8","0","±12","0.0%","±1.2","64","±49","2.1%","±1.6","18","±18","0.7%","±0.7","33","±25","1.6%","±1.3","0","±12","0.0%","±1.2","44","±46","1.2%","±1.2","0","±12","0.0%","±1.0","0","±12","0.0%","±1.2","31","±28","1.2%","±1.1","81","±78","2.1%","±2.0","89","±97","2.1%","±2.3","104","±80","2.3%","±1.8","62","±53","2.3%","±2.0"
"        Scotch-Irish","21","±24","0.6%","±0.7","30","±41","0.8%","±1.2","4","±7","0.1%","±0.3","4","±5","0.1%","±0.2","13","±20","0.5%","±0.7","12","±19","0.6%","±0.9","0","±12","0.0%","±1.2","24","±32","0.6%","±0.9","1","±4","0.0%","±0.1","10","±15","0.4%","±0.5","0","±12","0.0%","±1.2","70","±57","1.8%","±1.4","0","±12","0.0%","±0.8","0","±12","0.0%","±0.7","11","±17","0.4%","±0.7"
"        Scottish","79","±42","2.4%","±1.3","170","±81","4.8%","±2.3","81","±59","3.0%","±2.2","73","±51","2.4%","±1.7","92","±93","3.5%","±3.5","22","±16","1.1%","±0.8","75","±56","2.8%","±2.0","35","±39","0.9%","±1.0","14","±22","0.4%","±0.7","73","±59","2.7%","±2.2","0","±12","0.0%","±1.2","31","±23","0.8%","±0.6","9","±14","0.2%","±0.3","59","±47","1.3%","±1.0","10","±16","0.4%","±0.6"
"        Slovak","0","±12","0.0%","±1.0","9","±13","0.3%","±0.4","5","±7","0.2%","±0.3","0","±12","0.0%","±1.1","0","±12","0.0%","±1.2","0","±12","0.0%","±1.6","0","±12","0.0%","±1.2","26","±25","0.7%","±0.7","0","±12","0.0%","±1.0","9","±14","0.3%","±0.5","0","±12","0.0%","±1.2","76","±116","1.9%","±2.9","0","±12","0.0%","±0.8","0","±12","0.0%","±0.7","5","±12","0.2%","±0.4"
"        Subsaharan African","0","±12","0.0%","±1.0","58","±88","1.6%","±2.5","0","±12","0.0%","±1.2","0","±12","0.0%","±1.1","4","±6","0.2%","±0.2","0","±12","0.0%","±1.6","0","±12","0.0%","±1.2","0","±12","0.0%","±0.9","0","±12","0.0%","±1.0","10","±16","0.4%","±0.6","59","±32","2.3%","±1.2","0","±12","0.0%","±0.8","163","±251","3.9%","±5.9","0","±12","0.0%","±0.7","0","±12","0.0%","±1.2"
"        Swedish","23","±22","0.7%","±0.7","0","±12","0.0%","±0.9","3","±4","0.1%","±0.2","20","±14","0.7%","±0.4","21","±34","0.8%","±1.3","38","±19","1.9%","±0.9","0","±12","0.0%","±1.2","41","±39","1.1%","±1.0","0","±12","0.0%","±1.0","0","±12","0.0%","±1.2","0","±12","0.0%","±1.2","31","±23","0.8%","±0.6","29","±48","0.7%","±1.1","8","±12","0.2%","±0.3","0","±12","0.0%","±1.2"
"        Swiss","28","±28","0.9%","±0.8","10","±14","0.3%","±0.4","0","±12","0.0%","±1.2","6","±8","0.2%","±0.3","4","±8","0.2%","±0.3","22","±13","1.1%","±0.7","0","±12","0.0%","±1.2","31","±38","0.8%","±1.0","5","±8","0.2%","±0.2","0","±12","0.0%","±1.2","0","±12","0.0%","±1.2","1","±4","0.0%","±0.1","0","±12","0.0%","±0.8","0","±12","0.0%","±0.7","0","±12","0.0%","±1.2"
"        Ukrainian","0","±12","0.0%","±1.0","19","±21","0.5%","±0.6","4","±6","0.1%","±0.2","29","±20","1.0%","±0.7","25","±33","0.9%","±1.3","60","±53","3.0%","±2.6","0","±12","0.0%","±1.2","0","±12","0.0%","±0.9","0","±12","0.0%","±1.0","9","±14","0.3%","±0.5","0","±12","0.0%","±1.2","3","±5","0.1%","±0.1","69","±69","1.6%","±1.6","0","±12","0.0%","±0.7","21","±31","0.8%","±1.1"
"        Welsh","11","±17","0.3%","±0.5","21","±22","0.6%","±0.6","0","±12","0.0%","±1.2","3","±4","0.1%","±0.1","62","±90","2.4%","±3.4","18","±14","0.9%","±0.7","0","±12","0.0%","±1.2","0","±12","0.0%","±0.9","0","±12","0.0%","±1.0","0","±12","0.0%","±1.2","0","±12","0.0%","±1.2","21","±19","0.5%","±0.5","0","±12","0.0%","±0.8","12","±18","0.3%","±0.4","0","±12","0.0%","±1.2"
"        West Indian (excluding Hispanic origin groups)","0","±12","0.0%","±1.0","0","±12","0.0%","±0.9","0","±12","0.0%","±1.2","0","±12","0.0%","±1.1","0","±12","0.0%","±1.2","0","±12","0.0%","±1.6","18","±37","0.7%","±1.4","0","±12","0.0%","±0.9","59","±90","1.9%","±2.8","0","±12","0.0%","±1.2","46","±32","1.8%","±1.2","0","±12","0.0%","±0.8","0","±12","0.0%","±0.8","146","±179","3.3%","±3.9","5","±10","0.2%","±0.4"
"COMPUTERS AND INTERNET USE","","","","","","","","","","","","","","","","","","","","","","","","","","","","","","","","","","","","","","","","","","","","","","","","","","","","","","","","","","","",""
"    Total households","1,148","±139","1,148","(X)","1,253","±131","1,253","(X)","912","±112","912","(X)","1,153","±87","1,153","(X)","1,135","±195","1,135","(X)","887","±92","887","(X)","939","±127","939","(X)","1,310","±147","1,310","(X)","1,056","±158","1,056","(X)","1,164","±112","1,164","(X)","0","±12","0","(X)","1,585","±131","1,585","(X)","1,736","±269","1,736","(X)","1,829","±155","1,829","(X)","993","±136","993","(X)"
"        With a computer","1,021","±126","88.9%","±6.3","1,103","±113","88.0%","±5.7","809","±93","88.7%","±4.9","968","±78","84.0%","±5.7","972","±186","85.6%","±9.0","750","±80","84.6%","±5.7","822","±136","87.5%","±8.0","1,076","±145","82.1%","±7.4","927","±147","87.8%","±5.9","938","±117","80.6%","±8.0","0","±12","-","**","1,383","±119","87.3%","±4.7","1,356","±268","78.1%","±9.2","1,441","±163","78.8%","±6.4","790","±122","79.6%","±8.3"
"        With a broadband Internet subscription","966","±124","84.1%","±7.1","1,012","±117","80.8%","±6.6","682","±83","74.8%","±6.5","802","±60","69.6%","±5.1","876","±175","77.2%","±8.8","593","±79","66.9%","±7.1","623","±101","66.3%","±8.7","1,003","±133","76.6%","±7.1","866","±141","82.0%","±6.9","830","±121","71.3%","±9.6","0","±12","-","**","1,254","±124","79.1%","±5.5","1,050","±236","60.5%","±10.6","1,301","±167","71.1%","±6.8","719","±126","72.4%","±9.5"