"Label","Census Tract 301, Livingston County, New York!!Estimate","Census Tract 301, Livingston County, New York!!Margin of Error","Census Tract 301, Livingston County, New York!!Percent","Census Tract 301, Livingston County, New York!!Percent Margin of Error","Census Tract 302.01, Livingston County, New York!!Estimate","Census Tract 302.01, Livingston County, New York!!Margin of Error","Census Tract 302.01, Livingston County, New York!!Percent","Census Tract 302.01, Livingston County, New York!!Percent Margin of Error","Census Tract 302.02, Livingston County, New York!!Estimate","Census Tract 302.02, Livingston County, New York!!Margin of Error","Census Tract 302.02, Livingston County, New York!!Percent","Census Tract 302.02, Livingston County, New York!!Percent Margin of Error","Census Tract 303, Livingston County, New York!!Estimate","Census Tract 303, Livingston County, New York!!Margin of Error","Census Tract 303, Livingston County, New York!!Percent","Census Tract 303, Livingston County, New York!!Percent Margin of Error","Census Tract 304, Livingston County, New York!!Estimate","Census Tract 304, Livingston County, New York!!Margin of Error","Census Tract 304, Livingston County, New York!!Percent","Census Tract 304, Livingston County, New York!!Percent Margin of Error","Census Tract 305, Livingston County, New York!!Estimate","Census Tract 305, Livingston County, New York!!Margin of Error","Census Tract 305, Livingston County, New York!!Percent","Census Tract 305, Livingston County, New York!!Percent Margin of Error","Census Tract 306, Livingston County, New York!!Estimate","Census Tract 306, Livingston County, New York!!Margin of Error","Census Tract 306, Livingston County, New York!!Percent","Census Tract 306, Livingston County, New York!!Percent Margin of Error","Census Tract 307, Livingston County, New York!!Estimate","Census Tract 307, Livingston County, New York!!Margin of Error","Census Tract 307, Livingston County, New York!!Percent","Census Tract 307, Livingston County, New York!!Percent Margin of Error","Census Tract 308, Livingston County, New York!!Estimate","Census Tract 308, Livingston County, New York!!Margin of Error","Census Tract 308, Livingston County, New York!!Percent","Census Tract 308, Livingston County, New York!!Percent Margin of Error","Census Tract 309, Livingston County, New York!!Estimate","Census Tract 309, Livingston County, New York!!Margin of Error","Census Tract 309, Livingston County, New York!!Percent","Census Tract 309, Livingston County, New York!!Percent Margin of Error","Census Tract 310, Livingston County, New York!!Estimate","Census Tract 310, Livingston County, New York!!Margin of Error","Census Tract 310, Livingston County, New York!!Percent","Census Tract 310, Livingston County, New York!!Percent Margin of Error","Census Tract 311, Livingston County, New York!!Estimate","Census Tract 311, Livingston County, New York!!Margin of Error","Census Tract 311, Livingston County, New York!!Percent","Census Tract 311, Livingston County, New York!!Percent Margin of Error","Census Tract 312, Livingston County, New York!!Estimate","Census Tract 312, Livingston County, New York!!Margin of Error","Census Tract 312, Livingston County, New York!!Percent","Census Tract 312, Livingston County, New York!!Percent Margin of Error","Census Tract 313, Livingston County, New York!!Estimate","Census Tract 313, Livingston County, New York!!Margin of Error","Census Tract 313, Livingston County, New York!!Percent","Census Tract 313, Livingston County, New York!!Percent Margin of Error","Census Tract 314, Livingston County, New York!!Estimate","Census Tract 314, Livingston County, New York!!Margin of Error","Census Tract 314, Livingston County, New York!!Percent","Census Tract 314, Livingston County, New York!!Percent Margin of Error"
"HOUSEHOLDS BY TYPE","","","","","","","","","","","","","","","","","","","","","","","","","","","","","","","","","","","","","","","","","","","","","","","","","","","","","","","","","","","",""
"    Total households","1,653","±100","1,653","(X)","2,015","±159","2,015","(X)","2,754","±188","2,754","(X)","1,373","±92","1,373","(X)","1,198","±164","1,198","(X)","0","±12","0","(X)","1,612","±81","1,612","(X)","2,993","±138","2,993","(X)","1,885","±162","1,885","(X)","1,434","±143","1,434","(X)","0","±12","0","(X)","1,904","±111","1,904","(X)","1,600","±116","1,600","(X)","1,799","±103","1,799","(X)","1,956","±144","1,956","(X)"
"        Married-couple family","861","±90","52.1%","±5.8","749","±102","37.2%","±5.0","1,422","±201","51.6%","±7.8","701","±93","51.1%","±7.3","409","±95","34.1%","±6.5","0","±12","-","**","941","±74","58.4%","±4.8","1,699","±238","56.8%","±7.5","1,051","±120","55.8%","±5.6","494","±109","34.4%","±7.0","0","±12","-","**","1,118","±81","58.7%","±4.3","772","±90","48.3%","±5.3","977","±90","54.3%","±4.7","735","±131","37.6%","±6.9"
"            With own children of the householder under 18 years","312","±65","18.9%","±4.1","245","±53","12.2%","±2.5","402","±107","14.6%","±4.1","242","±53","17.6%","±4.3","164","±64","13.7%","±5.3","0","±12","-","**","309","±52","19.2%","±3.2","594","±122","19.8%","±4.1","357","±58","18.9%","±2.9","85","±47","5.9%","±3.3","0","±12","-","**","304","±59","16.0%","±3.3","232","±53","14.5%","±3.4","223","±38","12.4%","±2.0","308","±90","15.7%","±4.7"
"        Cohabiting couple household","203","±73","12.3%","±4.4","76","±52","3.8%","±2.7","177","±120","6.4%","±4.3","123","±59","9.0%","±4.3","53","±43","4.4%","±3.5","0","±12","-","**","108","±51","6.7%","±3.1","258","±115","8.6%","±3.8","179","±82","9.5%","±4.1","94","±56","6.6%","±3.9","0","±12","-","**","121","±57","6.4%","±2.9","117","±52","7.3%","±3.4","116","±32","6.4%","±1.8","222","±133","11.3%","±6.8"
"            With own children of the householder under 18 years","60","±49","3.6%","±2.9","35","±41","1.7%","±2.1","82","±90","3.0%","±3.2","64","±43","4.7%","±3.1","32","±32","2.7%","±2.7","0","±12","-","**","39","±27","2.4%","±1.7","31","±28","1.0%","±0.9","40","±22","2.1%","±1.2","19","±21","1.3%","±1.5","0","±12","-","**","56","±35","2.9%","±1.7","54","±46","3.4%","±3.0","25","±14","1.4%","±0.8","129","±113","6.6%","±5.8"
"        Male householder, no spouse/partner present","201","±70","12.2%","±4.0","528","±125","26.2%","±6.0","456","±163","16.6%","±5.5","229","±89","16.7%","±6.1","217","±68","18.1%","±5.6","0","±12","-","**","276","±74","17.1%","±4.3","272","±105","9.1%","±3.4","328","±82","17.4%","±3.9","323","±96","22.5%","±6.5","0","±12","-","**","299","±61","15.7%","±3.0","258","±64","16.1%","±3.8","313","±57","17.4%","±3.0","251","±115","12.8%","±5.8"
"            With own children of the householder under 18 years","0","±12","0.0%","±1.9","7","±11","0.3%","±0.6","0","±17","0.0%","±1.2","13","±20","0.9%","±1.4","24","±26","2.0%","±2.2","0","±12","-","**","19","±17","1.2%","±1.1","9","±10","0.3%","±0.3","2","±3","0.1%","±0.2","55","±47","3.8%","±3.4","0","±12","-","**","0","±12","0.0%","±1.7","45","±27","2.8%","±1.7","15","±12","0.8%","±0.7","27","±33","1.4%","±1.7"
"            Householder living alone","147","±53","8.9%","±3.1","299","±121","14.8%","±5.7","416","±156","15.1%","±5.2","168","±67","12.2%","±4.6","94","±48","7.8%","±3.6","0","±12","-","**","217","±69","13.5%","±4.0","219","±85","7.3%","±2.7","284","±77","15.1%","±3.7","192","±84","13.4%","±5.6","0","±12","-","**","252","±55","13.2%","±2.7","171","±53","10.7%","±3.1","249","±49","13.8%","±2.6","219","±105","11.2%","±5.3"
"                65 years and over","44","±25","2.7%","±1.5","125","±61","6.2%","±3.0","97","±89","3.5%","±3.2","33","±28","2.4%","±2.1","20","±19","1.7%","±1.5","0","±12","-","**","42","±22","2.6%","±1.4","81","±53","2.7%","±1.7","65","±31","3.4%","±1.6","71","±66","5.0%","±4.5","0","±12","-","**","96","±33","5.0%","±1.8","61","±28","3.8%","±1.7","84","±30","4.7%","±1.6","61","±47","3.1%","±2.4"
"        Female householder, no spouse/partner present","388","±97","23.5%","±5.3","662","±179","32.9%","±7.6","699","±177","25.4%","±6.1","320","±96","23.3%","±6.6","519","±113","43.3%","±6.4","0","±12","-","**","287","±70","17.8%","±4.2","764","±199","25.5%","±6.7","327","±74","17.3%","±3.6","523","±139","36.5%","±8.1","0","±12","-","**","366","±68","19.2%","±3.1","453","±107","28.3%","±5.7","393","±94","21.8%","±4.6","748","±179","38.2%","±7.7"
"            With own children of the householder under 18 years","40","±25","2.4%","±1.6","129","±72","6.4%","±3.6","141","±74","5.1%","±2.8","64","±55","4.7%","±4.0","73","±49","6.1%","±3.7","0","±12","-","**","41","±25","2.5%","±1.6","249","±148","8.3%","±5.0","22","±17","1.2%","±0.9","93","±70","6.5%","±4.8","0","±12","-","**","18","±12","0.9%","±0.6","57","±34","3.6%","±2.2","54","±50","3.0%","±2.7","132","±87","6.7%","±4.3"
"            Householder living alone","271","±89","16.4%","±4.9","240","±100","11.9%","±4.6","492","±130","17.9%","±4.3","173","±72","12.6%","±4.9","237","±81","19.8%","±6.0","0","±12","-","**","195","±65","12.1%","±3.8","356","±114","11.9%","±3.6","196","±60","10.4%","±3.0","364","±114","25.4%","±7.0","0","±12","-","**","227","±55","11.9%","±2.7","341","±106","21.3%","±5.8","241","±69","13.4%","±3.6","495","±158","25.3%","±7.0"
"                65 years and over","138","±52","8.3%","±3.0","115","±61","5.7%","±2.9","299","±105","10.9%","±3.7","152","±67","11.1%","±4.6","110","±40","9.2%","±3.2","0","±12","-","**","114","±47","7.1%","±2.9","239","±99","8.0%","±3.2","126","±56","6.7%","±2.8","186","±67","13.0%","±4.4","0","±12","-","**","107","±39","5.6%","±2.0","203","±69","12.7%","±3.9","155","±54","8.6%","±2.8","263","±98","13.4%","±4.7"
"        Households with one or more people under 18 years","451","±62","27.3%","±4.1","466","±79","23.1%","±4.1","638","±151","23.2%","±5.6","384","±57","28.0%","±4.8","303","±73","25.3%","±5.1","0","±12","-","**","441","±52","27.4%","±3.5","979","±125","32.7%","±4.9","496","±72","26.3%","±3.7","281","±88","19.6%","±6.3","0","±12","-","**","413","±57","21.7%","±2.9","432","±66","27.0%","±4.9","360","±64","20.0%","±3.2","653","±121","33.4%","±6.5"
"        Households with one or more people 65 years and over","530","±57","32.1%","±3.2","504","±76","25.0%","±3.4","1,046","±161","38.0%","±5.6","418","±73","30.4%","±4.7","358","±70","29.9%","±4.6","0","±12","-","**","486","±47","30.1%","±3.0","946","±111","31.6%","±3.5","664","±105","35.2%","±4.3","447","±111","31.2%","±6.7","0","±12","-","**","649","±61","34.1%","±3.0","511","±79","31.9%","±3.8","683","±63","38.0%","±2.6","582","±89","29.8%","±4.3"
"        Average household size","2.50","±0.15","(X)","(X)","2.55","±0.18","(X)","(X)","2.21","±0.14","(X)","(X)","2.29","±0.13","(X)","(X)","2.51","±0.23","(X)","(X)","-","**","(X)","(X)","2.39","±0.12","(X)","(X)","2.51","±0.11","(X)","(X)","2.42","±0.12","(X)","(X)","2.04","±0.14","(X)","(X)","-","**","(X)","(X)","2.38","±0.12","(X)","(X)","2.32","±0.14","(X)","(X)","2.34","±0.11","(X)","(X)","2.31","±0.17","(X)","(X)"
"        Average family size","2.97","±0.19","(X)","(X)","3.14","±0.19","(X)","(X)","2.81","±0.16","(X)","(X)","2.70","±0.17","(X)","(X)","2.80","±0.22","(X)","(X)","-","**","(X)","(X)","2.87","±0.15","(X)","(X)","2.91","±0.15","(X)","(X)","2.95","±0.14","(X)","(X)","2.77","±0.25","(X)","(X)","-","**","(X)","(X)","2.81","±0.16","(X)","(X)","2.84","±0.16","(X)","(X)","2.85","±0.16","(X)","(X)","2.98","±0.27","(X)","(X)"
"RELATIONSHIP","","","","","","","","","","","","","","","","","","","","","","","","","","","","","","","","","","","","","","","","","","","","","","","","","","","","","","","","","","","",""
"    Population in households","4,130","±16","4,130","(X)","5,144","±355","5,144","(X)","6,092","±386","6,092","(X)","3,142","±90","3,142","(X)","3,008","±362","3,008","(X)","0","±12","0","(X)","3,858","±40","3,858","(X)","7,527","±49","7,527","(X)","4,567","±316","4,567","(X)","2,919","±235","2,919","(X)","0","±12","0","(X)","4,530","±195","4,530","(X)","3,707","±145","3,707","(X)","4,205","±178","4,205","(X)","4,509","±133","4,509","(X)"
"        Householder","1,653","±100","40.0%","±2.4","2,015","±159","39.2%","±2.8","2,754","±188","45.2%","±2.9","1,373","±92","43.7%","±2.4","1,198","±164","39.8%","±3.7","0","±12","-","**","1,612","±81","41.8%","±2.1","2,993","±138","39.8%","±1.8","1,885","±162","41.3%","±2.0","1,434","±143","49.1%","±3.4","0","±12","-","**","1,904","±111","42.0%","±2.0","1,600","±116","43.2%","±2.6","1,799","±103","42.8%","±2.0","1,956","±144","43.4%","±3.3"
"        Spouse","881","±95","21.3%","±2.3","739","±101","14.4%","±2.0","1,393","±197","22.9%","±3.4","693","±91","22.1%","±3.0","416","±100","13.8%","±3.0","0","±12","-","**","936","±77","24.3%","±2.0","1,732","±231","23.0%","±3.1","1,054","±119","23.1%","±2.2","504","±110","17.3%","±3.4","0","±12","-","**","1,112","±87","24.5%","±1.8","775","±88","20.9%","±2.3","997","±89","23.7%","±2.1","721","±131","16.0%","±2.9"
"        Unmarried partner","203","±69","4.9%","±1.7","77","±54","1.5%","±1.1","178","±122","2.9%","±1.9","117","±60","3.7%","±1.9","50","±40","1.7%","±1.3","0","±12","-","**","107","±48","2.8%","±1.2","258","±116","3.4%","±1.5","180","±77","3.9%","±1.6","93","±63","3.2%","±2.1","0","±12","-","**","123","±59","2.7%","±1.3","119","±55","3.2%","±1.5","112","±28","2.7%","±0.7","219","±122","4.9%","±2.7"
"        Child","1,099","±106","26.6%","±2.6","1,282","±186","24.9%","±3.5","1,636","±286","26.9%","±3.8","930","±118","29.6%","±3.7","662","±154","22.0%","±4.5","0","±12","-","**","1,047","±101","27.1%","±2.6","1,952","±247","25.9%","±3.3","1,137","±119","24.9%","±2.3","647","±172","22.2%","±5.5","0","±12","-","**","1,053","±121","23.2%","±2.4","975","±134","26.3%","±3.5","1,002","±100","23.8%","±2.2","1,536","±223","34.1%","±4.7"
"        Other relatives","187","±70","4.5%","±1.7","237","±154","4.6%","±3.0","97","±77","1.6%","±1.3","18","±22","0.6%","±0.7","147","±68","4.9%","±2.3","0","±12","-","**","79","±48","2.0%","±1.3","419","±277","5.6%","±3.7","230","±112","5.0%","±2.4","171","±115","5.9%","±3.9","0","±12","-","**","236","±84","5.2%","±1.8","131","±61","3.5%","±1.6","235","±109","5.6%","±2.5","29","±35","0.6%","±0.8"
"        Other nonrelatives","107","±66","2.6%","±1.6","794","±267","15.4%","±4.5","34","±41","0.6%","±0.7","11","±20","0.4%","±0.6","535","±244","17.8%","±7.5","0","±12","-","**","77","±42","2.0%","±1.1","173","±139","2.3%","±1.9","81","±56","1.8%","±1.2","70","±71","2.4%","±2.4","0","±12","-","**","102","±46","2.3%","±1.0","107","±75","2.9%","±2.0","60","±31","1.4%","±0.7","48","±62","1.1%","±1.4"
"MARITAL STATUS","","","","","","","","","","","","","","","","","","","","","","","","","","","","","","","","","","","","","","","","","","","","","","","","","","","","","","","","","","","",""
"    Males 15 years and over","1,657","±123","1,657","(X)","2,365","±324","2,365","(X)","2,465","±221","2,465","(X)","1,290","±119","1,290","(X)","1,228","±245","1,228","(X)","1,123","±174","1,123","(X)","1,786","±107","1,786","(X)","2,951","±186","2,951","(X)","2,379","±188","2,379","(X)","1,209","±171","1,209","(X)","1,747","±201","1,747","(X)","1,945","±113","1,945","(X)","1,522","±146","1,522","(X)","1,848","±115","1,848","(X)","1,754","±186","1,754","(X)"
"        Never married","476","±94","28.7%","±4.6","1,203","±325","50.9%","±7.8","524","±185","21.3%","±6.7","411","±139","31.9%","±9.1","624","±245","50.8%","±12.2","1,111","±170","98.9%","±1.5","558","±105","31.2%","±4.8","739","±177","25.0%","±5.4","699","±150","29.4%","±5.1","440","±116","36.4%","±7.9","932","±161","53.3%","±6.4","484","±91","24.9%","±4.1","451","±110","29.6%","±5.6","469","±81","25.4%","±3.6","787","±208","44.9%","±9.3"
"        Now married, except separated","901","±87","54.4%","±5.3","838","±97","35.4%","±5.8","1,521","±190","61.7%","±7.3","717","±95","55.6%","±8.4","457","±102","37.2%","±9.5","12","±17","1.1%","±1.5","983","±79","55.0%","±5.5","1,806","±245","61.2%","±7.0","1,207","±126","50.7%","±5.2","530","±131","43.8%","±8.6","398","±96","22.8%","±4.8","1,201","±88","61.7%","±4.3","822","±91","54.0%","±5.7","1,064","±81","57.6%","±4.1","766","±142","43.7%","±8.4"
"        Separated","18","±18","1.1%","±1.1","0","±17","0.0%","±1.4","13","±23","0.5%","±0.9","53","±30","4.1%","±2.3","42","±35","3.4%","±3.0","0","±12","0.0%","±2.8","20","±20","1.1%","±1.1","44","±41","1.5%","±1.4","62","±32","2.6%","±1.3","82","±53","6.8%","±4.6","109","±47","6.2%","±2.5","29","±20","1.5%","±1.0","24","±18","1.6%","±1.2","53","±27","2.9%","±1.5","14","±23","0.8%","±1.3"
"        Widowed","72","±49","4.3%","±2.8","96","±52","4.1%","±2.3","131","±105","5.3%","±4.3","39","±30","3.0%","±2.4","40","±29","3.3%","±2.4","0","±12","0.0%","±2.8","60","±49","3.4%","±2.7","62","±49","2.1%","±1.7","42","±25","1.8%","±1.0","32","±28","2.6%","±2.3","0","±12","0.0%","±1.8","35","±21","1.8%","±1.1","42","±28","2.8%","±1.8","75","±29","4.1%","±1.5","30","±29","1.7%","±1.7"
"        Divorced","190","±58","11.5%","±3.4","228","±84","9.6%","±3.8","276","±156","11.2%","±6.2","70","±48","5.4%","±3.8","65","±41","5.3%","±3.6","0","±12","0.0%","±2.8","165","±60","9.2%","±3.3","300","±145","10.2%","±5.2","369","±99","15.5%","±3.9","125","±88","10.3%","±6.8","308","±86","17.6%","±4.8","196","±58","10.1%","±2.9","183","±56","12.0%","±3.5","187","±48","10.1%","±2.6","157","±78","9.0%","±4.4"
"    Females 15 years and over","1,817","±123","1,817","(X)","2,231","±308","2,231","(X)","2,625","±193","2,625","(X)","1,367","±96","1,367","(X)","1,574","±287","1,574","(X)","1,846","±228","1,846","(X)","1,665","±89","1,665","(X)","3,455","±196","3,455","(X)","1,989","±178","1,989","(X)","1,225","±167","1,225","(X)","2","±4","2","(X)","1,942","±107","1,942","(X)","1,614","±108","1,614","(X)","1,782","±102","1,782","(X)","1,990","±187","1,990","(X)"
"        Never married","430","±93","23.7%","±4.4","1,008","±302","45.2%","±8.4","487","±158","18.6%","±5.4","360","±105","26.3%","±7.1","888","±272","56.4%","±9.1","1,846","±228","100.0%","±1.7","383","±80","23.0%","±4.4","823","±227","23.8%","±5.7","394","±101","19.8%","±4.6","310","±120","25.3%","±9.1","2","±4","100.0%","±100.0","399","±96","20.5%","±4.5","380","±82","23.5%","±4.7","328","±79","18.4%","±4.0","498","±162","25.0%","±7.1"
"        Now married, except separated","893","±100","49.1%","±5.9","785","±114","35.2%","±6.8","1,397","±198","53.2%","±7.5","688","±90","50.3%","±7.1","408","±93","25.9%","±6.6","0","±12","0.0%","±1.7","946","±74","56.8%","±4.8","1,730","±220","50.1%","±8.0","1,078","±120","54.2%","±6.0","503","±120","41.1%","±8.9","0","±12","0.0%","±100.0","1,152","±92","59.3%","±5.3","798","±89","49.4%","±5.6","1,023","±73","57.4%","±4.8","753","±135","37.8%","±7.5"
"        Separated","23","±24","1.3%","±1.3","85","±52","3.8%","±2.3","0","±17","0.0%","±1.2","50","±58","3.7%","±4.1","8","±12","0.5%","±0.8","0","±12","0.0%","±1.7","26","±23","1.6%","±1.3","40","±40","1.2%","±1.2","41","±22","2.1%","±1.1","60","±44","4.9%","±3.5","0","±12","0.0%","±100.0","17","±14","0.9%","±0.7","20","±13","1.2%","±0.8","61","±61","3.4%","±3.3","130","±86","6.5%","±4.3"
"        Widowed","182","±72","10.0%","±3.6","147","±73","6.6%","±3.3","380","±135","14.5%","±5.1","130","±56","9.5%","±3.8","101","±40","6.4%","±2.7","0","±12","0.0%","±1.7","90","±47","5.4%","±2.8","326","±114","9.4%","±3.2","264","±75","13.3%","±3.2","90","±56","7.3%","±4.5","0","±12","0.0%","±100.0","157","±49","8.1%","±2.4","247","±77","15.3%","±4.4","185","±58","10.4%","±3.1","246","±109","12.4%","±5.2"
"        Divorced","289","±77","15.9%","±4.2","206","±78","9.2%","±3.7","361","±121","13.8%","±4.5","139","±51","10.2%","±3.7","169","±70","10.7%","±4.6","0","±12","0.0%","±1.7","220","±74","13.2%","±4.3","536","±180","15.5%","±4.8","212","±73","10.7%","±3.4","262","±100","21.4%","±7.5","0","±12","0.0%","±100.0","217","±66","11.2%","±3.2","169","±52","10.5%","±3.2","185","±59","10.4%","±3.2","363","±142","18.2%","±6.7"
"FERTILITY","","","","","","","","","","","","","","","","","","","","","","","","","","","","","","","","","","","","","","","","","","","","","","","","","","","","","","","","","","","",""
"    Number of women 15 to 50 years old who had a birth in the past 12 months","65","±66","65","(X)","20","±25","20","(X)","121","±105","121","(X)","72","±44","72","(X)","34","±39","34","(X)","0","±12","0","(X)","46","±33","46","(X)","121","±138","121","(X)","20","±14","20","(X)","52","±54","52","(X)","0","±12","0","(X)","57","±29","57","(X)","36","±25","36","(X)","40","±21","40","(X)","100","±107","100","(X)"
"        Unmarried women (widowed, divorced, and never married)","14","±18","21.5%","±33.6","0","±17","0.0%","±66.3","63","±85","52.1%","±41.4","23","±26","31.9%","±32.4","0","±12","0.0%","±50.9","0","±12","-","**","0","±12","0.0%","±43.7","106","±138","87.6%","±27.4","9","±12","45.0%","±49.1","43","±53","82.7%","±35.7","0","±12","-","**","22","±16","38.6%","±24.4","3","±4","8.3%","±12.3","3","±5","7.5%","±11.6","66","±98","66.0%","±57.6"
"            Per 1,000 unmarried women","27","±35","(X)","(X)","0","±29","(X)","(X)","107","±136","(X)","(X)","65","±73","(X)","(X)","0","±35","(X)","(X)","0","±17","(X)","(X)","0","±82","(X)","(X)","103","±119","(X)","(X)","24","±34","(X)","(X)","139","±155","(X)","(X)","0","±1,000","(X)","(X)","55","±39","(X)","(X)","8","±10","(X)","(X)","9","±15","(X)","(X)","109","±152","(X)","(X)"
"        Per 1,000 women 15 to 50 years old","66","±63","(X)","(X)","13","±17","(X)","(X)","112","±92","(X)","(X)","111","±71","(X)","(X)","32","±36","(X)","(X)","0","±17","(X)","(X)","57","±41","(X)","(X)","65","±71","(X)","(X)","23","±17","(X)","(X)","102","±102","(X)","(X)","0","±1,000","(X)","(X)","66","±34","(X)","(X)","47","±34","(X)","(X)","56","±27","(X)","(X)","91","±93","(X)","(X)"
"        Per 1,000 women 15 to 19 years old","0","±327","(X)","(X)","0","±220","(X)","(X)","0","±172","(X)","(X)","0","±315","(X)","(X)","0","±193","(X)","(X)","0","±25","(X)","(X)","0","±231","(X)","(X)","0","±140","(X)","(X)","0","±386","(X)","(X)","0","±437","(X)","(X)","-","**","(X)","(X)","0","±327","(X)","(X)","0","±280","(X)","(X)","0","±370","(X)","(X)","0","±252","(X)","(X)"
"        Per 1,000 women 20 to 34 years old","131","±120","(X)","(X)","22","±28","(X)","(X)","256","±212","(X)","(X)","229","±141","(X)","(X)","32","±52","(X)","(X)","0","±58","(X)","(X)","65","±63","(X)","(X)","121","±121","(X)","(X)","53","±38","(X)","(X)","184","±208","(X)","(X)","0","±1,000","(X)","(X)","136","±73","(X)","(X)","46","±38","(X)","(X)","107","±64","(X)","(X)","221","±202","(X)","(X)"
"        Per 1,000 women 35 to 50 years old","0","±75","(X)","(X)","0","±69","(X)","(X)","37","±58","(X)","(X)","0","±121","(X)","(X)","47","±71","(X)","(X)","-","**","(X)","(X)","69","±75","(X)","(X)","7","±11","(X)","(X)","4","±7","(X)","(X)","39","±64","(X)","(X)","-","**","(X)","(X)","25","±28","(X)","(X)","59","±63","(X)","(X)","33","±26","(X)","(X)","0","±59","(X)","(X)"
"GRANDPARENTS","","","","","","","","","","","","","","","","","","","","","","","","","","","","","","","","","","","","","","","","","","","","","","","","","","","","","","","","","","","",""
"    Number of grandparents living with own grandchildren under 18 years","36","±30","36","(X)","81","±78","81","(X)","0","±17","0","(X)","0","±12","0","(X)","24","±24","24","(X)","0","±12","0","(X)","53","±43","53","(X)","98","±64","98","(X)","106","±62","106","(X)","50","±57","50","(X)","0","±12","0","(X)","55","±33","55","(X)","46","±27","46","(X)","63","±31","63","(X)","36","±40","36","(X)"
"        Grandparents responsible for grandchildren","22","±22","61.1%","±33.6","62","±75","76.5%","±39.7","0","±17","-","**","0","±12","-","**","0","±12","0.0%","±60.5","0","±12","-","**","14","±15","26.4%","±35.0","0","±17","0.0%","±27.6","19","±20","17.9%","±20.0","29","±28","58.0%","±29.1","0","±12","-","**","7","±10","12.7%","±17.5","13","±11","28.3%","±26.7","14","±12","22.2%","±17.3","0","±12","0.0%","±49.4"
"        Years responsible for grandchildren","","","","","","","","","","","","","","","","","","","","","","","","","","","","","","","","","","","","","","","","","","","","","","","","","","","","","","","","","","","",""
"            Less than 1 year","13","±16","36.1%","±35.9","13","±19","16.0%","±26.6","0","±17","-","**","0","±12","-","**","0","±12","0.0%","±60.5","0","±12","-","**","6","±9","11.3%","±22.4","0","±17","0.0%","±27.6","17","±20","16.0%","±19.7","0","±12","0.0%","±41.9","0","±12","-","**","7","±10","12.7%","±17.5","5","±9","10.9%","±18.8","2","±4","3.2%","±5.8","0","±12","0.0%","±49.4"
"            1 or 2 years","0","±12","0.0%","±49.4","0","±17","0.0%","±31.8","0","±17","-","**","0","±12","-","**","0","±12","0.0%","±60.5","0","±12","-","**","8","±12","15.1%","±25.5","0","±17","0.0%","±27.6","2","±3","1.9%","±3.6","17","±27","34.0%","±24.1","0","±12","-","**","0","±12","0.0%","±40.0","0","±12","0.0%","±43.7","8","±10","12.7%","±14.9","0","±12","0.0%","±49.4"
"            3 or 4 years","9","±15","25.0%","±37.2","0","±17","0.0%","±31.8","0","±17","-","**","0","±12","-","**","0","±12","0.0%","±60.5","0","±12","-","**","0","±12","0.0%","±40.7","0","±17","0.0%","±27.6","0","±17","0.0%","±25.9","0","±12","0.0%","±41.9","0","±12","-","**","0","±12","0.0%","±40.0","0","±12","0.0%","±43.7","0","±12","0.0%","±37.3","0","±12","0.0%","±49.4"
"            5 or more years","0","±12","0.0%","±49.4","49","±73","60.5%","±51.8","0","±17","-","**","0","±12","-","**","0","±12","0.0%","±60.5","0","±12","-","**","0","±12","0.0%","±40.7","0","±17","0.0%","±27.6","0","±17","0.0%","±25.9","12","±16","24.0%","±49.6","0","±12","-","**","0","±12","0.0%","±40.0","8","±7","17.4%","±17.3","4","±6","6.3%","±8.7","0","±12","0.0%","±49.4"
"    Number of grandparents responsible for own grandchildren under 18 years","22","±22","22","(X)","62","±75","62","(X)","0","±17","0","(X)","0","±12","0","(X)","0","±12","0","(X)","0","±12","0","(X)","14","±15","14","(X)","0","±17","0","(X)","19","±20","19","(X)","29","±28","29","(X)","0","±12","0","(X)","7","±10","7","(X)","13","±11","13","(X)","14","±12","14","(X)","0","±12","0","(X)"
"        Who are female","13","±12","59.1%","±20.3","31","±37","50.0%","±3.7","0","±17","-","**","0","±12","-","**","0","±12","-","**","0","±12","-","**","14","±15","100.0%","±79.3","0","±17","-","**","11","±12","57.9%","±25.4","12","±16","41.4%","±58.6","0","±12","-","**","7","±10","100.0%","±100.0","8","±7","61.5%","±21.8","6","±6","42.9%","±17.9","0","±12","-","**"
"        Who are married","18","±20","81.8%","±36.2","62","±75","100.0%","±37.6","0","±17","-","**","0","±12","-","**","0","±12","-","**","0","±12","-","**","0","±12","0.0%","±79.3","0","±17","-","**","14","±19","73.7%","±48.2","17","±27","58.6%","±58.6","0","±12","-","**","0","±12","0.0%","±100.0","10","±11","76.9%","±31.4","12","±12","85.7%","±29.7","0","±12","-","**"
"SCHOOL ENROLLMENT","","","","","","","","","","","","","","","","","","","","","","","","","","","","","","","","","","","","","","","","","","","","","","","","","","","","","","","","","","","",""
"    Population 3 years and over enrolled in school","882","±147","882","(X)","1,999","±391","1,999","(X)","1,377","±310","1,377","(X)","685","±108","685","(X)","1,377","±303","1,377","(X)","2,969","±307","2,969","(X)","999","±89","999","(X)","1,761","±215","1,761","(X)","874","±126","874","(X)","577","±173","577","(X)","75","±43","75","(X)","815","±112","815","(X)","790","±145","790","(X)","700","±94","700","(X)","1,021","±168","1,021","(X)"
"        Nursery school, preschool","81","±36","9.2%","±4.3","46","±46","2.3%","±2.3","51","±43","3.7%","±3.2","48","±33","7.0%","±4.7","15","±20","1.1%","±1.5","0","±12","0.0%","±1.1","55","±30","5.5%","±3.0","147","±88","8.3%","±5.0","41","±25","4.7%","±3.0","42","±51","7.3%","±8.4","0","±12","0.0%","±33.5","28","±21","3.4%","±2.5","40","±42","5.1%","±5.1","24","±12","3.4%","±1.8","77","±59","7.5%","±5.8"
"        Kindergarten","91","±48","10.3%","±4.9","35","±32","1.8%","±1.6","0","±17","0.0%","±2.3","16","±17","2.3%","±2.6","10","±15","0.7%","±1.1","0","±12","0.0%","±1.1","53","±34","5.3%","±3.4","73","±49","4.1%","±2.8","103","±77","11.8%","±8.8","0","±12","0.0%","±5.5","0","±12","0.0%","±33.5","63","±39","7.7%","±4.9","44","±50","5.6%","±6.1","37","±15","5.3%","±2.1","31","±27","3.0%","±2.7"
"        Elementary school (grades 1-8)","287","±88","32.5%","±7.5","512","±145","25.6%","±7.6","648","±203","47.1%","±9.6","262","±55","38.2%","±8.3","258","±99","18.7%","±7.8","0","±12","0.0%","±1.1","340","±67","34.0%","±6.2","691","±170","39.2%","±9.4","401","±93","45.9%","±8.4","272","±116","47.1%","±12.8","3","±6","4.0%","±9.9","367","±95","45.0%","±8.6","393","±115","49.7%","±11.8","358","±68","51.1%","±6.7","464","±131","45.4%","±10.3"
"        High school (grades 9-12)","146","±44","16.6%","±5.2","245","±77","12.3%","±4.3","281","±122","20.4%","±8.4","122","±67","17.8%","±8.6","177","±65","12.9%","±5.4","0","±12","0.0%","±1.1","164","±56","16.4%","±5.5","521","±152","29.6%","±8.5","186","±48","21.3%","±5.2","84","±54","14.6%","±8.9","35","±28","46.7%","±24.9","198","±56","24.3%","±5.8","199","±72","25.2%","±8.1","165","±40","23.6%","±5.1","400","±129","39.2%","±10.2"
"        College or graduate school","277","±80","31.4%","±6.6","1,161","±367","58.1%","±9.0","397","±173","28.8%","±10.1","237","±78","34.6%","±8.7","917","±308","66.6%","±10.7","2,969","±307","100.0%","±1.1","387","±65","38.7%","±4.6","329","±179","18.7%","±8.9","143","±70","16.4%","±7.0","179","±98","31.0%","±16.0","37","±29","49.3%","±25.0","159","±49","19.5%","±5.7","114","±47","14.4%","±5.7","116","±43","16.6%","±5.3","49","±52","4.8%","±5.1"
"EDUCATIONAL ATTAINMENT","","","","","","","","","","","","","","","","","","","","","","","","","","","","","","","","","","","","","","","","","","","","","","","","","","","","","","","","","","","",""
"    Population 25 years and over","2,926","±127","2,926","(X)","3,006","±235","3,006","(X)","4,605","±289","4,605","(X)","2,330","±133","2,330","(X)","1,634","±241","1,634","(X)","0","±12","0","(X)","2,837","±90","2,837","(X)","5,277","±348","5,277","(X)","3,952","±282","3,952","(X)","2,159","±226","2,159","(X)","1,578","±192","1,578","(X)","3,397","±169","3,397","(X)","2,721","±152","2,721","(X)","3,243","±160","3,243","(X)","3,013","±210","3,013","(X)"
"        Less than 9th grade","63","±53","2.2%","±1.8","91","±73","3.0%","±2.4","111","±78","2.4%","±1.7","13","±14","0.6%","±0.6","40","±34","2.4%","±2.1","0","±12","-","**","34","±32","1.2%","±1.1","35","±36","0.7%","±0.7","146","±84","3.7%","±2.1","55","±42","2.5%","±1.9","61","±34","3.9%","±2.1","92","±44","2.7%","±1.3","58","±31","2.1%","±1.1","131","±74","4.0%","±2.2","53","±41","1.8%","±1.4"
"        9th to 12th grade, no diploma","177","±69","6.0%","±2.3","251","±112","8.3%","±3.5","232","±149","5.0%","±3.2","82","±39","3.5%","±1.6","62","±45","3.8%","±2.6","0","±12","-","**","158","±53","5.6%","±1.8","183","±94","3.5%","±1.8","288","±108","7.3%","±2.6","156","±81","7.2%","±3.8","299","±79","18.9%","±4.3","230","±71","6.8%","±2.0","287","±110","10.5%","±4.2","248","±59","7.6%","±1.7","373","±135","12.4%","±4.2"
"        High school graduate (includes equivalency)","1,037","±140","35.4%","±4.6","1,134","±173","37.7%","±5.6","1,317","±309","28.6%","±6.4","591","±121","25.4%","±4.9","240","±84","14.7%","±4.6","0","±12","-","**","607","±108","21.4%","±3.7","1,345","±272","25.5%","±4.5","1,496","±188","37.9%","±4.1","618","±128","28.6%","±5.1","849","±132","53.8%","±5.4","1,025","±129","30.2%","±3.3","1,105","±132","40.6%","±4.2","1,218","±121","37.6%","±3.4","1,035","±206","34.4%","±6.3"
"        Some college, no degree","551","±142","18.8%","±4.8","493","±137","16.4%","±4.5","684","±243","14.9%","±5.2","362","±117","15.5%","±5.2","308","±109","18.8%","±5.9","0","±12","-","**","593","±128","20.9%","±4.4","1,226","±228","23.2%","±4.0","762","±192","19.3%","±4.4","471","±147","21.8%","±6.1","267","±93","16.9%","±5.5","608","±114","17.9%","±3.2","598","±125","22.0%","±4.3","616","±103","19.0%","±3.0","634","±178","21.0%","±5.7"
"        Associate's degree","423","±85","14.5%","±3.0","382","±103","12.7%","±3.2","504","±149","10.9%","±3.2","326","±103","14.0%","±4.2","168","±74","10.3%","±4.3","0","±12","-","**","480","±107","16.9%","±3.7","895","±197","17.0%","±3.7","476","±84","12.0%","±2.1","296","±112","13.7%","±5.1","39","±26","2.5%","±1.7","553","±97","16.3%","±2.6","227","±62","8.3%","±2.4","430","±66","13.3%","±2.1","391","±152","13.0%","±5.0"
"        Bachelor's degree","406","±109","13.9%","±3.5","369","±99","12.3%","±3.0","849","±226","18.4%","±4.7","543","±141","23.3%","±6.0","281","±97","17.2%","±5.6","0","±12","-","**","572","±99","20.2%","±3.6","905","±194","17.1%","±3.5","497","±118","12.6%","±2.9","297","±108","13.8%","±4.8","43","±30","2.7%","±1.9","555","±105","16.3%","±3.1","244","±80","9.0%","±2.8","306","±53","9.4%","±1.6","276","±131","9.2%","±4.3"
"        Graduate or professional degree","269","±79","9.2%","±2.7","286","±89","9.5%","±2.9","908","±201","19.7%","±4.2","413","±120","17.7%","±4.9","535","±144","32.7%","±7.3","0","±12","-","**","393","±105","13.9%","±3.7","688","±184","13.0%","±3.5","287","±87","7.3%","±2.2","266","±101","12.3%","±4.3","20","±17","1.3%","±1.1","334","±72","9.8%","±2.1","202","±71","7.4%","±2.5","294","±71","9.1%","±2.2","251","±119","8.3%","±3.9"
"        High school graduate or higher","2,686","±149","91.8%","±2.9","2,664","±214","88.6%","±4.3","4,262","±317","92.6%","±3.7","2,235","±132","95.9%","±1.7","1,532","±227","93.8%","±3.1","0","±12","-","**","2,645","±92","93.2%","±2.0","5,059","±353","95.9%","±1.8","3,518","±289","89.0%","±3.6","1,948","±242","90.2%","±4.2","1,218","±160","77.2%","±4.4","3,075","±175","90.5%","±2.2","2,376","±199","87.3%","±4.3","2,864","±150","88.3%","±3.4","2,587","±215","85.9%","±4.5"
"        Bachelor's degree or higher","675","±135","23.1%","±4.3","655","±131","21.8%","±3.9","1,757","±301","38.2%","±6.1","956","±188","41.0%","±7.6","816","±161","49.9%","±6.9","0","±12","-","**","965","±126","34.0%","±4.5","1,593","±300","30.2%","±5.5","784","±150","19.8%","±3.7","563","±138","26.1%","±5.4","63","±37","4.0%","±2.3","889","±125","26.2%","±3.7","446","±129","16.4%","±4.5","600","±96","18.5%","±2.9","527","±168","17.5%","±5.5"
"VETERAN STATUS","","","","","","","","","","","","","","","","","","","","","","","","","","","","","","","","","","","","","","","","","","","","","","","","","","","","","","","","","","","",""
"    Civilian population 18 years and over","3,356","±93","3,356","(X)","4,416","±358","4,416","(X)","4,872","±294","4,872","(X)","2,560","±91","2,560","(X)","2,682","±316","2,682","(X)","2,905","±310","2,905","(X)","3,341","±65","3,341","(X)","6,051","±155","6,051","(X)","4,220","±285","4,220","(X)","2,359","±240","2,359","(X)","1,731","±198","1,731","(X)","3,738","±178","3,738","(X)","2,986","±142","2,986","(X)","3,511","±151","3,511","(X)","3,449","±174","3,449","(X)"
"        Civilian veterans","296","±68","8.8%","±2.0","250","±84","5.7%","±1.9","498","±151","10.2%","±3.1","211","±66","8.2%","±2.6","171","±56","6.4%","±2.0","0","±12","0.0%","±1.1","266","±78","8.0%","±2.3","347","±113","5.7%","±1.9","316","±90","7.5%","±2.1","157","±77","6.7%","±3.1","90","±45","5.2%","±2.7","366","±83","9.8%","±2.1","306","±78","10.2%","±2.4","307","±48","8.7%","±1.4","164","±75","4.8%","±2.2"
"DISABILITY STATUS OF THE CIVILIAN NONINSTITUTIONALIZED POPULATION","","","","","","","","","","","","","","","","","","","","","","","","","","","","","","","","","","","","","","","","","","","","","","","","","","","","","","","","","","","",""
"    Total Civilian Noninstitutionalized Population","4,138","±16","4,138","(X)","5,179","±365","5,179","(X)","6,092","±386","6,092","(X)","3,176","±87","3,176","(X)","3,182","±360","3,182","(X)","2,969","±307","2,969","(X)","4,098","±24","4,098","(X)","7,544","±48","7,544","(X)","4,575","±312","4,575","(X)","2,931","±235","2,931","(X)","16","±9","16","(X)","4,558","±196","4,558","(X)","3,764","±132","3,764","(X)","4,217","±179","4,217","(X)","4,578","±130","4,578","(X)"
"        With a disability","511","±111","12.3%","±2.7","520","±150","10.0%","±3.0","1,002","±264","16.4%","±4.4","337","±106","10.6%","±3.3","306","±84","9.6%","±2.8","98","±44","3.3%","±1.4","507","±97","12.4%","±2.4","790","±169","10.5%","±2.3","585","±143","12.8%","±3.1","553","±149","18.9%","±5.1","2","±4","12.5%","±33.8","569","±92","12.5%","±2.0","537","±132","14.3%","±3.4","684","±109","16.2%","±2.4","760","±218","16.6%","±4.7"
"    Under 18 years","782","±87","782","(X)","929","±129","929","(X)","1,220","±281","1,220","(X)","652","±71","652","(X)","505","±117","505","(X)","64","±36","64","(X)","757","±63","757","(X)","1,533","±158","1,533","(X)","917","±106","917","(X)","572","±171","572","(X)","0","±12","0","(X)","820","±123","820","(X)","778","±107","778","(X)","706","±86","706","(X)","1,134","±156","1,134","(X)"
"        With a disability","14","±15","1.8%","±1.9","37","±44","4.0%","±4.6","0","±17","0.0%","±2.6","25","±36","3.8%","±5.5","22","±28","4.4%","±5.1","0","±12","0.0%","±37.0","32","±19","4.2%","±2.5","0","±17","0.0%","±2.1","94","±78","10.3%","±8.4","45","±34","7.9%","±6.0","0","±12","-","**","22","±21","2.7%","±2.5","9","±13","1.2%","±1.7","35","±23","5.0%","±3.3","135","±112","11.9%","±9.7"
"    18 to 64 years","2,668","±101","2,668","(X)","3,605","±347","3,605","(X)","3,400","±271","3,400","(X)","1,911","±124","1,911","(X)","2,188","±307","2,188","(X)","2,905","±310","2,905","(X)","2,679","±86","2,679","(X)","4,660","±222","4,660","(X)","2,766","±232","2,766","(X)","1,802","±216","1,802","(X)","15","±11","15","(X)","2,835","±156","2,835","(X)","2,326","±120","2,326","(X)","2,567","±135","2,567","(X)","2,751","±170","2,751","(X)"
"        With a disability","259","±88","9.7%","±3.3","346","±134","9.6%","±4.0","460","±224","13.5%","±6.4","117","±50","6.1%","±2.6","152","±60","6.9%","±2.8","98","±44","3.4%","±1.5","306","±84","11.4%","±3.1","425","±129","9.1%","±2.7","230","±59","8.3%","±2.3","365","±116","20.3%","±6.3","1","±3","6.7%","±21.8","273","±73","9.6%","±2.6","323","±115","13.9%","±4.7","372","±74","14.5%","±2.7","432","±159","15.7%","±5.8"
"    65 years and over","688","±76","688","(X)","645","±92","645","(X)","1,472","±205","1,472","(X)","613","±101","613","(X)","489","±97","489","(X)","0","±12","0","(X)","662","±67","662","(X)","1,351","±162","1,351","(X)","892","±134","892","(X)","557","±152","557","(X)","1","±3","1","(X)","903","±75","903","(X)","660","±99","660","(X)","944","±67","944","(X)","693","±86","693","(X)"
"        With a disability","238","±63","34.6%","±9.0","137","±50","21.2%","±7.3","542","±161","36.8%","±8.8","195","±88","31.8%","±11.6","132","±43","27.0%","±8.8","0","±12","-","**","169","±59","25.5%","±7.8","365","±121","27.0%","±7.6","261","±93","29.3%","±8.4","143","±78","25.7%","±12.5","1","±3","100.0%","±100.0","274","±54","30.3%","±5.8","205","±52","31.1%","±7.1","277","±60","29.3%","±5.9","193","±76","27.8%","±10.5"
"RESIDENCE 1 YEAR AGO","","","","","","","","","","","","","","","","","","","","","","","","","","","","","","","","","","","","","","","","","","","","","","","","","","","","","","","","","","","",""
"    Population 1 year and over","4,114","±26","4,114","(X)","5,338","±363","5,338","(X)","6,035","±378","6,035","(X)","3,144","±92","3,144","(X)","3,161","±355","3,161","(X)","2,969","±307","2,969","(X)","4,069","±34","4,069","(X)","7,551","±35","7,551","(X)","5,133","±311","5,133","(X)","2,885","±232","2,885","(X)","1,749","±201","1,749","(X)","4,502","±190","4,502","(X)","3,737","±133","3,737","(X)","4,186","±177","4,186","(X)","4,537","±133","4,537","(X)"
"        Same house","3,686","±172","89.6%","±4.2","4,328","±323","81.1%","±4.9","5,511","±401","91.3%","±4.5","2,746","±229","87.3%","±6.5","2,308","±331","73.0%","±6.3","1,889","±285","63.6%","±6.0","3,787","±97","93.1%","±2.3","6,308","±528","83.5%","±6.8","4,504","±312","87.7%","±2.9","2,517","±292","87.2%","±6.8","1,245","±186","71.2%","±5.7","4,248","±195","94.4%","±2.5","3,510","±158","93.9%","±2.5","4,016","±192","95.9%","±1.5","3,921","±315","86.4%","±6.0"
"        Different house in the U.S.","410","±173","10.0%","±4.2","1,007","±291","18.9%","±4.9","524","±280","8.7%","±4.5","398","±202","12.7%","±6.5","846","±217","26.8%","±6.2","1,024","±178","34.5%","±5.6","278","±94","6.8%","±2.3","1,243","±509","16.5%","±6.8","627","±151","12.2%","±2.9","308","±183","10.7%","±6.3","504","±108","28.8%","±5.7","254","±114","5.6%","±2.5","227","±94","6.1%","±2.5","170","±61","4.1%","±1.5","615","±268","13.6%","±6.0"
"            Same county","169","±133","4.1%","±3.2","720","±282","13.5%","±4.9","400","±222","6.6%","±3.6","128","±61","4.1%","±2.0","666","±226","21.1%","±6.6","0","±12","0.0%","±1.1","66","±44","1.6%","±1.1","614","±387","8.1%","±5.2","333","±135","6.5%","±2.6","235","±170","8.1%","±5.9","21","±20","1.2%","±1.2","73","±75","1.6%","±1.6","139","±76","3.7%","±2.0","98","±52","2.3%","±1.3","519","±259","11.4%","±5.7"
"            Different county","241","±107","5.9%","±2.6","287","±144","5.4%","±2.7","124","±145","2.1%","±2.4","270","±190","8.6%","±6.1","180","±92","5.7%","±3.0","1,024","±178","34.5%","±5.6","212","±86","5.2%","±2.1","629","±269","8.3%","±3.6","294","±85","5.7%","±1.6","73","±65","2.5%","±2.2","483","±109","27.6%","±5.7","181","±91","4.0%","±2.0","88","±50","2.4%","±1.3","72","±37","1.7%","±0.9","96","±93","2.1%","±2.0"
"                Same state","236","±106","5.7%","±2.6","228","±139","4.3%","±2.6","124","±145","2.1%","±2.4","71","±59","2.3%","±1.9","157","±91","5.0%","±2.9","1,020","±177","34.4%","±5.5","189","±80","4.6%","±2.0","529","±264","7.0%","±3.5","262","±87","5.1%","±1.7","73","±65","2.5%","±2.2","483","±109","27.6%","±5.7","172","±90","3.8%","±2.0","73","±47","2.0%","±1.3","38","±20","0.9%","±0.5","77","±76","1.7%","±1.7"
"                Different state","5","±7","0.1%","±0.2","59","±58","1.1%","±1.1","0","±17","0.0%","±0.5","199","±178","6.3%","±5.7","23","±23","0.7%","±0.7","4","±9","0.1%","±0.3","23","±25","0.6%","±0.6","100","±99","1.3%","±1.3","32","±25","0.6%","±0.5","0","±12","0.0%","±1.1","0","±12","0.0%","±1.8","9","±11","0.2%","±0.2","15","±18","0.4%","±0.5","34","±34","0.8%","±0.8","19","±25","0.4%","±0.5"
"        Abroad","18","±24","0.4%","±0.6","3","±6","0.1%","±0.1","0","±17","0.0%","±0.5","0","±12","0.0%","±1.0","7","±14","0.2%","±0.4","56","±42","1.9%","±1.4","4","±8","0.1%","±0.2","0","±17","0.0%","±0.4","2","±3","0.0%","±0.1","60","±77","2.1%","±2.7","0","±12","0.0%","±1.8","0","±12","0.0%","±0.7","0","±12","0.0%","±0.9","0","±12","0.0%","±0.8","1","±4","0.0%","±0.1"
"PLACE OF BIRTH","","","","","","","","","","","","","","","","","","","","","","","","","","","","","","","","","","","","","","","","","","","","","","","","","","","","","","","","","","","",""
"    Total population","4,138","±16","4,138","(X)","5,345","±365","5,345","(X)","6,092","±386","6,092","(X)","3,212","±74","3,212","(X)","3,187","±360","3,187","(X)","2,969","±307","2,969","(X)","4,111","±18","4,111","(X)","7,584","±21","7,584","(X)","5,148","±311","5,148","(X)","2,931","±235","2,931","(X)","1,749","±201","1,749","(X)","4,558","±196","4,558","(X)","3,764","±132","3,764","(X)","4,217","±179","4,217","(X)","4,586","±130","4,586","(X)"
"        Native","3,924","±107","94.8%","±2.6","5,117","±397","95.7%","±3.5","5,853","±392","96.1%","±2.3","3,112","±83","96.9%","±1.9","3,098","±355","97.2%","±1.4","2,547","±270","85.8%","±5.9","3,935","±72","95.7%","±1.7","7,371","±106","97.2%","±1.3","5,019","±307","97.5%","±1.2","2,847","±242","97.1%","±2.1","1,664","±206","95.1%","±2.5","4,486","±204","98.4%","±0.9","3,723","±136","98.9%","±0.8","4,080","±186","96.8%","±3.1","4,538","±138","99.0%","±0.9"
"            Born in United States","3,893","±110","94.1%","±2.6","5,101","±396","95.4%","±3.6","5,853","±392","96.1%","±2.3","3,100","±82","96.5%","±1.8","3,087","±356","96.9%","±1.6","2,512","±272","84.6%","±6.3","3,887","±87","94.6%","±2.1","7,297","±125","96.2%","±1.6","4,988","±304","96.9%","±1.3","2,668","±243","91.0%","±3.0","1,646","±209","94.1%","±2.7","4,486","±204","98.4%","±0.9","3,702","±134","98.4%","±1.0","4,067","±187","96.4%","±3.0","4,474","±147","97.6%","±1.5"
"                State of residence","3,535","±131","85.4%","±3.1","4,622","±373","86.5%","±4.3","5,202","±401","85.4%","±3.4","2,636","±178","82.1%","±5.3","2,673","±335","83.9%","±4.5","2,305","±257","77.6%","±7.4","3,324","±165","80.9%","±4.0","6,327","±312","83.4%","±4.1","4,311","±274","83.7%","±3.3","2,435","±237","83.1%","±5.0","1,414","±191","80.8%","±4.1","3,907","±207","85.7%","±2.9","3,392","±155","90.1%","±2.6","3,543","±198","84.0%","±3.9","4,062","±216","88.6%","±3.8"
"                Different state","358","±83","8.7%","±2.0","479","±166","9.0%","±3.0","651","±179","10.7%","±2.9","464","±169","14.4%","±5.3","414","±144","13.0%","±4.2","207","±92","7.0%","±2.8","563","±141","13.7%","±3.4","970","±257","12.8%","±3.4","677","±165","13.2%","±2.9","233","±125","7.9%","±4.1","232","±76","13.3%","±4.0","579","±134","12.7%","±2.8","310","±95","8.2%","±2.5","524","±103","12.4%","±2.4","412","±163","9.0%","±3.6"
"            Born in Puerto Rico, U.S. Island areas, or born abroad to American parent(s)","31","±34","0.7%","±0.8","16","±21","0.3%","±0.4","0","±17","0.0%","±0.5","12","±16","0.4%","±0.5","11","±17","0.3%","±0.5","35","±36","1.2%","±1.2","48","±32","1.2%","±0.8","74","±51","1.0%","±0.7","31","±30","0.6%","±0.6","179","±91","6.1%","±3.1","18","±14","1.0%","±0.9","0","±12","0.0%","±0.7","21","±20","0.6%","±0.5","13","±11","0.3%","±0.3","64","±56","1.4%","±1.2"
"        Foreign born","214","±106","5.2%","±2.6","228","±190","4.3%","±3.5","239","±141","3.9%","±2.3","100","±60","3.1%","±1.9","89","±44","2.8%","±1.4","422","±192","14.2%","±5.9","176","±72","4.3%","±1.7","213","±101","2.8%","±1.3","129","±63","2.5%","±1.2","84","±62","2.9%","±2.1","85","±44","4.9%","±2.5","72","±41","1.6%","±0.9","41","±32","1.1%","±0.8","137","±131","3.2%","±3.1","48","±41","1.0%","±0.9"
"U.S. CITIZENSHIP STATUS","","","","","","","","","","","","","","","","","","","","","","","","","","","","","","","","","","","","","","","","","","","","","","","","","","","","","","","","","","","",""
"    Foreign-born population","214","±106","214","(X)","228","±190","228","(X)","239","±141","239","(X)","100","±60","100","(X)","89","±44","89","(X)","422","±192","422","(X)","176","±72","176","(X)","213","±101","213","(X)","129","±63","129","(X)","84","±62","84","(X)","85","±44","85","(X)","72","±41","72","(X)","41","±32","41","(X)","137","±131","137","(X)","48","±41","48","(X)"
"        Naturalized U.S. citizen","67","±46","31.3%","±21.6","37","±34","16.2%","±24.3","92","±77","38.5%","±19.8","33","±36","33.0%","±29.3","40","±31","44.9%","±27.9","53","±33","12.6%","±9.3","142","±63","80.7%","±14.5","180","±94","84.5%","±12.7","57","±33","44.2%","±25.9","51","±39","60.7%","±24.9","24","±24","28.2%","±24.4","61","±37","84.7%","±16.5","23","±23","56.1%","±24.5","127","±131","92.7%","±13.0","14","±24","29.2%","±40.7"
"        Not a U.S. citizen","147","±97","68.7%","±21.6","191","±187","83.8%","±24.3","147","±92","61.5%","±19.8","67","±47","67.0%","±29.3","49","±36","55.1%","±27.9","369","±190","87.4%","±9.3","34","±29","19.3%","±14.5","33","±28","15.5%","±12.7","72","±56","55.8%","±25.9","33","±32","39.3%","±24.9","61","±36","71.8%","±24.4","11","±13","15.3%","±16.5","18","±15","43.9%","±24.5","10","±9","7.3%","±13.0","34","±34","70.8%","±40.7"
"YEAR OF ENTRY","","","","","","","","","","","","","","","","","","","","","","","","","","","","","","","","","","","","","","","","","","","","","","","","","","","","","","","","","","","",""
"    Population born outside the United States","245","±108","245","(X)","244","±191","244","(X)","239","±141","239","(X)","112","±58","112","(X)","100","±50","100","(X)","457","±205","457","(X)","224","±87","224","(X)","287","±120","287","(X)","160","±70","160","(X)","263","±87","263","(X)","103","±45","103","(X)","72","±41","72","(X)","62","±36","62","(X)","150","±128","150","(X)","112","±67","112","(X)"
"        Native","31","±34","31","(X)","16","±21","16","(X)","0","±17","0","(X)","12","±16","12","(X)","11","±17","11","(X)","35","±36","35","(X)","48","±32","48","(X)","74","±51","74","(X)","31","±30","31","(X)","179","±91","179","(X)","18","±14","18","(X)","0","±12","0","(X)","21","±20","21","(X)","13","±11","13","(X)","64","±56","64","(X)"
"            Entered 2010 or later","0","±12","0.0%","±53.3","0","±17","0.0%","±74.1","0","±17","-","**","5","±11","41.7%","±58.3","0","±12","0.0%","±89.4","28","±28","80.0%","±30.9","10","±19","20.8%","±35.9","3","±6","4.1%","±8.5","0","±17","0.0%","±53.3","101","±83","56.4%","±32.0","0","±12","0.0%","±69.9","0","±12","-","**","0","±12","0.0%","±64.7","3","±4","23.1%","±38.8","0","±12","0.0%","±37.0"
"            Entered before 2010","31","±34","100.0%","±53.3","16","±21","100.0%","±74.1","0","±17","-","**","7","±12","58.3%","±58.3","11","±17","100.0%","±89.4","7","±13","20.0%","±30.9","38","±28","79.2%","±35.9","71","±51","95.9%","±8.5","31","±30","100.0%","±53.3","78","±56","43.6%","±32.0","18","±14","100.0%","±69.9","0","±12","-","**","21","±20","100.0%","±64.7","10","±10","76.9%","±38.8","64","±56","100.0%","±37.0"
"        Foreign born","214","±106","214","(X)","228","±190","228","(X)","239","±141","239","(X)","100","±60","100","(X)","89","±44","89","(X)","422","±192","422","(X)","176","±72","176","(X)","213","±101","213","(X)","129","±63","129","(X)","84","±62","84","(X)","85","±44","85","(X)","72","±41","72","(X)","41","±32","41","(X)","137","±131","137","(X)","48","±41","48","(X)"
"            Entered 2010 or later","131","±93","61.2%","±22.8","189","±188","82.9%","±25.9","66","±76","27.6%","±29.9","5","±10","5.0%","±8.5","32","±28","36.0%","±28.7","163","±93","38.6%","±13.3","8","±16","4.5%","±8.0","14","±17","6.6%","±8.2","19","±23","14.7%","±17.0","0","±12","0.0%","±31.0","5","±5","5.9%","±6.5","4","±7","5.6%","±10.0","8","±11","19.5%","±26.2","7","±11","5.1%","±11.5","3","±14","6.3%","±26.7"
"            Entered before 2010","83","±49","38.8%","±22.8","39","±34","17.1%","±25.9","173","±131","72.4%","±29.9","95","±56","95.0%","±8.5","57","±41","64.0%","±28.7","259","±129","61.4%","±13.3","168","±68","95.5%","±8.0","199","±99","93.4%","±8.2","110","±58","85.3%","±17.0","84","±62","100.0%","±31.0","80","±42","94.1%","±6.5","68","±41","94.4%","±10.0","33","±30","80.5%","±26.2","130","±130","94.9%","±11.5","45","±37","93.8%","±26.7"
"WORLD REGION OF BIRTH OF FOREIGN BORN","","","","","","","","","","","","","","","","","","","","","","","","","","","","","","","","","","","","","","","","","","","","","","","","","","","","","","","","","","","",""
"    Foreign-born population, excluding population born at sea","214","±106","214","(X)","228","±190","228","(X)","239","±141","239","(X)","100","±60","100","(X)","89","±44","89","(X)","422","±192","422","(X)","176","±72","176","(X)","213","±101","213","(X)","129","±63","129","(X)","84","±62","84","(X)","85","±44","85","(X)","72","±41","72","(X)","41","±32","41","(X)","137","±131","137","(X)","48","±41","48","(X)"
"        Europe","29","±23","13.6%","±10.9","22","±28","9.6%","±16.4","43","±41","18.0%","±17.8","33","±34","33.0%","±28.1","40","±35","44.9%","±30.8","32","±31","7.6%","±7.6","64","±38","36.4%","±18.4","44","±34","20.7%","±15.2","38","±26","29.5%","±20.6","13","±18","15.5%","±24.0","0","±12","0.0%","±30.7","48","±32","66.7%","±27.7","38","±31","92.7%","±10.2","25","±19","18.2%","±23.1","28","±33","58.3%","±38.6"
"        Asia","87","±103","40.7%","±38.2","75","±105","32.9%","±40.5","139","±112","58.2%","±28.2","0","±12","0.0%","±27.2","30","±28","33.7%","±28.1","322","±187","76.3%","±14.5","83","±53","47.2%","±18.6","116","±83","54.5%","±22.2","17","±18","13.2%","±14.3","0","±12","0.0%","±31.0","2","±4","2.4%","±4.7","0","±12","0.0%","±34.4","0","±12","0.0%","±46.3","7","±11","5.1%","±11.5","1","±3","2.1%","±7.1"
"        Africa","0","±12","0.0%","±14.1","0","±17","0.0%","±13.3","47","±69","19.7%","±25.4","7","±14","7.0%","±12.1","0","±12","0.0%","±29.7","0","±12","0.0%","±7.4","14","±19","8.0%","±9.7","0","±17","0.0%","±14.1","2","±4","1.6%","±2.9","0","±12","0.0%","±31.0","0","±12","0.0%","±30.7","0","±12","0.0%","±34.4","0","±12","0.0%","±46.3","12","±18","8.8%","±12.3","1","±10","2.1%","±19.3"
"        Oceania","0","±12","0.0%","±14.1","0","±17","0.0%","±13.3","0","±17","0.0%","±12.7","0","±12","0.0%","±27.2","0","±12","0.0%","±29.7","0","±12","0.0%","±7.4","0","±12","0.0%","±16.8","0","±17","0.0%","±14.1","0","±17","0.0%","±22.0","0","±12","0.0%","±31.0","0","±12","0.0%","±30.7","0","±12","0.0%","±34.4","0","±12","0.0%","±46.3","0","±12","0.0%","±20.9","0","±12","0.0%","±42.8"
"        Latin America","77","±74","36.0%","±33.7","119","±160","52.2%","±46.6","10","±16","4.2%","±7.0","17","±22","17.0%","±18.7","6","±12","6.7%","±13.5","26","±25","6.2%","±6.7","11","±12","6.3%","±6.4","13","±17","6.1%","±8.3","69","±56","53.5%","±25.2","71","±60","84.5%","±24.0","82","±43","96.5%","±4.7","20","±25","27.8%","±27.9","0","±12","0.0%","±46.3","86","±121","62.8%","±40.3","18","±18","37.5%","±38.1"
"        Northern America","21","±22","9.8%","±10.5","12","±17","5.3%","±12.3","0","±17","0.0%","±12.7","43","±32","43.0%","±27.5","13","±17","14.6%","±20.2","42","±38","10.0%","±9.5","4","±6","2.3%","±3.2","40","±34","18.8%","±15.0","3","±4","2.3%","±3.4","0","±12","0.0%","±31.0","1","±3","1.2%","±4.9","4","±6","5.6%","±9.0","3","±4","7.3%","±10.2","7","±7","5.1%","±9.8","0","±12","0.0%","±42.8"
"LANGUAGE SPOKEN AT HOME","","","","","","","","","","","","","","","","","","","","","","","","","","","","","","","","","","","","","","","","","","","","","","","","","","","","","","","","","","","",""
"    Population 5 years and over","3,885","±83","3,885","(X)","5,183","±367","5,183","(X)","5,801","±340","5,801","(X)","2,964","±104","2,964","(X)","3,110","±347","3,110","(X)","2,969","±307","2,969","(X)","3,894","±53","3,894","(X)","7,256","±118","7,256","(X)","4,935","±317","4,935","(X)","2,756","±223","2,756","(X)","1,749","±201","1,749","(X)","4,359","±183","4,359","(X)","3,595","±146","3,595","(X)","4,075","±177","4,075","(X)","4,321","±147","4,321","(X)"
"        English only","3,724","±116","95.9%","±1.9","4,772","±381","92.1%","±3.9","5,591","±343","96.4%","±2.5","2,900","±101","97.8%","±1.4","2,896","±341","93.1%","±3.3","1,899","±262","64.0%","±8.0","3,672","±90","94.3%","±1.9","6,984","±132","96.3%","±1.7","4,568","±310","92.6%","±2.4","2,345","±237","85.1%","±4.9","1,374","±190","78.6%","±5.0","4,187","±206","96.1%","±2.2","3,551","±151","98.8%","±1.0","3,950","±176","96.9%","±1.2","4,225","±159","97.8%","±1.6"
"        Language other than English","161","±75","4.1%","±1.9","411","±203","7.9%","±3.9","210","±147","3.6%","±2.5","64","±43","2.2%","±1.4","214","±104","6.9%","±3.3","1,070","±289","36.0%","±8.0","222","±76","5.7%","±1.9","272","±121","3.7%","±1.7","367","±124","7.4%","±2.4","411","±136","14.9%","±4.9","375","±92","21.4%","±5.0","172","±93","3.9%","±2.2","44","±35","1.2%","±1.0","125","±48","3.1%","±1.2","96","±68","2.2%","±1.6"
"            Speak English less than ""very well""","52","±61","1.3%","±1.6","140","±162","2.7%","±3.1","39","±59","0.7%","±1.0","22","±21","0.7%","±0.7","40","±29","1.3%","±0.9","487","±169","16.4%","±5.0","101","±55","2.6%","±1.4","123","±84","1.7%","±1.1","80","±50","1.6%","±1.0","91","±69","3.3%","±2.5","62","±37","3.5%","±2.2","51","±38","1.2%","±0.9","5","±9","0.1%","±0.2","45","±29","1.1%","±0.7","44","±42","1.0%","±1.0"
"        Spanish","60","±67","1.5%","±1.7","206","±166","4.0%","±3.2","22","±35","0.4%","±0.6","40","±30","1.3%","±1.0","82","±70","2.6%","±2.2","120","±63","4.0%","±2.1","47","±43","1.2%","±1.1","90","±80","1.2%","±1.1","182","±91","3.7%","±1.9","365","±129","13.2%","±4.7","273","±68","15.6%","±3.7","55","±42","1.3%","±1.0","20","±17","0.6%","±0.5","15","±11","0.4%","±0.3","41","±50","0.9%","±1.2"
"            Speak English less than ""very well""","43","±51","1.1%","±1.3","120","±159","2.3%","±3.1","0","±17","0.0%","±0.6","22","±21","0.7%","±0.7","13","±20","0.4%","±0.6","17","±20","0.6%","±0.7","10","±14","0.3%","±0.4","22","±28","0.3%","±0.4","71","±46","1.4%","±0.9","89","±68","3.2%","±2.5","60","±36","3.4%","±2.1","41","±37","0.9%","±0.8","0","±12","0.0%","±0.9","4","±5","0.1%","±0.1","9","±16","0.2%","±0.4"
"        Other Indo-European languages","52","±34","1.3%","±0.9","78","±68","1.5%","±1.3","60","±69","1.0%","±1.2","22","±28","0.7%","±0.9","87","±61","2.8%","±1.9","83","±42","2.8%","±1.4","75","±48","1.9%","±1.2","63","±44","0.9%","±0.6","165","±90","3.3%","±1.8","46","±36","1.7%","±1.3","64","±40","3.7%","±2.3","117","±82","2.7%","±1.9","21","±33","0.6%","±0.9","107","±47","2.6%","±1.2","28","±29","0.6%","±0.7"
"            Speak English less than ""very well""","0","±12","0.0%","±0.8","20","±27","0.4%","±0.5","0","±17","0.0%","±0.6","0","±12","0.0%","±1.1","0","±12","0.0%","±1.0","20","±22","0.7%","±0.7","20","±31","0.5%","±0.8","23","±30","0.3%","±0.4","6","±11","0.1%","±0.2","2","±4","0.1%","±0.1","2","±4","0.1%","±0.2","10","±11","0.2%","±0.2","5","±9","0.1%","±0.2","41","±28","1.0%","±0.7","9","±19","0.2%","±0.4"
"        Asian and Pacific Islander languages","40","±63","1.0%","±1.6","127","±109","2.5%","±2.1","81","±116","1.4%","±2.0","0","±12","0.0%","±1.1","14","±20","0.5%","±0.6","57","±37","1.9%","±1.2","32","±34","0.8%","±0.9","86","±81","1.2%","±1.1","6","±10","0.1%","±0.2","0","±12","0.0%","±1.2","10","±13","0.6%","±0.8","0","±12","0.0%","±0.7","0","±12","0.0%","±0.9","3","±4","0.1%","±0.1","1","±3","0.0%","±0.1"
"            Speak English less than ""very well""","0","±12","0.0%","±0.8","0","±17","0.0%","±0.6","39","±59","0.7%","±1.0","0","±12","0.0%","±1.1","7","±14","0.2%","±0.5","14","±19","0.5%","±0.6","24","±30","0.6%","±0.8","45","±59","0.6%","±0.8","3","±5","0.1%","±0.1","0","±12","0.0%","±1.2","0","±12","0.0%","±1.8","0","±12","0.0%","±0.7","0","±12","0.0%","±0.9","0","±12","0.0%","±0.8","1","±3","0.0%","±0.1"
"        Other languages","9","±11","0.2%","±0.3","0","±17","0.0%","±0.6","47","±69","0.8%","±1.2","2","±5","0.1%","±0.2","31","±24","1.0%","±0.8","810","±261","27.3%","±7.6","68","±43","1.7%","±1.1","33","±49","0.5%","±0.7","14","±19","0.3%","±0.4","0","±12","0.0%","±1.2","28","±25","1.6%","±1.4","0","±12","0.0%","±0.7","3","±5","0.1%","±0.1","0","±12","0.0%","±0.8","26","±40","0.6%","±0.9"
"            Speak English less than ""very well""","9","±11","0.2%","±0.3","0","±17","0.0%","±0.6","0","±17","0.0%","±0.6","0","±12","0.0%","±1.1","20","±19","0.6%","±0.6","436","±167","14.7%","±5.1","47","±38","1.2%","±1.0","33","±49","0.5%","±0.7","0","±17","0.0%","±0.7","0","±12","0.0%","±1.2","0","±12","0.0%","±1.8","0","±12","0.0%","±0.7","0","±12","0.0%","±0.9","0","±12","0.0%","±0.8","25","±38","0.6%","±0.9"
"ANCESTRY","","","","","","","","","","","","","","","","","","","","","","","","","","","","","","","","","","","","","","","","","","","","","","","","","","","","","","","","","","","",""
"    Total population","4,138","±16","4,138","(X)","5,345","±365","5,345","(X)","6,092","±386","6,092","(X)","3,212","±74","3,212","(X)","3,187","±360","3,187","(X)","2,969","±307","2,969","(X)","4,111","±18","4,111","(X)","7,584","±21","7,584","(X)","5,148","±311","5,148","(X)","2,931","±235","2,931","(X)","1,749","±201","1,749","(X)","4,558","±196","4,558","(X)","3,764","±132","3,764","(X)","4,217","±179","4,217","(X)","4,586","±130","4,586","(X)"
"        American","209","±92","5.1%","±2.2","208","±114","3.9%","±2.1","331","±179","5.4%","±2.9","127","±86","4.0%","±2.7","57","±38","1.8%","±1.2","23","±20","0.8%","±0.6","265","±104","6.4%","±2.5","292","±199","3.9%","±2.6","214","±81","4.2%","±1.6","42","±30","1.4%","±1.0","9","±16","0.5%","±0.9","259","±88","5.7%","±1.9","314","±98","8.3%","±2.5","265","±59","6.3%","±1.4","297","±190","6.5%","±4.1"
"        Arab","0","±12","0.0%","±0.8","35","±59","0.7%","±1.1","0","±17","0.0%","±0.5","8","±15","0.2%","±0.5","0","±12","0.0%","±1.0","4","±9","0.1%","±0.3","0","±12","0.0%","±0.8","0","±17","0.0%","±0.4","23","±26","0.4%","±0.5","0","±12","0.0%","±1.1","20","±21","1.1%","±1.2","17","±26","0.4%","±0.6","0","±12","0.0%","±0.9","4","±6","0.1%","±0.1","0","±12","0.0%","±0.7"
"        Czech","12","±14","0.3%","±0.3","0","±17","0.0%","±0.6","0","±17","0.0%","±0.5","14","±13","0.4%","±0.4","0","±12","0.0%","±1.0","7","±14","0.2%","±0.5","35","±40","0.9%","±1.0","0","±17","0.0%","±0.4","2","±4","0.0%","±0.1","0","±12","0.0%","±1.1","0","±12","0.0%","±1.8","7","±11","0.2%","±0.2","0","±12","0.0%","±0.9","12","±13","0.3%","±0.3","0","±12","0.0%","±0.7"
"        Danish","0","±12","0.0%","±0.8","28","±45","0.5%","±0.8","0","±17","0.0%","±0.5","23","±26","0.7%","±0.8","5","±9","0.2%","±0.3","0","±12","0.0%","±1.1","0","±12","0.0%","±0.8","2","±5","0.0%","±0.1","4","±6","0.1%","±0.1","0","±12","0.0%","±1.1","0","±12","0.0%","±1.8","5","±8","0.1%","±0.2","0","±12","0.0%","±0.9","16","±11","0.4%","±0.3","0","±12","0.0%","±0.7"
"        Dutch","77","±39","1.9%","±0.9","145","±88","2.7%","±1.6","342","±205","5.6%","±3.4","119","±110","3.7%","±3.4","38","±25","1.2%","±0.8","30","±25","1.0%","±0.8","112","±48","2.7%","±1.2","292","±96","3.9%","±1.3","88","±39","1.7%","±0.8","114","±75","3.9%","±2.5","13","±18","0.7%","±1.0","178","±63","3.9%","±1.4","159","±81","4.2%","±2.1","220","±75","5.2%","±1.8","145","±102","3.2%","±2.2"
"        English","758","±204","18.3%","±4.9","668","±187","12.5%","±3.5","1,384","±385","22.7%","±6.3","461","±166","14.4%","±5.2","449","±131","14.1%","±3.9","76","±45","2.6%","±1.5","768","±151","18.7%","±3.7","881","±235","11.6%","±3.1","744","±159","14.5%","±3.0","286","±147","9.8%","±4.8","33","±24","1.9%","±1.3","673","±99","14.8%","±2.1","596","±107","15.8%","±2.8","503","±83","11.9%","±2.1","491","±229","10.7%","±5.0"
"        French (except Basque)","141","±95","3.4%","±2.3","260","±167","4.9%","±3.1","106","±71","1.7%","±1.2","69","±41","2.1%","±1.3","180","±125","5.6%","±3.8","19","±20","0.6%","±0.7","117","±78","2.8%","±1.9","248","±136","3.3%","±1.8","98","±43","1.9%","±0.8","97","±71","3.3%","±2.4","14","±17","0.8%","±1.0","215","±79","4.7%","±1.7","98","±67","2.6%","±1.8","99","±39","2.3%","±0.9","196","±177","4.3%","±3.9"
"        French Canadian","47","±31","1.1%","±0.8","0","±17","0.0%","±0.6","83","±66","1.4%","±1.1","39","±38","1.2%","±1.2","53","±59","1.7%","±1.8","22","±21","0.7%","±0.7","73","±61","1.8%","±1.5","109","±80","1.4%","±1.1","41","±32","0.8%","±0.6","0","±12","0.0%","±1.1","0","±12","0.0%","±1.8","38","±33","0.8%","±0.7","15","±14","0.4%","±0.4","51","±28","1.2%","±0.7","15","±25","0.3%","±0.6"
"        German","886","±161","21.4%","±3.9","1,204","±243","22.5%","±4.6","1,420","±334","23.3%","±5.4","1,037","±210","32.3%","±6.6","521","±148","16.3%","±4.2","271","±71","9.1%","±2.4","1,310","±201","31.9%","±4.9","2,293","±454","30.2%","±6.0","1,035","±194","20.1%","±3.7","441","±177","15.0%","±6.0","111","±52","6.3%","±3.0","1,384","±201","30.4%","±4.1","877","±184","23.3%","±4.9","1,238","±163","29.4%","±3.6","1,060","±334","23.1%","±7.2"
"        Greek","0","±12","0.0%","±0.8","79","±78","1.5%","±1.4","0","±17","0.0%","±0.5","0","±12","0.0%","±1.0","10","±17","0.3%","±0.5","22","±22","0.7%","±0.8","6","±11","0.1%","±0.3","0","±17","0.0%","±0.4","0","±17","0.0%","±0.6","27","±44","0.9%","±1.5","13","±22","0.7%","±1.2","13","±20","0.3%","±0.4","13","±19","0.3%","±0.5","3","±4","0.1%","±0.1","10","±16","0.2%","±0.4"
"        Hungarian","0","±12","0.0%","±0.8","7","±11","0.1%","±0.2","0","±17","0.0%","±0.5","0","±12","0.0%","±1.0","0","±12","0.0%","±1.0","5","±10","0.2%","±0.3","8","±12","0.2%","±0.3","38","±38","0.5%","±0.5","0","±17","0.0%","±0.6","22","±25","0.8%","±0.8","0","±12","0.0%","±1.8","20","±25","0.4%","±0.6","0","±12","0.0%","±0.9","2","±4","0.0%","±0.1","16","±22","0.3%","±0.5"
"        Irish","984","±226","23.8%","±5.5","1,122","±256","21.0%","±4.6","1,524","±329","25.0%","±5.5","926","±222","28.8%","±7.0","733","±248","23.0%","±7.0","395","±133","13.3%","±4.7","910","±164","22.1%","±4.0","1,513","±282","19.9%","±3.7","942","±192","18.3%","±3.6","396","±126","13.5%","±3.9","134","±59","7.7%","±3.1","850","±185","18.6%","±3.8","811","±242","21.5%","±6.5","694","±125","16.5%","±2.9","1,100","±349","24.0%","±7.6"
"        Italian","588","±130","14.2%","±3.2","1,107","±261","20.7%","±4.5","971","±405","15.9%","±6.2","526","±162","16.4%","±5.0","596","±219","18.7%","±6.3","317","±78","10.7%","±2.6","551","±152","13.4%","±3.7","904","±241","11.9%","±3.2","960","±160","18.6%","±3.1","716","±216","24.4%","±7.3","96","±47","5.5%","±2.6","503","±103","11.0%","±2.3","370","±166","9.8%","±4.5","446","±96","10.6%","±2.3","380","±166","8.3%","±3.7"
"        Lithuanian","0","±12","0.0%","±0.8","0","±17","0.0%","±0.6","0","±17","0.0%","±0.5","0","±12","0.0%","±1.0","0","±12","0.0%","±1.0","9","±14","0.3%","±0.5","0","±12","0.0%","±0.8","68","±76","0.9%","±1.0","0","±17","0.0%","±0.6","14","±22","0.5%","±0.7","0","±12","0.0%","±1.8","30","±24","0.7%","±0.5","0","±12","0.0%","±0.9","4","±5","0.1%","±0.1","0","±12","0.0%","±0.7"
"        Norwegian","5","±8","0.1%","±0.2","31","±51","0.6%","±0.9","13","±22","0.2%","±0.4","6","±9","0.2%","±0.3","5","±9","0.2%","±0.3","9","±9","0.3%","±0.3","0","±12","0.0%","±0.8","20","±23","0.3%","±0.3","16","±17","0.3%","±0.3","11","±17","0.4%","±0.6","0","±12","0.0%","±1.8","28","±23","0.6%","±0.5","0","±12","0.0%","±0.9","9","±9","0.2%","±0.2","0","±12","0.0%","±0.7"
"        Polish","146","±100","3.5%","±2.4","317","±169","5.9%","±3.1","395","±166","6.5%","±2.8","258","±108","8.0%","±3.3","39","±34","1.2%","±1.1","79","±37","2.7%","±1.2","222","±96","5.4%","±2.3","244","±110","3.2%","±1.4","289","±136","5.6%","±2.6","80","±56","2.7%","±1.9","32","±28","1.8%","±1.6","143","±73","3.1%","±1.6","98","±52","2.6%","±1.4","139","±45","3.3%","±1.1","364","±180","7.9%","±3.9"
"        Portuguese","0","±12","0.0%","±0.8","9","±15","0.2%","±0.3","0","±17","0.0%","±0.5","0","±12","0.0%","±1.0","29","±45","0.9%","±1.4","0","±12","0.0%","±1.1","0","±12","0.0%","±0.8","0","±17","0.0%","±0.4","12","±16","0.2%","±0.3","0","±12","0.0%","±1.1","0","±12","0.0%","±1.8","0","±12","0.0%","±0.7","0","±12","0.0%","±0.9","8","±8","0.2%","±0.2","0","±12","0.0%","±0.7"
"        Russian","0","±12","0.0%","±0.8","18","±20","0.3%","±0.4","17","±28","0.3%","±0.5","0","±12","0.0%","±1.0","31","±34","1.0%","±1.0","42","±30","1.4%","±1.0","18","±22","0.4%","±0.5","0","±17","0.0%","±0.4","11","±12","0.2%","±0.2","0","±12","0.0%","±1.1","17","±23","1.0%","±1.3","9","±11","0.2%","±0.2","4","±6","0.1%","±0.1","8","±11","0.2%","±0.3","33","±50","0.7%","±1.1"
"        Scotch-Irish","70","±33","1.7%","±0.8","76","±67","1.4%","±1.3","33","±36","0.5%","±0.6","30","±26","0.9%","±0.8","22","±22","0.7%","±0.7","0","±12","0.0%","±1.1","46","±30","1.1%","±0.7","88","±56","1.2%","±0.7","33","±18","0.6%","±0.4","10","±15","0.3%","±0.5","0","±12","0.0%","±1.8","33","±22","0.7%","±0.5","11","±17","0.3%","±0.5","33","±17","0.8%","±0.4","86","±127","1.9%","±2.8"
"        Scottish","194","±68","4.7%","±1.6","107","±76","2.0%","±1.4","52","±50","0.9%","±0.8","86","±60","2.7%","±1.9","53","±29","1.7%","±0.9","21","±21","0.7%","±0.7","67","±55","1.6%","±1.3","209","±98","2.8%","±1.3","108","±53","2.1%","±1.0","29","±23","1.0%","±0.8","11","±14","0.6%","±0.8","62","±31","1.4%","±0.7","80","±61","2.1%","±1.6","58","±27","1.4%","±0.6","132","±103","2.9%","±2.2"
"        Slovak","0","±12","0.0%","±0.8","0","±17","0.0%","±0.6","0","±17","0.0%","±0.5","0","±12","0.0%","±1.0","0","±12","0.0%","±1.0","0","±12","0.0%","±1.1","0","±12","0.0%","±0.8","0","±17","0.0%","±0.4","0","±17","0.0%","±0.6","10","±15","0.3%","±0.5","0","±12","0.0%","±1.8","22","±23","0.5%","±0.5","0","±12","0.0%","±0.9","13","±15","0.3%","±0.4","0","±12","0.0%","±0.7"
"        Subsaharan African","0","±12","0.0%","±0.8","24","±24","0.4%","±0.5","55","±80","0.9%","±1.3","0","±12","0.0%","±1.0","0","±12","0.0%","±1.0","10","±15","0.3%","±0.5","8","±16","0.2%","±0.4","0","±17","0.0%","±0.4","19","±20","0.4%","±0.4","0","±12","0.0%","±1.1","166","±73","9.5%","±3.8","9","±14","0.2%","±0.3","0","±12","0.0%","±0.9","19","±21","0.5%","±0.5","48","±76","1.0%","±1.7"
"        Swedish","34","±23","0.8%","±0.5","7","±11","0.1%","±0.2","104","±76","1.7%","±1.2","7","±11","0.2%","±0.3","21","±22","0.7%","±0.7","14","±17","0.5%","±0.6","16","±18","0.4%","±0.4","69","±45","0.9%","±0.6","39","±26","0.8%","±0.5","10","±16","0.3%","±0.5","0","±12","0.0%","±1.8","79","±53","1.7%","±1.2","17","±15","0.5%","±0.4","34","±22","0.8%","±0.5","18","±28","0.4%","±0.6"
"        Swiss","3","±6","0.1%","±0.1","20","±23","0.4%","±0.4","0","±17","0.0%","±0.5","0","±12","0.0%","±1.0","12","±20","0.4%","±0.6","0","±12","0.0%","±1.1","24","±18","0.6%","±0.4","14","±20","0.2%","±0.3","6","±7","0.1%","±0.1","0","±12","0.0%","±1.1","14","±20","0.8%","±1.1","50","±47","1.1%","±1.0","3","±5","0.1%","±0.1","29","±26","0.7%","±0.6","18","±29","0.4%","±0.6"
"        Ukrainian","13","±15","0.3%","±0.4","7","±11","0.1%","±0.2","0","±17","0.0%","±0.5","0","±12","0.0%","±1.0","11","±13","0.3%","±0.4","39","±29","1.3%","±1.0","49","±38","1.2%","±0.9","30","±27","0.4%","±0.4","4","±4","0.1%","±0.1","2","±4","0.1%","±0.1","4","±7","0.2%","±0.4","6","±8","0.1%","±0.2","2","±4","0.1%","±0.1","16","±15","0.4%","±0.3","0","±12","0.0%","±0.7"
"        Welsh","89","±102","2.2%","±2.5","54","±37","1.0%","±0.7","16","±25","0.3%","±0.4","18","±20","0.6%","±0.6","52","±46","1.6%","±1.4","0","±12","0.0%","±1.1","32","±32","0.8%","±0.8","34","±38","0.4%","±0.5","50","±35","1.0%","±0.7","20","±22","0.7%","±0.7","5","±7","0.3%","±0.4","85","±45","1.9%","±1.0","24","±21","0.6%","±0.6","21","±11","0.5%","±0.3","14","±23","0.3%","±0.5"
"        West Indian (excluding Hispanic origin groups)","16","±25","0.4%","±0.6","12","±26","0.2%","±0.5","0","±17","0.0%","±0.5","0","±12","0.0%","±1.0","1","±3","0.0%","±0.1","3","±6","0.1%","±0.2","0","±12","0.0%","±0.8","4","±5","0.1%","±0.1","8","±13","0.2%","±0.2","17","±27","0.6%","±0.9","51","±32","2.9%","±1.7","0","±12","0.0%","±0.7","0","±12","0.0%","±0.9","0","±12","0.0%","±0.8","10","±20","0.2%","±0.4"
"COMPUTERS AND INTERNET USE","","","","","","","","","","","","","","","","","","","","","","","","","","","","","","","","","","","","","","","","","","","","","","","","","","","","","","","","","","","",""
"    Total households","1,653","±100","1,653","(X)","2,015","±159","2,015","(X)","2,754","±188","2,754","(X)","1,373","±92","1,373","(X)","1,198","±164","1,198","(X)","0","±12","0","(X)","1,612","±81","1,612","(X)","2,993","±138","2,993","(X)","1,885","±162","1,885","(X)","1,434","±143","1,434","(X)","0","±12","0","(X)","1,904","±111","1,904","(X)","1,600","±116","1,600","(X)","1,799","±103","1,799","(X)","1,956","±144","1,956","(X)"
"        With a computer","1,509","±107","91.3%","±3.4","1,931","±158","95.8%","±2.3","2,541","±217","92.3%","±3.6","1,244","±89","90.6%","±3.5","1,148","±158","95.8%","±2.2","0","±12","-","**","1,501","±85","93.1%","±3.8","2,862","±147","95.6%","±2.7","1,544","±155","81.9%","±4.4","1,316","±145","91.8%","±3.4","0","±12","-","**","1,728","±114","90.8%","±2.6","1,326","±108","82.9%","±4.1","1,606","±109","89.3%","±2.6","1,659","±147","84.8%","±5.0"
"        With a broadband Internet subscription","1,346","±126","81.4%","±5.2","1,679","±176","83.3%","±5.3","2,410","±204","87.5%","±4.0","1,135","±97","82.7%","±5.3","1,094","±162","91.3%","±3.5","0","±12","-","**","1,377","±81","85.4%","±4.1","2,730","±148","91.2%","±3.2","1,416","±150","75.1%","±5.1","1,177","±146","82.1%","±6.5","0","±12","-","**","1,609","±112","84.5%","±2.8","1,197","±111","74.8%","±5.5","1,501","±105","83.4%","±2.9","1,569","±145","80.2%","±5.9"