"Label","Census Tract 402, Orleans County, New York!!Estimate","Census Tract 402, Orleans County, New York!!Margin of Error","Census Tract 402, Orleans County, New York!!Percent","Census Tract 402, Orleans County, New York!!Percent Margin of Error","Census Tract 403, Orleans County, New York!!Estimate","Census Tract 403, Orleans County, New York!!Margin of Error","Census Tract 403, Orleans County, New York!!Percent","Census Tract 403, Orleans County, New York!!Percent Margin of Error","Census Tract 404, Orleans County, New York!!Estimate","Census Tract 404, Orleans County, New York!!Margin of Error","Census Tract 404, Orleans County, New York!!Percent","Census Tract 404, Orleans County, New York!!Percent Margin of Error","Census Tract 405, Orleans County, New York!!Estimate","Census Tract 405, Orleans County, New York!!Margin of Error","Census Tract 405, Orleans County, New York!!Percent","Census Tract 405, Orleans County, New York!!Percent Margin of Error","Census Tract 406, Orleans County, New York!!Estimate","Census Tract 406, Orleans County, New York!!Margin of Error","Census Tract 406, Orleans County, New York!!Percent","Census Tract 406, Orleans County, New York!!Percent Margin of Error","Census Tract 407, Orleans County, New York!!Estimate","Census Tract 407, Orleans County, New York!!Margin of Error","Census Tract 407, Orleans County, New York!!Percent","Census Tract 407, Orleans County, New York!!Percent Margin of Error","Census Tract 408.01, Orleans County, New York!!Estimate","Census Tract 408.01, Orleans County, New York!!Margin of Error","Census Tract 408.01, Orleans County, New York!!Percent","Census Tract 408.01, Orleans County, New York!!Percent Margin of Error","Census Tract 408.02, Orleans County, New York!!Estimate","Census Tract 408.02, Orleans County, New York!!Margin of Error","Census Tract 408.02, Orleans County, New York!!Percent","Census Tract 408.02, Orleans County, New York!!Percent Margin of Error","Census Tract 4012, Orleans County, New York!!Estimate","Census Tract 4012, Orleans County, New York!!Margin of Error","Census Tract 4012, Orleans County, New York!!Percent","Census Tract 4012, Orleans County, New York!!Percent Margin of Error","Census Tract 4013, Orleans County, New York!!Estimate","Census Tract 4013, Orleans County, New York!!Margin of Error","Census Tract 4013, Orleans County, New York!!Percent","Census Tract 4013, Orleans County, New York!!Percent Margin of Error","Census Tract 9900, Orleans County, New York!!Estimate","Census Tract 9900, Orleans County, New York!!Margin of Error","Census Tract 9900, Orleans County, New York!!Percent","Census Tract 9900, Orleans County, New York!!Percent Margin of Error"
"HOUSEHOLDS BY TYPE","","","","","","","","","","","","","","","","","","","","","","","","","","","","","","","","","","","","","","","","","","","",""
"    Total households","1,295","±104","1,295","(X)","907","±83","907","(X)","1,447","±97","1,447","(X)","1,277","±99","1,277","(X)","2,151","±216","2,151","(X)","2,577","±206","2,577","(X)","1,929","±125","1,929","(X)","1,561","±113","1,561","(X)","1,470","±112","1,470","(X)","1,949","±119","1,949","(X)","0","±12","0","(X)"
"        Married-couple family","796","±80","61.5%","±8.0","550","±70","60.6%","±7.9","623","±87","43.1%","±6.6","489","±90","38.3%","±7.4","1,009","±180","46.9%","±6.6","887","±176","34.4%","±7.4","996","±138","51.6%","±6.6","705","±110","45.2%","±6.9","768","±93","52.2%","±5.6","1,149","±109","59.0%","±6.2","0","±12","-","**"
"            With own children of the householder under 18 years","364","±70","28.1%","±6.5","166","±42","18.3%","±4.4","249","±50","17.2%","±4.0","190","±71","14.9%","±5.7","298","±143","13.9%","±6.3","375","±161","14.6%","±6.7","246","±70","12.8%","±3.5","216","±58","13.8%","±3.8","217","±44","14.8%","±3.2","305","±63","15.6%","±3.4","0","±12","-","**"
"        Cohabiting couple household","32","±31","2.5%","±2.4","39","±26","4.3%","±2.9","63","±56","4.4%","±3.8","121","±76","9.5%","±6.1","320","±130","14.9%","±6.0","163","±105","6.3%","±4.0","253","±98","13.1%","±5.3","205","±76","13.1%","±4.7","146","±49","9.9%","±3.5","140","±50","7.2%","±2.5","0","±12","-","**"
"            With own children of the householder under 18 years","0","±12","0.0%","±2.5","18","±18","2.0%","±2.0","10","±17","0.7%","±1.2","89","±74","7.0%","±5.9","136","±93","6.3%","±4.4","36","±46","1.4%","±1.8","105","±64","5.4%","±3.4","97","±62","6.2%","±4.0","65","±29","4.4%","±2.0","59","±38","3.0%","±1.9","0","±12","-","**"
"        Male householder, no spouse/partner present","236","±89","18.2%","±6.1","157","±52","17.3%","±5.2","327","±125","22.6%","±8.1","173","±73","13.5%","±5.7","499","±141","23.2%","±6.0","599","±217","23.2%","±7.7","260","±78","13.5%","±3.8","301","±86","19.3%","±5.1","245","±85","16.7%","±5.3","341","±101","17.5%","±4.6","0","±12","-","**"
"            With own children of the householder under 18 years","0","±12","0.0%","±2.5","7","±11","0.8%","±1.2","10","±15","0.7%","±1.1","0","±12","0.0%","±2.5","45","±65","2.1%","±3.0","16","±25","0.6%","±1.0","29","±25","1.5%","±1.3","18","±21","1.2%","±1.3","80","±64","5.4%","±4.3","52","±39","2.7%","±2.0","0","±12","-","**"
"            Householder living alone","142","±74","11.0%","±5.3","121","±49","13.3%","±5.1","243","±101","16.8%","±6.4","173","±73","13.5%","±5.7","376","±125","17.5%","±5.1","493","±202","19.1%","±7.4","172","±69","8.9%","±3.4","212","±66","13.6%","±4.0","142","±51","9.7%","±3.2","224","±83","11.5%","±4.0","0","±12","-","**"
"                65 years and over","14","±16","1.1%","±1.2","29","±20","3.2%","±2.2","43","±43","3.0%","±3.0","38","±29","3.0%","±2.3","167","±78","7.8%","±3.5","204","±131","7.9%","±5.1","71","±40","3.7%","±2.1","48","±30","3.1%","±1.9","54","±24","3.7%","±1.6","30","±22","1.5%","±1.1","0","±12","-","**"
"        Female householder, no spouse/partner present","231","±88","17.8%","±6.2","161","±71","17.8%","±7.1","434","±113","30.0%","±7.5","494","±131","38.7%","±8.8","323","±98","15.0%","±4.4","928","±196","36.0%","±7.0","420","±107","21.8%","±4.9","350","±75","22.4%","±4.5","311","±74","21.2%","±4.5","319","±98","16.4%","±4.8","0","±12","-","**"
"            With own children of the householder under 18 years","22","±25","1.7%","±1.9","35","±35","3.9%","±3.8","147","±90","10.2%","±6.1","114","±102","8.9%","±7.8","14","±12","0.7%","±0.5","257","±153","10.0%","±6.0","82","±60","4.3%","±3.0","56","±35","3.6%","±2.2","56","±30","3.8%","±2.0","121","±70","6.2%","±3.5","0","±12","-","**"
"            Householder living alone","155","±69","12.0%","±4.8","80","±47","8.8%","±4.9","242","±78","16.7%","±5.2","332","±92","26.0%","±6.8","194","±75","9.0%","±3.3","521","±154","20.2%","±5.3","237","±66","12.3%","±3.1","195","±64","12.5%","±4.1","158","±59","10.7%","±3.8","146","±51","7.5%","±2.5","0","±12","-","**"
"                65 years and over","87","±52","6.7%","±3.8","80","±47","8.8%","±4.9","166","±66","11.5%","±4.5","186","±74","14.6%","±5.6","80","±46","3.7%","±2.1","361","±124","14.0%","±4.5","167","±64","8.7%","±3.2","107","±47","6.9%","±3.0","104","±42","7.1%","±2.6","72","±34","3.7%","±1.7","0","±12","-","**"
"        Households with one or more people under 18 years","426","±56","32.9%","±5.5","277","±54","30.5%","±4.9","441","±84","30.5%","±6.3","403","±122","31.6%","±9.0","579","±155","26.9%","±7.1","780","±158","30.3%","±7.1","524","±76","27.2%","±3.8","428","±62","27.4%","±3.9","457","±67","31.1%","±4.7","598","±71","30.7%","±3.3","0","±12","-","**"
"        Households with one or more people 65 years and over","375","±72","29.0%","±4.8","288","±48","31.8%","±4.5","380","±63","26.3%","±4.4","424","±75","33.2%","±5.6","674","±133","31.3%","±5.6","1,008","±219","39.1%","±7.5","611","±90","31.7%","±4.2","436","±77","27.9%","±4.2","467","±78","31.8%","±4.2","612","±88","31.4%","±3.9","0","±12","-","**"
"        Average household size","2.42","±0.19","(X)","(X)","2.48","±0.17","(X)","(X)","2.18","±0.14","(X)","(X)","1.95","±0.18","(X)","(X)","2.28","±0.14","(X)","(X)","2.21","±0.16","(X)","(X)","2.32","±0.12","(X)","(X)","2.41","±0.16","(X)","(X)","2.37","±0.16","(X)","(X)","2.31","±0.12","(X)","(X)","-","**","(X)","(X)"
"        Average family size","2.91","±0.20","(X)","(X)","2.78","±0.19","(X)","(X)","2.84","±0.21","(X)","(X)","2.44","±0.24","(X)","(X)","2.61","±0.17","(X)","(X)","3.07","±0.29","(X)","(X)","2.63","±0.14","(X)","(X)","2.82","±0.20","(X)","(X)","2.60","±0.15","(X)","(X)","2.58","±0.12","(X)","(X)","-","**","(X)","(X)"
"RELATIONSHIP","","","","","","","","","","","","","","","","","","","","","","","","","","","","","","","","","","","","","","","","","","","",""
"    Population in households","3,136","±23","3,136","(X)","2,251","±176","2,251","(X)","3,152","±33","3,152","(X)","2,485","±195","2,485","(X)","4,897","±413","4,897","(X)","5,697","±264","5,697","(X)","4,474","±148","4,474","(X)","3,757","±158","3,757","(X)","3,488","±218","3,488","(X)","4,501","±218","4,501","(X)","0","±12","0","(X)"
"        Householder","1,295","±104","41.3%","±3.3","907","±83","40.3%","±2.8","1,447","±97","45.9%","±3.0","1,277","±99","51.4%","±4.8","2,151","±216","43.9%","±2.7","2,577","±206","45.2%","±3.3","1,929","±125","43.1%","±2.2","1,561","±113","41.5%","±2.8","1,470","±112","42.1%","±2.8","1,949","±119","43.3%","±2.2","0","±12","-","**"
"        Spouse","774","±78","24.7%","±2.5","551","±74","24.5%","±2.8","608","±86","19.3%","±2.7","468","±93","18.8%","±3.5","987","±174","20.2%","±2.9","903","±170","15.9%","±3.0","1,021","±144","22.8%","±3.0","733","±119","19.5%","±3.1","747","±91","21.4%","±2.4","1,142","±110","25.4%","±2.2","0","±12","-","**"
"        Unmarried partner","31","±32","1.0%","±1.0","41","±25","1.8%","±1.1","65","±59","2.1%","±1.9","127","±90","5.1%","±3.5","322","±128","6.6%","±2.6","158","±101","2.8%","±1.8","241","±94","5.4%","±2.1","231","±74","6.1%","±2.0","152","±54","4.4%","±1.5","147","±54","3.3%","±1.2","0","±12","-","**"
"        Child","869","±130","27.7%","±4.2","584","±91","25.9%","±3.1","913","±110","29.0%","±3.5","580","±128","23.3%","±4.0","1,085","±203","22.2%","±3.7","1,554","±290","27.3%","±4.7","921","±134","20.6%","±2.8","996","±133","26.5%","±3.4","839","±92","24.1%","±2.7","1,033","±142","23.0%","±2.7","0","±12","-","**"
"        Other relatives","110","±56","3.5%","±1.8","82","±52","3.6%","±2.3","71","±50","2.3%","±1.6","33","±25","1.3%","±1.0","230","±142","4.7%","±2.8","384","±165","6.7%","±2.9","232","±147","5.2%","±3.3","162","±63","4.3%","±1.6","120","±62","3.4%","±1.8","191","±78","4.2%","±1.7","0","±12","-","**"
"        Other nonrelatives","57","±40","1.8%","±1.3","86","±58","3.8%","±2.5","48","±46","1.5%","±1.5","0","±12","0.0%","±1.3","122","±81","2.5%","±1.7","121","±87","2.1%","±1.5","130","±74","2.9%","±1.7","74","±50","2.0%","±1.3","160","±130","4.6%","±3.6","39","±24","0.9%","±0.5","0","±12","-","**"
"MARITAL STATUS","","","","","","","","","","","","","","","","","","","","","","","","","","","","","","","","","","","","","","","","","","","",""
"    Males 15 years and over","1,291","±121","1,291","(X)","1,060","±119","1,060","(X)","1,212","±145","1,212","(X)","1,041","±133","1,041","(X)","3,448","±182","3,448","(X)","2,246","±228","2,246","(X)","1,799","±117","1,799","(X)","1,500","±134","1,500","(X)","1,489","±143","1,489","(X)","2,049","±156","2,049","(X)","0","±12","0","(X)"
"        Never married","300","±89","23.2%","±5.8","349","±98","32.9%","±6.8","394","±143","32.5%","±9.1","312","±101","30.0%","±7.7","1,438","±199","41.7%","±5.5","982","±241","43.7%","±9.0","531","±129","29.5%","±6.7","460","±115","30.7%","±6.9","456","±110","30.6%","±6.1","580","±129","28.3%","±5.4","0","±12","-","**"
"        Now married, except separated","831","±79","64.4%","±7.3","579","±73","54.6%","±7.3","630","±92","52.0%","±9.9","538","±90","51.7%","±8.7","1,275","±198","37.0%","±5.6","893","±166","39.8%","±8.1","1,023","±154","56.9%","±7.1","753","±121","50.2%","±7.0","780","±92","52.4%","±6.0","1,279","±134","62.4%","±5.6","0","±12","-","**"
"        Separated","0","±12","0.0%","±2.5","5","±7","0.5%","±0.7","20","±36","1.7%","±2.9","7","±11","0.7%","±1.1","127","±81","3.7%","±2.3","58","±67","2.6%","±2.9","50","±31","2.8%","±1.7","23","±20","1.5%","±1.4","43","±41","2.9%","±2.6","27","±27","1.3%","±1.3","0","±12","-","**"
"        Widowed","21","±24","1.6%","±1.8","36","±27","3.4%","±2.7","40","±43","3.3%","±3.5","36","±25","3.5%","±2.5","84","±45","2.4%","±1.3","63","±48","2.8%","±2.2","43","±26","2.4%","±1.5","37","±27","2.5%","±1.8","38","±19","2.6%","±1.3","27","±19","1.3%","±0.9","0","±12","-","**"
"        Divorced","139","±75","10.8%","±5.4","91","±41","8.6%","±3.6","128","±58","10.6%","±4.6","148","±65","14.2%","±5.5","524","±139","15.2%","±3.9","250","±152","11.1%","±6.5","152","±80","8.4%","±4.6","227","±73","15.1%","±4.7","172","±50","11.6%","±3.2","136","±46","6.6%","±2.2","0","±12","-","**"
"    Females 15 years and over","1,241","±86","1,241","(X)","1,038","±122","1,038","(X)","1,397","±122","1,397","(X)","1,268","±149","1,268","(X)","3,141","±180","3,141","(X)","2,580","±234","2,580","(X)","1,943","±120","1,943","(X)","1,523","±113","1,523","(X)","1,390","±129","1,390","(X)","1,827","±116","1,827","(X)","0","±12","0","(X)"
"        Never married","241","±72","19.4%","±5.3","332","±111","32.0%","±8.0","394","±100","28.2%","±6.5","348","±149","27.4%","±10.0","1,005","±156","32.0%","±4.9","704","±205","27.3%","±6.9","422","±97","21.7%","±4.5","391","±105","25.7%","±6.3","235","±83","16.9%","±5.2","286","±70","15.7%","±3.4","0","±12","-","**"
"        Now married, except separated","785","±81","63.3%","±7.3","556","±71","53.6%","±8.0","627","±83","44.9%","±6.8","492","±86","38.8%","±8.4","1,232","±176","39.2%","±5.0","947","±170","36.7%","±6.5","1,032","±140","53.1%","±6.6","723","±114","47.5%","±6.8","778","±95","56.0%","±6.2","1,159","±108","63.4%","±6.0","0","±12","-","**"
"        Separated","22","±27","1.8%","±2.2","15","±35","1.4%","±3.3","6","±9","0.4%","±0.6","26","±31","2.1%","±2.5","146","±65","4.6%","±2.1","141","±121","5.5%","±4.7","55","±42","2.8%","±2.2","74","±46","4.9%","±3.0","61","±49","4.4%","±3.5","50","±43","2.7%","±2.4","0","±12","-","**"
"        Widowed","126","±61","10.2%","±4.5","73","±43","7.0%","±4.2","121","±52","8.7%","±3.7","231","±91","18.2%","±6.4","226","±73","7.2%","±2.3","297","±125","11.5%","±4.7","148","±64","7.6%","±3.2","66","±33","4.3%","±2.2","102","±35","7.3%","±2.4","115","±56","6.3%","±3.0","0","±12","-","**"
"        Divorced","67","±35","5.4%","±2.9","62","±34","6.0%","±3.4","249","±102","17.8%","±6.4","171","±50","13.5%","±4.2","532","±125","16.9%","±3.7","491","±172","19.0%","±6.3","286","±100","14.7%","±5.1","269","±82","17.7%","±5.4","214","±54","15.4%","±3.8","217","±73","11.9%","±3.8","0","±12","-","**"
"FERTILITY","","","","","","","","","","","","","","","","","","","","","","","","","","","","","","","","","","","","","","","","","","","",""
"    Number of women 15 to 50 years old who had a birth in the past 12 months","40","±31","40","(X)","30","±26","30","(X)","7","±11","7","(X)","10","±17","10","(X)","140","±83","140","(X)","17","±29","17","(X)","35","±30","35","(X)","67","±59","67","(X)","16","±12","16","(X)","15","±13","15","(X)","0","±12","0","(X)"
"        Unmarried women (widowed, divorced, and never married)","0","±12","0.0%","±46.9","11","±14","36.7%","±39.4","7","±11","100.0%","±100.0","0","±12","0.0%","±93.8","86","±77","61.4%","±29.3","0","±17","0.0%","±71.9","13","±16","37.1%","±38.9","24","±27","35.8%","±42.1","6","±9","37.5%","±43.6","0","±12","0.0%","±76.6","0","±12","-","**"
"            Per 1,000 unmarried women","0","±135","(X)","(X)","31","±40","(X)","(X)","16","±27","(X)","(X)","0","±91","(X)","(X)","78","±68","(X)","(X)","0","±41","(X)","(X)","28","±38","(X)","(X)","54","±59","(X)","(X)","19","±28","(X)","(X)","0","±83","(X)","(X)","-","**","(X)","(X)"
"        Per 1,000 women 15 to 50 years old","66","±53","(X)","(X)","51","±43","(X)","(X)","9","±16","(X)","(X)","18","±31","(X)","(X)","82","±48","(X)","(X)","12","±20","(X)","(X)","41","±35","(X)","(X)","85","±71","(X)","(X)","24","±18","(X)","(X)","18","±16","(X)","(X)","-","**","(X)","(X)"
"        Per 1,000 women 15 to 19 years old","0","±261","(X)","(X)","0","±165","(X)","(X)","0","±237","(X)","(X)","0","±332","(X)","(X)","0","±324","(X)","(X)","0","±128","(X)","(X)","0","±233","(X)","(X)","118","±186","(X)","(X)","0","±265","(X)","(X)","0","±287","(X)","(X)","-","**","(X)","(X)"
"        Per 1,000 women 20 to 34 years old","165","±126","(X)","(X)","128","±122","(X)","(X)","21","±35","(X)","(X)","40","±72","(X)","(X)","147","±87","(X)","(X)","30","±52","(X)","(X)","98","±81","(X)","(X)","151","±141","(X)","(X)","58","±51","(X)","(X)","32","±39","(X)","(X)","-","**","(X)","(X)"
"        Per 1,000 women 35 to 50 years old","26","±44","(X)","(X)","19","±33","(X)","(X)","0","±102","(X)","(X)","0","±125","(X)","(X)","12","±11","(X)","(X)","0","±50","(X)","(X)","0","±82","(X)","(X)","0","±94","(X)","(X)","6","±8","(X)","(X)","14","±20","(X)","(X)","-","**","(X)","(X)"
"GRANDPARENTS","","","","","","","","","","","","","","","","","","","","","","","","","","","","","","","","","","","","","","","","","","","",""
"    Number of grandparents living with own grandchildren under 18 years","65","±53","65","(X)","24","±23","24","(X)","16","±18","16","(X)","17","±20","17","(X)","122","±87","122","(X)","217","±119","217","(X)","139","±74","139","(X)","114","±60","114","(X)","21","±19","21","(X)","114","±63","114","(X)","0","±12","0","(X)"
"        Grandparents responsible for grandchildren","30","±33","46.2%","±28.5","18","±21","75.0%","±38.1","7","±10","43.8%","±54.6","10","±15","58.8%","±58.5","77","±69","63.1%","±35.4","79","±79","36.4%","±27.0","54","±45","38.8%","±17.9","57","±54","50.0%","±34.7","17","±18","81.0%","±40.1","35","±33","30.7%","±25.4","0","±12","-","**"
"        Years responsible for grandchildren","","","","","","","","","","","","","","","","","","","","","","","","","","","","","","","","","","","","","","","","","","","",""
"            Less than 1 year","0","±12","0.0%","±36.7","2","±5","8.3%","±20.0","0","±12","0.0%","±74.1","0","±12","0.0%","±71.9","30","±51","24.6%","±35.9","0","±17","0.0%","±13.9","0","±12","0.0%","±20.7","32","±47","28.1%","±34.4","0","±12","0.0%","±64.7","12","±17","10.5%","±16.6","0","±12","-","**"
"            1 or 2 years","0","±12","0.0%","±36.7","0","±12","0.0%","±60.5","0","±12","0.0%","±74.1","10","±15","58.8%","±58.5","0","±17","0.0%","±23.1","0","±17","0.0%","±13.9","48","±45","34.5%","±20.4","0","±12","0.0%","±24.4","11","±15","52.4%","±51.5","5","±7","4.4%","±6.9","0","±12","-","**"
"            3 or 4 years","0","±12","0.0%","±36.7","0","±12","0.0%","±60.5","0","±12","0.0%","±74.1","0","±12","0.0%","±71.9","35","±45","28.7%","±33.4","0","±17","0.0%","±13.9","6","±10","4.3%","±8.5","18","±26","15.8%","±22.5","6","±9","28.6%","±40.7","0","±12","0.0%","±24.4","0","±12","-","**"
"            5 or more years","30","±33","46.2%","±28.5","16","±19","66.7%","±43.6","7","±10","43.8%","±54.6","0","±12","0.0%","±71.9","12","±14","9.8%","±14.0","79","±79","36.4%","±27.0","0","±12","0.0%","±20.7","7","±13","6.1%","±12.2","0","±12","0.0%","±64.7","18","±27","15.8%","±21.0","0","±12","-","**"
"    Number of grandparents responsible for own grandchildren under 18 years","30","±33","30","(X)","18","±21","18","(X)","7","±10","7","(X)","10","±15","10","(X)","77","±69","77","(X)","79","±79","79","(X)","54","±45","54","(X)","57","±54","57","(X)","17","±18","17","(X)","35","±33","35","(X)","0","±12","0","(X)"
"        Who are female","6","±10","20.0%","±27.9","11","±13","61.1%","±30.4","7","±10","100.0%","±100.0","10","±15","100.0%","±93.8","62","±62","80.5%","±23.5","53","±65","67.1%","±39.3","51","±45","94.4%","±15.0","30","±30","52.6%","±11.6","8","±9","47.1%","±10.1","15","±16","42.9%","±13.1","0","±12","-","**"
"        Who are married","30","±33","100.0%","±54.1","13","±19","72.2%","±51.7","7","±10","100.0%","±100.0","0","±12","0.0%","±93.8","22","±21","28.6%","±30.2","26","±33","32.9%","±39.3","16","±19","29.6%","±46.5","25","±29","43.9%","±48.8","17","±18","100.0%","±71.9","35","±33","100.0%","±50.1","0","±12","-","**"
"SCHOOL ENROLLMENT","","","","","","","","","","","","","","","","","","","","","","","","","","","","","","","","","","","","","","","","","","","",""
"    Population 3 years and over enrolled in school","632","±80","632","(X)","584","±116","584","(X)","785","±127","785","(X)","404","±107","404","(X)","794","±225","794","(X)","1,520","±262","1,520","(X)","762","±120","762","(X)","750","±140","750","(X)","773","±143","773","(X)","929","±129","929","(X)","0","±12","0","(X)"
"        Nursery school, preschool","29","±23","4.6%","±3.7","17","±19","2.9%","±3.5","69","±35","8.8%","±4.8","43","±44","10.6%","±10.2","28","±21","3.5%","±2.9","90","±96","5.9%","±6.2","49","±35","6.4%","±4.6","105","±52","14.0%","±6.6","7","±12","0.9%","±1.6","53","±45","5.7%","±4.8","0","±12","-","**"
"        Kindergarten","30","±25","4.7%","±3.9","28","±31","4.8%","±5.2","49","±33","6.2%","±4.0","0","±12","0.0%","±7.7","20","±19","2.5%","±2.5","29","±32","1.9%","±2.1","25","±19","3.3%","±2.4","38","±25","5.1%","±3.4","29","±20","3.8%","±2.8","38","±25","4.1%","±2.9","0","±12","-","**"
"        Elementary school (grades 1-8)","324","±72","51.3%","±10.0","234","±63","40.1%","±11.3","364","±82","46.4%","±9.2","154","±69","38.1%","±12.6","291","±107","36.6%","±10.3","610","±146","40.1%","±7.5","349","±77","45.8%","±9.1","343","±103","45.7%","±8.9","411","±109","53.2%","±8.8","392","±63","42.2%","±6.7","0","±12","-","**"
"        High school (grades 9-12)","205","±58","32.4%","±7.5","216","±90","37.0%","±11.1","172","±77","21.9%","±9.0","172","±63","42.6%","±13.3","215","±97","27.1%","±10.2","569","±140","37.4%","±7.8","169","±63","22.2%","±7.4","128","±49","17.1%","±6.0","217","±63","28.1%","±6.5","162","±64","17.4%","±6.4","0","±12","-","**"
"        College or graduate school","44","±31","7.0%","±4.6","89","±48","15.2%","±7.0","131","±75","16.7%","±8.1","35","±27","8.7%","±6.8","240","±123","30.2%","±10.9","222","±132","14.6%","±7.6","170","±65","22.3%","±6.4","136","±58","18.1%","±7.1","109","±59","14.1%","±7.3","284","±99","30.6%","±7.8","0","±12","-","**"
"EDUCATIONAL ATTAINMENT","","","","","","","","","","","","","","","","","","","","","","","","","","","","","","","","","","","","","","","","","","","",""
"    Population 25 years and over","2,219","±130","2,219","(X)","1,608","±126","1,608","(X)","2,254","±123","2,254","(X)","2,065","±128","2,065","(X)","5,658","±264","5,658","(X)","3,895","±243","3,895","(X)","3,266","±188","3,266","(X)","2,676","±162","2,676","(X)","2,463","±181","2,463","(X)","3,395","±177","3,395","(X)","0","±12","0","(X)"
"        Less than 9th grade","144","±91","6.5%","±4.3","21","±21","1.3%","±1.3","43","±35","1.9%","±1.5","50","±62","2.4%","±3.0","181","±64","3.2%","±1.1","254","±136","6.5%","±3.5","45","±26","1.4%","±0.8","22","±24","0.8%","±0.9","106","±47","4.3%","±2.0","85","±37","2.5%","±1.1","0","±12","-","**"
"        9th to 12th grade, no diploma","104","±54","4.7%","±2.4","54","±30","3.4%","±1.8","107","±59","4.7%","±2.7","295","±139","14.3%","±6.6","711","±163","12.6%","±2.8","463","±221","11.9%","±5.5","209","±92","6.4%","±2.7","272","±83","10.2%","±3.2","296","±109","12.0%","±4.2","158","±52","4.7%","±1.5","0","±12","-","**"
"        High school graduate (includes equivalency)","774","±143","34.9%","±5.4","625","±108","38.9%","±5.8","742","±138","32.9%","±5.8","636","±131","30.8%","±5.9","2,330","±264","41.2%","±4.2","1,600","±283","41.1%","±6.2","1,464","±175","44.8%","±4.6","991","±147","37.0%","±5.2","965","±136","39.2%","±4.9","1,173","±145","34.6%","±4.3","0","±12","-","**"
"        Some college, no degree","508","±112","22.9%","±4.6","325","±67","20.2%","±3.7","517","±168","22.9%","±7.1","560","±118","27.1%","±5.9","990","±173","17.5%","±3.0","677","±185","17.4%","±4.7","685","±120","21.0%","±3.8","636","±159","23.8%","±5.7","504","±105","20.5%","±3.9","855","±141","25.2%","±3.8","0","±12","-","**"
"        Associate's degree","275","±91","12.4%","±4.1","212","±89","13.2%","±5.5","372","±91","16.5%","±4.0","232","±86","11.2%","±4.1","672","±160","11.9%","±2.8","457","±196","11.7%","±5.1","348","±89","10.7%","±2.6","353","±103","13.2%","±3.8","237","±65","9.6%","±2.6","388","±98","11.4%","±2.7","0","±12","-","**"
"        Bachelor's degree","315","±90","14.2%","±4.1","203","±55","12.6%","±3.3","271","±88","12.0%","±3.9","238","±94","11.5%","±4.5","495","±119","8.7%","±2.1","294","±124","7.5%","±3.3","352","±97","10.8%","±2.9","213","±69","8.0%","±2.5","228","±66","9.3%","±2.6","412","±85","12.1%","±2.4","0","±12","-","**"
"        Graduate or professional degree","99","±54","4.5%","±2.4","168","±57","10.4%","±3.5","202","±85","9.0%","±3.8","54","±39","2.6%","±1.9","279","±100","4.9%","±1.7","150","±90","3.9%","±2.3","163","±66","5.0%","±2.0","189","±102","7.1%","±3.8","127","±44","5.2%","±1.8","324","±79","9.5%","±2.3","0","±12","-","**"
"        High school graduate or higher","1,971","±182","88.8%","±4.1","1,533","±123","95.3%","±2.0","2,104","±149","93.3%","±2.9","1,720","±166","83.3%","±7.2","4,766","±281","84.2%","±3.1","3,178","±282","81.6%","±5.7","3,012","±190","92.2%","±2.9","2,382","±182","89.0%","±3.4","2,061","±176","83.7%","±4.4","3,152","±177","92.8%","±1.9","0","±12","-","**"
"        Bachelor's degree or higher","414","±123","18.7%","±5.5","371","±78","23.1%","±4.7","473","±145","21.0%","±6.4","292","±100","14.1%","±4.8","774","±156","13.7%","±2.6","444","±141","11.4%","±3.7","515","±132","15.8%","±3.8","402","±123","15.0%","±4.4","355","±80","14.4%","±3.1","736","±129","21.7%","±3.6","0","±12","-","**"
"VETERAN STATUS","","","","","","","","","","","","","","","","","","","","","","","","","","","","","","","","","","","","","","","","","","","",""
"    Civilian population 18 years and over","2,376","±136","2,376","(X)","1,922","±145","1,922","(X)","2,454","±109","2,454","(X)","2,132","±132","2,132","(X)","6,535","±231","6,535","(X)","4,432","±270","4,432","(X)","3,624","±162","3,624","(X)","2,944","±167","2,944","(X)","2,688","±180","2,688","(X)","3,720","±194","3,720","(X)","0","±12","0","(X)"
"        Civilian veterans","234","±89","9.8%","±3.6","180","±48","9.4%","±2.4","138","±58","5.6%","±2.4","160","±57","7.5%","±2.7","659","±161","10.1%","±2.3","370","±172","8.3%","±3.9","304","±85","8.4%","±2.4","292","±87","9.9%","±2.8","330","±95","12.3%","±3.2","372","±107","10.0%","±2.9","0","±12","-","**"
"DISABILITY STATUS OF THE CIVILIAN NONINSTITUTIONALIZED POPULATION","","","","","","","","","","","","","","","","","","","","","","","","","","","","","","","","","","","","","","","","","","","",""
"    Total Civilian Noninstitutionalized Population","3,159","±17","3,159","(X)","2,450","±174","2,450","(X)","3,193","±24","3,193","(X)","2,485","±195","2,485","(X)","4,923","±415","4,923","(X)","5,742","±269","5,742","(X)","4,474","±148","4,474","(X)","3,757","±158","3,757","(X)","3,493","±215","3,493","(X)","4,524","±217","4,524","(X)","0","±12","0","(X)"
"        With a disability","545","±148","17.3%","±4.7","326","±70","13.3%","±2.8","554","±138","17.4%","±4.3","525","±138","21.1%","±6.0","1,016","±225","20.6%","±4.4","1,214","±313","21.1%","±5.4","551","±117","12.3%","±2.6","491","±104","13.1%","±2.7","418","±86","12.0%","±2.4","657","±137","14.5%","±3.0","0","±12","-","**"
"    Under 18 years","783","±133","783","(X)","528","±77","528","(X)","785","±109","785","(X)","499","±131","499","(X)","775","±174","775","(X)","1,412","±222","1,412","(X)","850","±92","850","(X)","813","±117","813","(X)","805","±137","805","(X)","804","±100","804","(X)","0","±12","0","(X)"
"        With a disability","79","±61","10.1%","±8.4","9","±12","1.7%","±2.3","68","±52","8.7%","±6.6","39","±35","7.8%","±7.3","54","±38","7.0%","±4.9","287","±214","20.3%","±15.4","21","±25","2.5%","±2.9","73","±61","9.0%","±7.5","7","±8","0.9%","±1.0","49","±40","6.1%","±4.8","0","±12","-","**"
"    18 to 64 years","1,912","±106","1,912","(X)","1,527","±141","1,527","(X)","1,940","±120","1,940","(X)","1,486","±148","1,486","(X)","3,228","±321","3,228","(X)","3,251","±284","3,251","(X)","2,776","±165","2,776","(X)","2,320","±155","2,320","(X)","2,082","±136","2,082","(X)","2,840","±169","2,840","(X)","0","±12","0","(X)"
"        With a disability","293","±84","15.3%","±4.1","147","±46","9.6%","±2.9","298","±99","15.4%","±5.3","250","±91","16.8%","±6.1","621","±202","19.2%","±6.0","317","±168","9.8%","±5.0","293","±98","10.6%","±3.4","209","±68","9.0%","±2.8","255","±64","12.2%","±2.9","347","±92","12.2%","±3.3","0","±12","-","**"
"    65 years and over","464","±79","464","(X)","395","±54","395","(X)","468","±74","468","(X)","500","±67","500","(X)","920","±173","920","(X)","1,079","±229","1,079","(X)","848","±128","848","(X)","624","±137","624","(X)","606","±104","606","(X)","880","±125","880","(X)","0","±12","0","(X)"
"        With a disability","173","±58","37.3%","±9.7","170","±48","43.0%","±10.8","188","±56","40.2%","±10.2","236","±82","47.2%","±12.9","341","±123","37.1%","±10.2","610","±183","56.5%","±10.2","237","±67","27.9%","±6.4","209","±81","33.5%","±9.9","156","±54","25.7%","±6.9","261","±74","29.7%","±7.8","0","±12","-","**"
"RESIDENCE 1 YEAR AGO","","","","","","","","","","","","","","","","","","","","","","","","","","","","","","","","","","","","","","","","","","","",""
"    Population 1 year and over","3,113","±39","3,113","(X)","2,425","±170","2,425","(X)","3,239","±19","3,239","(X)","2,624","±177","2,624","(X)","7,171","±308","7,171","(X)","5,828","±253","5,828","(X)","4,436","±151","4,436","(X)","3,723","±158","3,723","(X)","3,504","±222","3,504","(X)","4,503","±219","4,503","(X)","0","±12","0","(X)"
"        Same house","2,906","±158","93.4%","±5.0","2,152","±161","88.7%","±5.0","2,970","±121","91.7%","±3.8","2,391","±215","91.1%","±4.9","5,454","±352","76.1%","±4.4","5,220","±323","89.6%","±4.0","4,078","±173","91.9%","±3.2","3,480","±188","93.5%","±3.3","3,100","±232","88.5%","±4.5","4,173","±240","92.7%","±2.4","0","±12","-","**"
"        Different house in the U.S.","207","±155","6.6%","±5.0","266","±127","11.0%","±5.0","269","±123","8.3%","±3.8","233","±128","8.9%","±4.9","1,703","±340","23.7%","±4.4","608","±236","10.4%","±4.0","271","±109","6.1%","±2.4","223","±124","6.0%","±3.3","399","±163","11.4%","±4.5","330","±106","7.3%","±2.4","0","±12","-","**"
"            Same county","96","±81","3.1%","±2.6","28","±41","1.2%","±1.7","185","±117","5.7%","±3.6","184","±111","7.0%","±4.3","467","±300","6.5%","±4.1","478","±225","8.2%","±3.8","180","±98","4.1%","±2.2","118","±65","3.2%","±1.7","301","±151","8.6%","±4.2","103","±76","2.3%","±1.7","0","±12","-","**"
"            Different county","111","±128","3.6%","±4.1","238","±127","9.8%","±5.0","84","±57","2.6%","±1.8","49","±48","1.9%","±1.8","1,236","±175","17.2%","±2.6","130","±84","2.2%","±1.4","91","±61","2.1%","±1.4","105","±85","2.8%","±2.3","98","±57","2.8%","±1.6","227","±93","5.0%","±2.1","0","±12","-","**"
"                Same state","101","±127","3.2%","±4.1","201","±108","8.3%","±4.3","84","±57","2.6%","±1.8","49","±48","1.9%","±1.8","1,211","±172","16.9%","±2.6","78","±62","1.3%","±1.1","80","±56","1.8%","±1.3","99","±84","2.7%","±2.3","49","±44","1.4%","±1.2","213","±91","4.7%","±2.0","0","±12","-","**"
"                Different state","10","±12","0.3%","±0.4","37","±28","1.5%","±1.1","0","±12","0.0%","±1.0","0","±12","0.0%","±1.2","25","±27","0.3%","±0.4","52","±55","0.9%","±0.9","11","±19","0.2%","±0.4","6","±10","0.2%","±0.3","49","±34","1.4%","±1.0","14","±16","0.3%","±0.4","0","±12","-","**"
"        Abroad","0","±12","0.0%","±1.0","7","±11","0.3%","±0.5","0","±12","0.0%","±1.0","0","±12","0.0%","±1.2","14","±14","0.2%","±0.2","0","±17","0.0%","±0.6","87","±82","2.0%","±1.8","20","±21","0.5%","±0.6","5","±7","0.1%","±0.2","0","±12","0.0%","±0.7","0","±12","-","**"
"PLACE OF BIRTH","","","","","","","","","","","","","","","","","","","","","","","","","","","","","","","","","","","","","","","","","","","",""
"    Total population","3,159","±17","3,159","(X)","2,450","±174","2,450","(X)","3,239","±19","3,239","(X)","2,631","±177","2,631","(X)","7,310","±299","7,310","(X)","5,844","±254","5,844","(X)","4,474","±148","4,474","(X)","3,757","±158","3,757","(X)","3,516","±222","3,516","(X)","4,524","±217","4,524","(X)","0","±12","0","(X)"
"        Native","3,152","±20","99.8%","±0.3","2,377","±175","97.0%","±1.6","3,141","±60","97.0%","±1.7","2,608","±174","99.1%","±0.9","7,028","±317","96.1%","±1.1","5,488","±345","93.9%","±2.9","4,381","±139","97.9%","±1.0","3,621","±165","96.4%","±2.3","3,491","±226","99.3%","±0.7","4,409","±215","97.5%","±1.2","0","±12","-","**"
"            Born in United States","3,152","±20","99.8%","±0.3","2,361","±174","96.4%","±1.7","3,105","±66","95.9%","±1.9","2,229","±186","84.7%","±5.8","6,906","±315","94.5%","±1.5","5,466","±342","93.5%","±2.9","4,311","±157","96.4%","±1.6","3,621","±165","96.4%","±2.3","3,480","±224","99.0%","±0.8","4,362","±220","96.4%","±1.7","0","±12","-","**"
"                State of residence","2,809","±205","88.9%","±6.4","2,094","±161","85.5%","±3.2","2,748","±135","84.8%","±4.1","2,101","±181","79.9%","±6.0","5,971","±351","81.7%","±4.1","4,776","±364","81.7%","±4.3","3,823","±184","85.4%","±3.2","3,180","±197","84.6%","±4.4","2,861","±237","81.4%","±4.8","3,798","±229","84.0%","±2.6","0","±12","-","**"
"                Different state","343","±204","10.9%","±6.4","267","±74","10.9%","±2.8","357","±127","11.0%","±3.9","128","±66","4.9%","±2.5","935","±278","12.8%","±3.6","690","±202","11.8%","±3.4","488","±127","10.9%","±2.8","441","±117","11.7%","±3.0","619","±176","17.6%","±4.8","564","±110","12.5%","±2.5","0","±12","-","**"
"            Born in Puerto Rico, U.S. Island areas, or born abroad to American parent(s)","0","±12","0.0%","±1.0","16","±19","0.7%","±0.8","36","±44","1.1%","±1.4","379","±158","14.4%","±5.7","122","±69","1.7%","±0.9","22","±28","0.4%","±0.5","70","±60","1.6%","±1.4","0","±12","0.0%","±0.9","11","±11","0.3%","±0.3","47","±45","1.0%","±1.0","0","±12","-","**"
"        Foreign born","7","±10","0.2%","±0.3","73","±41","3.0%","±1.6","98","±55","3.0%","±1.7","23","±24","0.9%","±0.9","282","±82","3.9%","±1.1","356","±165","6.1%","±2.9","93","±46","2.1%","±1.0","136","±86","3.6%","±2.3","25","±26","0.7%","±0.7","115","±55","2.5%","±1.2","0","±12","-","**"
"U.S. CITIZENSHIP STATUS","","","","","","","","","","","","","","","","","","","","","","","","","","","","","","","","","","","","","","","","","","","",""
"    Foreign-born population","7","±10","7","(X)","73","±41","73","(X)","98","±55","98","(X)","23","±24","23","(X)","282","±82","282","(X)","356","±165","356","(X)","93","±46","93","(X)","136","±86","136","(X)","25","±26","25","(X)","115","±55","115","(X)","0","±12","0","(X)"
"        Naturalized U.S. citizen","3","±6","42.9%","±57.1","10","±13","13.7%","±18.2","59","±41","60.2%","±28.7","14","±18","60.9%","±50.4","150","±68","53.2%","±15.4","172","±128","48.3%","±28.9","69","±36","74.2%","±23.0","49","±43","36.0%","±29.2","23","±24","92.0%","±17.8","88","±52","76.5%","±17.2","0","±12","-","**"
"        Not a U.S. citizen","4","±8","57.1%","±57.1","63","±40","86.3%","±18.2","39","±36","39.8%","±28.7","9","±15","39.1%","±50.4","132","±51","46.8%","±15.4","184","±129","51.7%","±28.9","24","±27","25.8%","±23.0","87","±76","64.0%","±29.2","2","±5","8.0%","±17.8","27","±20","23.5%","±17.2","0","±12","-","**"
"YEAR OF ENTRY","","","","","","","","","","","","","","","","","","","","","","","","","","","","","","","","","","","","","","","","","","","",""
"    Population born outside the United States","7","±10","7","(X)","89","±42","89","(X)","134","±62","134","(X)","402","±162","402","(X)","404","±107","404","(X)","378","±166","378","(X)","163","±71","163","(X)","136","±86","136","(X)","36","±28","36","(X)","162","±77","162","(X)","0","±12","0","(X)"
"        Native","0","±12","0","(X)","16","±19","16","(X)","36","±44","36","(X)","379","±158","379","(X)","122","±69","122","(X)","22","±28","22","(X)","70","±60","70","(X)","0","±12","0","(X)","11","±11","11","(X)","47","±45","47","(X)","0","±12","0","(X)"
"            Entered 2010 or later","0","±12","-","**","0","±12","0.0%","±74.1","0","±12","0.0%","±49.4","218","±179","57.5%","±33.7","0","±17","0.0%","±23.1","0","±17","0.0%","±63.2","0","±12","0.0%","±35.1","0","±12","-","**","0","±12","0.0%","±89.4","11","±19","23.4%","±38.7","0","±12","-","**"
"            Entered before 2010","0","±12","-","**","16","±19","100.0%","±74.1","36","±44","100.0%","±49.4","161","±107","42.5%","±33.7","122","±69","100.0%","±23.1","22","±28","100.0%","±63.2","70","±60","100.0%","±35.1","0","±12","-","**","11","±11","100.0%","±89.4","36","±40","76.6%","±38.7","0","±12","-","**"
"        Foreign born","7","±10","7","(X)","73","±41","73","(X)","98","±55","98","(X)","23","±24","23","(X)","282","±82","282","(X)","356","±165","356","(X)","93","±46","93","(X)","136","±86","136","(X)","25","±26","25","(X)","115","±55","115","(X)","0","±12","0","(X)"
"            Entered 2010 or later","0","±12","0.0%","±100.0","21","±24","28.8%","±32.1","18","±28","18.4%","±26.3","0","±12","0.0%","±61.8","17","±18","6.0%","±5.8","31","±53","8.7%","±13.9","15","±24","16.1%","±22.4","37","±41","27.2%","±24.2","0","±12","0.0%","±59.3","28","±31","24.3%","±22.9","0","±12","-","**"
"            Entered before 2010","7","±10","100.0%","±100.0","52","±40","71.2%","±32.1","80","±49","81.6%","±26.3","23","±24","100.0%","±61.8","265","±76","94.0%","±5.8","325","±153","91.3%","±13.9","78","±38","83.9%","±22.4","99","±68","72.8%","±24.2","25","±26","100.0%","±59.3","87","±45","75.7%","±22.9","0","±12","-","**"
"WORLD REGION OF BIRTH OF FOREIGN BORN","","","","","","","","","","","","","","","","","","","","","","","","","","","","","","","","","","","","","","","","","","","",""
"    Foreign-born population, excluding population born at sea","7","±10","7","(X)","73","±41","73","(X)","98","±55","98","(X)","23","±24","23","(X)","282","±82","282","(X)","356","±165","356","(X)","93","±46","93","(X)","136","±86","136","(X)","25","±26","25","(X)","115","±55","115","(X)","0","±12","0","(X)"
"        Europe","0","±12","0.0%","±100.0","8","±12","11.0%","±15.2","26","±32","26.5%","±27.4","9","±15","39.1%","±50.4","46","±32","16.3%","±10.5","28","±32","7.9%","±10.1","31","±22","33.3%","±23.0","2","±4","1.5%","±3.0","14","±17","56.0%","±39.0","50","±33","43.5%","±22.3","0","±12","-","**"
"        Asia","4","±8","57.1%","±57.1","16","±15","21.9%","±20.0","68","±45","69.4%","±29.4","9","±14","39.1%","±50.7","111","±61","39.4%","±15.9","4","±9","1.1%","±2.7","53","±41","57.0%","±26.3","28","±39","20.6%","±26.6","0","±12","0.0%","±59.3","11","±17","9.6%","±14.8","0","±12","-","**"
"        Africa","0","±12","0.0%","±100.0","6","±12","8.2%","±16.3","4","±8","4.1%","±8.8","0","±12","0.0%","±61.8","5","±7","1.8%","±2.5","63","±103","17.7%","±25.9","0","±12","0.0%","±28.7","0","±12","0.0%","±21.1","0","±12","0.0%","±59.3","0","±12","0.0%","±24.3","0","±12","-","**"
"        Oceania","0","±12","0.0%","±100.0","0","±12","0.0%","±34.1","0","±12","0.0%","±27.6","0","±12","0.0%","±61.8","0","±17","0.0%","±10.9","0","±17","0.0%","±8.7","0","±12","0.0%","±28.7","0","±12","0.0%","±21.1","0","±12","0.0%","±59.3","0","±12","0.0%","±24.3","0","±12","-","**"
"        Latin America","3","±6","42.9%","±57.1","14","±19","19.2%","±27.5","0","±12","0.0%","±27.6","0","±12","0.0%","±61.8","96","±44","34.0%","±14.8","255","±138","71.6%","±26.0","4","±8","4.3%","±8.0","88","±75","64.7%","±29.0","8","±16","32.0%","±35.9","34","±30","29.6%","±20.5","0","±12","-","**"
"        Northern America","0","±12","0.0%","±100.0","29","±32","39.7%","±31.2","0","±12","0.0%","±27.6","5","±11","21.7%","±47.1","24","±26","8.5%","±8.3","6","±13","1.7%","±4.0","5","±7","5.4%","±7.6","18","±21","13.2%","±16.8","3","±5","12.0%","±22.1","20","±22","17.4%","±17.5","0","±12","-","**"
"LANGUAGE SPOKEN AT HOME","","","","","","","","","","","","","","","","","","","","","","","","","","","","","","","","","","","","","","","","","","","",""
"    Population 5 years and over","2,953","±97","2,953","(X)","2,352","±176","2,352","(X)","3,078","±71","3,078","(X)","2,458","±157","2,458","(X)","6,995","±271","6,995","(X)","5,656","±244","5,656","(X)","4,160","±190","4,160","(X)","3,465","±189","3,465","(X)","3,390","±225","3,390","(X)","4,334","±218","4,334","(X)","0","±12","0","(X)"
"        English only","2,657","±225","90.0%","±5.8","2,240","±180","95.2%","±4.1","2,882","±149","93.6%","±3.9","2,124","±190","86.4%","±5.5","6,628","±290","94.8%","±1.3","5,240","±310","92.6%","±3.7","4,071","±195","97.9%","±1.2","3,167","±268","91.4%","±5.5","3,208","±245","94.6%","±2.8","4,251","±217","98.1%","±1.0","0","±12","-","**"
"        Language other than English","296","±167","10.0%","±5.8","112","±98","4.8%","±4.1","196","±118","6.4%","±3.9","334","±136","13.6%","±5.5","367","±89","5.2%","±1.3","416","±208","7.4%","±3.7","89","±48","2.1%","±1.2","298","±188","8.6%","±5.5","182","±95","5.4%","±2.8","83","±44","1.9%","±1.0","0","±12","-","**"
"            Speak English less than ""very well""","29","±24","1.0%","±0.8","19","±20","0.8%","±0.8","95","±83","3.1%","±2.7","276","±133","11.2%","±5.4","94","±49","1.3%","±0.7","146","±120","2.6%","±2.1","6","±9","0.1%","±0.2","130","±130","3.8%","±3.8","63","±46","1.9%","±1.4","30","±22","0.7%","±0.5","0","±12","-","**"
"        Spanish","32","±36","1.1%","±1.2","60","±76","2.6%","±3.2","67","±92","2.2%","±3.0","305","±131","12.4%","±5.3","226","±74","3.2%","±1.1","268","±165","4.7%","±2.9","13","±21","0.3%","±0.5","293","±189","8.5%","±5.5","22","±28","0.6%","±0.8","43","±34","1.0%","±0.8","0","±12","-","**"
"            Speak English less than ""very well""","14","±17","0.5%","±0.6","5","±11","0.2%","±0.5","57","±77","1.9%","±2.5","276","±133","11.2%","±5.4","40","±26","0.6%","±0.4","140","±120","2.5%","±2.1","0","±12","0.0%","±0.8","130","±130","3.8%","±3.8","3","±7","0.1%","±0.2","26","±19","0.6%","±0.4","0","±12","-","**"
"        Other Indo-European languages","260","±164","8.8%","±5.7","25","±19","1.1%","±0.8","84","±51","2.7%","±1.7","20","±28","0.8%","±1.1","41","±31","0.6%","±0.4","54","±54","1.0%","±1.0","42","±29","1.0%","±0.7","5","±6","0.1%","±0.2","160","±91","4.7%","±2.7","40","±25","0.9%","±0.6","0","±12","-","**"
"            Speak English less than ""very well""","11","±14","0.4%","±0.5","3","±6","0.1%","±0.3","9","±15","0.3%","±0.5","0","±12","0.0%","±1.3","21","±23","0.3%","±0.3","6","±13","0.1%","±0.2","4","±8","0.1%","±0.2","0","±12","0.0%","±0.9","60","±45","1.8%","±1.4","4","±6","0.1%","±0.1","0","±12","-","**"
"        Asian and Pacific Islander languages","4","±8","0.1%","±0.3","8","±13","0.3%","±0.6","41","±36","1.3%","±1.2","9","±14","0.4%","±0.6","66","±38","0.9%","±0.5","0","±17","0.0%","±0.6","17","±25","0.4%","±0.6","0","±12","0.0%","±0.9","0","±12","0.0%","±1.0","0","±12","0.0%","±0.7","0","±12","-","**"
"            Speak English less than ""very well""","4","±8","0.1%","±0.3","0","±12","0.0%","±1.4","29","±34","0.9%","±1.1","0","±12","0.0%","±1.3","33","±29","0.5%","±0.4","0","±17","0.0%","±0.6","2","±4","0.0%","±0.1","0","±12","0.0%","±0.9","0","±12","0.0%","±1.0","0","±12","0.0%","±0.7","0","±12","-","**"
"        Other languages","0","±12","0.0%","±1.1","19","±23","0.8%","±1.0","4","±8","0.1%","±0.3","0","±12","0.0%","±1.3","34","±26","0.5%","±0.4","94","±117","1.7%","±2.1","17","±24","0.4%","±0.6","0","±12","0.0%","±0.9","0","±12","0.0%","±1.0","0","±12","0.0%","±0.7","0","±12","-","**"
"            Speak English less than ""very well""","0","±12","0.0%","±1.1","11","±13","0.5%","±0.5","0","±12","0.0%","±1.0","0","±12","0.0%","±1.3","0","±17","0.0%","±0.5","0","±17","0.0%","±0.6","0","±12","0.0%","±0.8","0","±12","0.0%","±0.9","0","±12","0.0%","±1.0","0","±12","0.0%","±0.7","0","±12","-","**"
"ANCESTRY","","","","","","","","","","","","","","","","","","","","","","","","","","","","","","","","","","","","","","","","","","","",""
"    Total population","3,159","±17","3,159","(X)","2,450","±174","2,450","(X)","3,239","±19","3,239","(X)","2,631","±177","2,631","(X)","7,310","±299","7,310","(X)","5,844","±254","5,844","(X)","4,474","±148","4,474","(X)","3,757","±158","3,757","(X)","3,516","±222","3,516","(X)","4,524","±217","4,524","(X)","0","±12","0","(X)"
"        American","130","±89","4.1%","±2.8","85","±52","3.5%","±2.1","87","±90","2.7%","±2.8","121","±65","4.6%","±2.5","234","±90","3.2%","±1.2","218","±115","3.7%","±2.0","159","±100","3.6%","±2.2","152","±92","4.0%","±2.5","182","±96","5.2%","±2.8","188","±83","4.2%","±1.9","0","±12","-","**"
"        Arab","7","±12","0.2%","±0.4","5","±8","0.2%","±0.3","0","±12","0.0%","±1.0","6","±12","0.2%","±0.5","0","±17","0.0%","±0.4","0","±17","0.0%","±0.6","0","±12","0.0%","±0.7","0","±12","0.0%","±0.9","0","±12","0.0%","±0.9","0","±12","0.0%","±0.7","0","±12","-","**"
"        Czech","0","±12","0.0%","±1.0","0","±12","0.0%","±1.3","36","±44","1.1%","±1.4","0","±12","0.0%","±1.2","9","±12","0.1%","±0.2","0","±17","0.0%","±0.6","0","±12","0.0%","±0.7","0","±12","0.0%","±0.9","6","±10","0.2%","±0.3","0","±12","0.0%","±0.7","0","±12","-","**"
"        Danish","0","±12","0.0%","±1.0","0","±12","0.0%","±1.3","20","±27","0.6%","±0.8","0","±12","0.0%","±1.2","4","±8","0.1%","±0.1","0","±17","0.0%","±0.6","10","±15","0.2%","±0.3","22","±23","0.6%","±0.6","3","±5","0.1%","±0.1","14","±16","0.3%","±0.4","0","±12","-","**"
"        Dutch","96","±99","3.0%","±3.1","18","±18","0.7%","±0.7","212","±124","6.5%","±3.8","43","±31","1.6%","±1.2","350","±165","4.8%","±2.2","163","±152","2.8%","±2.6","106","±66","2.4%","±1.5","66","±40","1.8%","±1.1","55","±32","1.6%","±0.9","190","±84","4.2%","±1.8","0","±12","-","**"
"        English","506","±148","16.0%","±4.7","415","±107","16.9%","±4.4","537","±181","16.6%","±5.6","550","±171","20.9%","±6.7","1,007","±200","13.8%","±2.7","1,099","±459","18.8%","±7.7","796","±192","17.8%","±4.3","432","±110","11.5%","±3.0","577","±150","16.4%","±4.4","709","±123","15.7%","±2.6","0","±12","-","**"
"        French (except Basque)","130","±75","4.1%","±2.4","36","±23","1.5%","±0.9","65","±40","2.0%","±1.2","67","±43","2.5%","±1.6","273","±114","3.7%","±1.6","42","±51","0.7%","±0.9","170","±82","3.8%","±1.8","135","±62","3.6%","±1.7","57","±34","1.6%","±1.0","211","±93","4.7%","±2.0","0","±12","-","**"
"        French Canadian","102","±78","3.2%","±2.5","114","±83","4.7%","±3.5","86","±71","2.7%","±2.2","0","±12","0.0%","±1.2","20","±17","0.3%","±0.2","76","±70","1.3%","±1.2","66","±51","1.5%","±1.1","50","±48","1.3%","±1.3","46","±46","1.3%","±1.3","101","±48","2.2%","±1.1","0","±12","-","**"
"        German","877","±241","27.8%","±7.6","691","±151","28.2%","±5.8","705","±194","21.8%","±6.0","555","±151","21.1%","±5.6","1,364","±238","18.7%","±3.0","1,134","±340","19.4%","±5.7","1,049","±241","23.4%","±5.4","806","±209","21.5%","±5.6","986","±221","28.0%","±5.7","1,453","±217","32.1%","±4.5","0","±12","-","**"
"        Greek","0","±12","0.0%","±1.0","0","±12","0.0%","±1.3","10","±15","0.3%","±0.5","0","±12","0.0%","±1.2","31","±32","0.4%","±0.4","20","±32","0.3%","±0.6","0","±12","0.0%","±0.7","0","±12","0.0%","±0.9","10","±11","0.3%","±0.3","7","±11","0.2%","±0.2","0","±12","-","**"
"        Hungarian","0","±12","0.0%","±1.0","4","±6","0.2%","±0.3","9","±14","0.3%","±0.4","0","±12","0.0%","±1.2","3","±5","0.0%","±0.1","0","±17","0.0%","±0.6","28","±40","0.6%","±0.9","30","±40","0.8%","±1.1","59","±44","1.7%","±1.2","0","±12","0.0%","±0.7","0","±12","-","**"
"        Irish","346","±153","11.0%","±4.8","274","±106","11.2%","±4.3","435","±124","13.4%","±3.8","315","±155","12.0%","±5.9","998","±207","13.7%","±2.9","1,605","±422","27.5%","±6.8","914","±257","20.4%","±5.9","782","±209","20.8%","±5.5","528","±136","15.0%","±3.5","675","±164","14.9%","±3.5","0","±12","-","**"
"        Italian","162","±89","5.1%","±2.8","210","±83","8.6%","±3.4","328","±123","10.1%","±3.8","111","±65","4.2%","±2.5","797","±229","10.9%","±3.1","1,034","±403","17.7%","±7.0","950","±268","21.2%","±6.0","530","±184","14.1%","±4.8","252","±97","7.2%","±2.8","618","±146","13.7%","±3.1","0","±12","-","**"
"        Lithuanian","6","±10","0.2%","±0.3","5","±8","0.2%","±0.3","0","±12","0.0%","±1.0","0","±12","0.0%","±1.2","0","±17","0.0%","±0.4","0","±17","0.0%","±0.6","0","±12","0.0%","±0.7","3","±5","0.1%","±0.1","0","±12","0.0%","±0.9","19","±14","0.4%","±0.3","0","±12","-","**"
"        Norwegian","0","±12","0.0%","±1.0","42","±68","1.7%","±2.8","25","±41","0.8%","±1.2","7","±12","0.3%","±0.4","27","±37","0.4%","±0.5","42","±49","0.7%","±0.8","21","±22","0.5%","±0.5","20","±18","0.5%","±0.5","6","±9","0.2%","±0.3","6","±8","0.1%","±0.2","0","±12","-","**"
"        Polish","301","±116","9.5%","±3.7","338","±95","13.8%","±3.9","532","±177","16.4%","±5.5","185","±70","7.0%","±2.7","530","±247","7.3%","±3.2","269","±133","4.6%","±2.3","263","±116","5.9%","±2.6","198","±115","5.3%","±3.1","300","±175","8.5%","±4.7","303","±113","6.7%","±2.5","0","±12","-","**"
"        Portuguese","0","±12","0.0%","±1.0","0","±12","0.0%","±1.3","12","±18","0.4%","±0.6","0","±12","0.0%","±1.2","0","±17","0.0%","±0.4","0","±17","0.0%","±0.6","0","±12","0.0%","±0.7","16","±23","0.4%","±0.6","27","±47","0.8%","±1.3","0","±12","0.0%","±0.7","0","±12","-","**"
"        Russian","28","±38","0.9%","±1.2","4","±7","0.2%","±0.3","0","±12","0.0%","±1.0","0","±12","0.0%","±1.2","10","±15","0.1%","±0.2","15","±23","0.3%","±0.4","0","±12","0.0%","±0.7","10","±14","0.3%","±0.4","17","±18","0.5%","±0.5","14","±15","0.3%","±0.3","0","±12","-","**"
"        Scotch-Irish","49","±56","1.6%","±1.8","11","±13","0.4%","±0.5","41","±35","1.3%","±1.1","29","±31","1.1%","±1.2","7","±7","0.1%","±0.1","18","±28","0.3%","±0.5","31","±28","0.7%","±0.6","8","±12","0.2%","±0.3","16","±14","0.5%","±0.4","38","±40","0.8%","±0.9","0","±12","-","**"
"        Scottish","68","±44","2.2%","±1.4","30","±22","1.2%","±0.9","95","±48","2.9%","±1.5","40","±37","1.5%","±1.4","197","±161","2.7%","±2.2","70","±76","1.2%","±1.3","95","±66","2.1%","±1.5","59","±46","1.6%","±1.2","130","±46","3.7%","±1.3","88","±57","1.9%","±1.2","0","±12","-","**"
"        Slovak","0","±12","0.0%","±1.0","5","±8","0.2%","±0.3","24","±27","0.7%","±0.8","0","±12","0.0%","±1.2","3","±6","0.0%","±0.1","0","±17","0.0%","±0.6","0","±12","0.0%","±0.7","0","±12","0.0%","±0.9","0","±12","0.0%","±0.9","0","±12","0.0%","±0.7","0","±12","-","**"
"        Subsaharan African","0","±12","0.0%","±1.0","10","±19","0.4%","±0.8","4","±8","0.1%","±0.2","42","±96","1.6%","±3.7","299","±127","4.1%","±1.7","108","±116","1.8%","±2.0","0","±12","0.0%","±0.7","14","±18","0.4%","±0.5","0","±12","0.0%","±0.9","0","±12","0.0%","±0.7","0","±12","-","**"
"        Swedish","0","±12","0.0%","±1.0","5","±8","0.2%","±0.3","40","±27","1.2%","±0.8","6","±12","0.2%","±0.5","228","±126","3.1%","±1.7","13","±22","0.2%","±0.4","36","±27","0.8%","±0.6","59","±44","1.6%","±1.2","14","±13","0.4%","±0.4","100","±81","2.2%","±1.8","0","±12","-","**"
"        Swiss","192","±256","6.1%","±8.1","3","±6","0.1%","±0.2","0","±12","0.0%","±1.0","9","±13","0.3%","±0.5","3","±5","0.0%","±0.1","0","±17","0.0%","±0.6","0","±12","0.0%","±0.7","0","±12","0.0%","±0.9","89","±71","2.5%","±2.0","7","±11","0.2%","±0.2","0","±12","-","**"
"        Ukrainian","0","±12","0.0%","±1.0","27","±16","1.1%","±0.7","48","±63","1.5%","±1.9","0","±12","0.0%","±1.2","20","±21","0.3%","±0.3","0","±17","0.0%","±0.6","35","±25","0.8%","±0.5","52","±58","1.4%","±1.6","12","±14","0.3%","±0.4","17","±14","0.4%","±0.3","0","±12","-","**"
"        Welsh","6","±11","0.2%","±0.3","0","±12","0.0%","±1.3","17","±20","0.5%","±0.6","22","±25","0.8%","±1.0","64","±74","0.9%","±1.0","22","±36","0.4%","±0.6","20","±21","0.4%","±0.5","53","±44","1.4%","±1.2","15","±16","0.4%","±0.5","33","±26","0.7%","±0.6","0","±12","-","**"
"        West Indian (excluding Hispanic origin groups)","3","±6","0.1%","±0.2","8","±13","0.3%","±0.6","26","±38","0.8%","±1.2","0","±12","0.0%","±1.2","17","±16","0.2%","±0.2","164","±126","2.8%","±2.2","9","±15","0.2%","±0.3","6","±12","0.2%","±0.3","0","±12","0.0%","±0.9","0","±12","0.0%","±0.7","0","±12","-","**"
"COMPUTERS AND INTERNET USE","","","","","","","","","","","","","","","","","","","","","","","","","","","","","","","","","","","","","","","","","","","",""
"    Total households","1,295","±104","1,295","(X)","907","±83","907","(X)","1,447","±97","1,447","(X)","1,277","±99","1,277","(X)","2,151","±216","2,151","(X)","2,577","±206","2,577","(X)","1,929","±125","1,929","(X)","1,561","±113","1,561","(X)","1,470","±112","1,470","(X)","1,949","±119","1,949","(X)","0","±12","0","(X)"
"        With a computer","1,093","±120","84.4%","±5.9","788","±71","86.9%","±4.8","1,358","±101","93.8%","±3.5","1,065","±104","83.4%","±5.8","1,853","±210","86.1%","±5.5","2,134","±199","82.8%","±6.7","1,740","±111","90.2%","±2.8","1,361","±125","87.2%","±5.1","1,228","±97","83.5%","±4.3","1,813","±126","93.0%","±2.4","0","±12","-","**"
"        With a broadband Internet subscription","998","±123","77.1%","±6.7","674","±75","74.3%","±6.9","1,304","±105","90.1%","±4.7","1,018","±112","79.7%","±6.7","1,697","±206","78.9%","±5.9","1,973","±198","76.6%","±7.0","1,633","±117","84.7%","±4.8","1,214","±131","77.8%","±6.1","1,115","±106","75.9%","±5.1","1,742","±129","89.4%","±3.3","0","±12","-","**"